customer_id,state,gender,education,customer_lifetime_value,income,monthly_premium_auto,number_of_open_complaints,policy_type,vehicle_class,total_claim_amount
rb50392,washington,unknown,master,0.0,0.0,1000.0,0,personal auto,four-door car,2.704934
qz44356,arizona,f,bachelor,697953.59,0.0,94.0,0,personal auto,four-door car,1131.464935
ai49188,nevada,f,bachelor,1288743.17,48767.0,108.0,0,personal auto,two-door car,566.472247
ww63253,california,m,bachelor,764586.18,0.0,106.0,0,corporate auto,suv,529.881344
ga49547,washington,m,high school or below,536307.65,36357.0,68.0,0,personal auto,four-door car,17.269323
oc83172,oregon,f,bachelor,825629.78,62902.0,69.0,0,personal auto,two-door car,159.383042
xz87318,oregon,f,college,538089.86,55350.0,67.0,0,corporate auto,four-door car,321.6
cf85061,arizona,m,master,721610.03,0.0,101.0,0,corporate auto,four-door car,363.02968
dy87989,oregon,m,bachelor,2412750.4,14072.0,71.0,0,corporate auto,four-door car,511.2
bq94931,oregon,f,college,738817.81,28812.0,93.0,0,special auto,four-door car,425.527834
sx51350,california,m,college,473899.2,0.0,67.0,0,personal auto,four-door car,482.4
vq65197,california,unknown,college,819719.71,0.0,110.0,0,personal auto,suv,528.0
dp39365,california,unknown,master,879879.7,77026.0,110.0,2,corporate auto,four-door car,472.029737
sj95423,arizona,unknown,high school or below,881901.89,99845.0,110.0,1,corporate auto,suv,528.0
il66569,california,unknown,college,538443.17,83689.0,70.0,2,corporate auto,four-door car,307.139132
bw63560,oregon,unknown,bachelor,746313.94,24599.0,64.0,1,corporate auto,four-door car,42.920271
fv94802,nevada,unknown,high school or below,256686.78,25049.0,67.0,0,personal auto,two-door car,454.245098
oe15005,california,unknown,college,394524.16,28855.0,101.0,0,personal auto,suv,647.442031
wc83389,oregon,unknown,college,571033.31,51148.0,72.0,0,personal auto,four-door car,308.981664
fl50705,california,unknown,high school or below,816261.71,66140.0,101.0,0,corporate auto,four-door car,484.8
zk25313,oregon,unknown,high school or below,287205.13,57749.0,74.0,0,personal auto,two-door car,355.2
qk46697,washington,m,bachelor,617710.93,61040.0,79.0,1,personal auto,two-door car,20.382876
yh23384,arizona,unknown,bachelor,2412750.4,14072.0,71.0,0,personal auto,four-door car,511.2
tz98966,nevada,unknown,bachelor,245019.1,0.0,73.0,3,corporate auto,four-door car,554.376763
hm55802,california,unknown,bachelor,239210.79,17870.0,61.0,0,corporate auto,four-door car,439.2
fs42516,oregon,unknown,college,580206.6,97541.0,72.0,0,personal auto,four-door car,389.185006
us89481,california,unknown,bachelor,394637.21,0.0,111.0,0,personal auto,four-door car,799.2
hs14476,washington,m,college,916206.32,29723.0,80.0,0,personal auto,four-door car,20.985105
ge62437,arizona,unknown,college,1290256.01,86584.0,111.0,2,personal auto,four-door car,532.8
ej77678,oregon,unknown,master,323536.05,75690.0,80.0,1,personal auto,four-door car,384.0
sv85652,arizona,unknown,college,245458.35,23158.0,63.0,1,personal auto,four-door car,322.294043
ul64533,nevada,unknown,high school or below,1897545.61,65999.0,237.0,0,corporate auto,luxury,615.927769
pf41800,california,unknown,bachelor,471532.13,0.0,65.0,0,personal auto,four-door car,308.15089
hd95276,washington,f,college,473787.17,0.0,130.0,0,personal auto,suv,23.820158
sk67821,oregon,unknown,bachelor,493291.63,37260.0,62.0,0,corporate auto,four-door car,15.437681
yv55495,arizona,unknown,high school or below,574422.97,68987.0,71.0,0,personal auto,four-door car,204.475147
ky38074,california,unknown,bachelor,1389173.57,42305.0,117.0,0,personal auto,four-door car,561.6
dm79012,oregon,unknown,master,738097.67,65706.0,91.0,0,personal auto,four-door car,436.8
cm61827,oregon,unknown,bachelor,309003.41,0.0,90.0,0,personal auto,two-door car,648.0
wc35801,arizona,unknown,high school or below,252163.31,53243.0,66.0,2,personal auto,four-door car,157.397849
qg25316,nevada,unknown,high school or below,265206.18,0.0,70.0,1,corporate auto,two-door car,484.318536
mb98372,oregon,unknown,college,277104.5,50071.0,71.0,0,corporate auto,two-door car,18.918935
il19217,california,unknown,bachelor,393900.64,60021.0,99.0,0,personal auto,four-door car,882.871945
sr38658,arizona,unknown,high school or below,1223187.97,43244.0,103.0,0,personal auto,luxury,494.4
yd87931,washington,m,doctor,495165.61,46896.0,35354.0,1,personal auto,four-door car,31.707317
hg65722,oregon,unknown,doctor,1281910.29,10105.0,172.0,3,personal auto,suv,0.517753
bu27331,arizona,unknown,bachelor,446851.05,0.0,73.0,3,personal auto,four-door car,579.165954
xm45289,oregon,unknown,high school or below,551434.4,23218.0,71.0,0,personal auto,two-door car,447.79344
kp34198,california,unknown,bachelor,334387.53,0.0,92.0,0,corporate auto,four-door car,529.624084
sh90947,arizona,unknown,high school or below,229447.89,0.0,62.0,0,personal auto,four-door car,313.023175
we95729,oregon,unknown,college,3670742.64,24804.0,104.0,0,personal auto,suv,593.830288
py51963,california,unknown,bachelor,3347334.95,33190.0,106.0,0,corporate auto,suv,508.8
rb69909,nevada,unknown,high school or below,798343.17,36014.0,69.0,3,special auto,four-door car,173.956072
nw21079,washington,f,master,487938.48,67163.0,61.0,2,personal auto,two-door car,33.192803
fr46645,california,unknown,bachelor,429399.73,16701.0,113.0,0,personal auto,four-door car,831.625979
sy17488,arizona,unknown,college,716439.55,46623.0,91.0,0,corporate auto,four-door car,436.8
ap67935,california,unknown,college,761951.58,64749.0,64.0,0,special auto,four-door car,302.56519
fs37417,arizona,unknown,high school or below,395800.28,0.0,101.0,0,personal auto,suv,484.8
ml29312,oregon,unknown,high school or below,449949.33,16969.0,124.0,2,personal auto,suv,704.768111
ub61619,oregon,unknown,master,405956.74,11621.0,108.0,0,personal auto,four-door car,518.4
cd86811,arizona,unknown,bachelor,445811.34,17622.0,65.0,1,personal auto,four-door car,312.0
ru83859,california,unknown,bachelor,811033.31,11489.0,105.0,0,personal auto,two-door car,504.0
fg63582,oregon,unknown,bachelor,333976.49,0.0,94.0,0,personal auto,two-door car,863.327324
nn71951,california,unknown,high school or below,2426101.78,66525.0,100.0,0,personal auto,suv,104.331355
wb37082,arizona,unknown,bachelor,661397.37,0.0,63.0,0,personal auto,four-door car,676.391482
sm52139,washington,unknown,college,293069.35,33663.0,73.0,0,personal auto,four-door car,350.4
fl82372,oregon,unknown,college,867219.43,22547.0,112.0,0,corporate auto,suv,537.6
dp45816,arizona,unknown,high school or below,1163866.93,61486.0,97.0,0,personal auto,two-door car,465.258644
gw33762,oregon,unknown,bachelor,684615.03,0.0,95.0,0,personal auto,two-door car,456.0
rz33670,california,unknown,college,1172777.65,29879.0,102.0,0,personal auto,four-door car,500.254235
py70169,oregon,unknown,high school or below,2264383.48,93011.0,113.0,0,personal auto,suv,281.451042
mo91628,oregon,unknown,master,261447.43,65186.0,65.0,0,personal auto,two-door car,5.434505
hw87852,oregon,unknown,master,245175.27,26840.0,64.0,2,personal auto,four-door car,307.2
hb20453,oregon,unknown,bachelor,678127.02,0.0,104.0,1,personal auto,luxury,982.399613
bn87372,oregon,unknown,bachelor,497480.15,75644.0,65.0,3,personal auto,two-door car,467.803638
yx23800,oregon,unknown,bachelor,859160.49,38984.0,73.0,0,personal auto,four-door car,350.4
dz87709,oregon,unknown,high school or below,559216.14,71811.0,71.0,0,personal auto,four-door car,29.03416
xw13033,nevada,unknown,college,800947.28,20961.0,67.0,0,personal auto,four-door car,321.6
sp81997,washington,f,master,0.0,41275.0,96.0,0,personal auto,four-door car,41.122303
om82309,california,unknown,bachelor,5816655.35,61321.0,186.0,1,personal auto,luxury,427.63121
zu35962,california,unknown,college,802522.94,0.0,77.0,0,personal auto,two-door car,25.807685
vh85817,california,unknown,high school or below,578018.22,51066.0,74.0,0,personal auto,four-door car,787.993313
dt85712,california,unknown,doctor,411853.91,34378.0,102.0,0,personal auto,suv,489.6
yj88573,nevada,unknown,master,252307.02,43072.0,63.0,0,personal auto,four-door car,302.4
sq19467,oregon,unknown,college,655421.64,25222.0,90.0,0,personal auto,four-door car,475.623251
yb66933,washington,f,bachelor,538275.2,77552.0,68.0,1,corporate auto,four-door car,45.215059
et79815,california,unknown,college,592672.94,23091.0,96.0,5,personal auto,four-door car,460.8
qc35222,california,unknown,bachelor,268347.07,48269.0,69.0,3,corporate auto,four-door car,282.151207
cj15590,oregon,unknown,bachelor,269518.24,32720.0,67.0,0,personal auto,four-door car,321.6
oi48267,california,unknown,college,604702.52,20396.0,76.0,1,personal auto,four-door car,364.8
jy67916,oregon,unknown,college,1317101.28,21513.0,119.0,1,personal auto,two-door car,679.827592
ow15518,washington,f,college,1595001.95,0.0,87.0,1,personal auto,two-door car,46.041452
cz33664,oregon,unknown,bachelor,252765.38,80744.0,63.0,0,corporate auto,four-door car,11.879037
wk30175,oregon,unknown,bachelor,267209.58,52822.0,67.0,0,corporate auto,two-door car,350.529033
on44465,california,unknown,high school or below,531329.4,0.0,77.0,1,personal auto,four-door car,863.3947
tv87155,oregon,unknown,bachelor,2094619.25,69738.0,74.0,1,personal auto,four-door car,492.127532
kh48895,arizona,unknown,master,837535.39,17780.0,109.0,0,personal auto,suv,132.588288
nz30757,california,unknown,bachelor,480166.15,18107.0,62.0,0,personal auto,four-door car,297.6
ri22468,arizona,unknown,bachelor,574594.33,57740.0,74.0,3,personal auto,four-door car,269.905129
fz30935,oregon,unknown,college,606611.6,32627.0,76.0,0,personal auto,two-door car,380.036697
ug93476,california,unknown,college,800230.83,0.0,107.0,0,personal auto,suv,513.6
ab96670,california,unknown,college,239391.54,0.0,70.0,0,personal auto,four-door car,425.266308
xk64261,oregon,unknown,bachelor,476281.79,65795.0,62.0,1,corporate auto,two-door car,49.011099
ev68375,california,unknown,college,433038.6,60475.0,107.0,0,personal auto,four-door car,513.6
un51653,california,unknown,high school or below,940272.98,0.0,130.0,0,personal auto,suv,936.0
to96662,oregon,unknown,bachelor,696669.45,41837.0,88.0,0,personal auto,four-door car,142.062768
mr52087,california,unknown,bachelor,769406.43,32303.0,65.0,0,personal auto,four-door car,45.152521
de75225,oregon,unknown,high school or below,871756.11,0.0,117.0,1,personal auto,suv,561.6
ep80820,california,unknown,bachelor,592874.85,40531.0,74.0,0,personal auto,two-door car,30.567357
gu99037,oregon,unknown,college,245297.73,79898.0,62.0,1,corporate auto,four-door car,271.606799
wi57118,california,unknown,college,670157.17,56398.0,85.0,0,personal auto,four-door car,408.0
gp39118,washington,m,high school or below,499655.27,71600.0,63.0,0,personal auto,two-door car,46.158117
mq14219,arizona,unknown,college,849269.88,27804.0,109.0,0,personal auto,suv,784.8
kn20603,oregon,unknown,bachelor,771349.4,45506.0,66.0,2,personal auto,four-door car,316.8
sg20925,washington,f,master,518579.76,99428.0,6464.0,1,personal auto,four-door car,48.046869
ji70886,california,unknown,high school or below,729006.98,0.0,102.0,1,corporate auto,suv,489.6
vf72557,oregon,unknown,high school or below,477294.38,20993.0,133.0,0,personal auto,suv,638.4
ox28638,arizona,unknown,high school or below,680649.14,37839.0,86.0,0,personal auto,two-door car,465.633954
sk55033,california,unknown,bachelor,246978.13,92711.0,62.0,0,personal auto,two-door car,368.400146
oo88645,california,unknown,college,310392.3,74665.0,78.0,2,corporate auto,four-door car,236.902001
fm14335,washington,f,college,1048491.54,61108.0,89.0,0,personal auto,four-door car,49.451117
cw82151,california,unknown,bachelor,890273.76,46833.0,112.0,0,personal auto,luxury,64.109663
dy22043,oregon,unknown,high school or below,549944.72,88768.0,68.0,0,personal auto,two-door car,326.4
sh36774,california,unknown,high school or below,1502359.86,28262.0,192.0,0,personal auto,luxury,921.6
em43724,nevada,unknown,bachelor,250910.79,33555.0,63.0,0,personal auto,four-door car,101.89645
fh85960,oregon,unknown,college,3122174.81,42780.0,113.0,1,personal auto,four-door car,542.4
xa55993,oregon,unknown,master,313350.34,58850.0,78.0,0,personal auto,four-door car,143.747794
go36627,arizona,unknown,college,383745.19,21880.0,97.0,0,special auto,four-door car,424.077159
qh48047,oregon,unknown,college,1179049.62,25251.0,66.0,0,personal auto,four-door car,316.8
hs28694,washington,f,high school or below,282986.39,25317.0,71.0,0,personal auto,two-door car,50.422181
uh65059,arizona,unknown,high school or below,430580.83,24188.0,109.0,0,personal auto,luxury,523.2
fv21968,nevada,unknown,bachelor,597397.69,41611.0,74.0,0,special auto,four-door car,113.801497
qa87025,oregon,unknown,bachelor,567044.24,28406.0,72.0,1,personal auto,four-door car,192.87572
tq13499,arizona,unknown,college,473174.93,69833.0,118.0,0,personal auto,four-door car,828.662719
bu44523,arizona,unknown,high school or below,802637.96,0.0,74.0,0,corporate auto,four-door car,532.8
ms41162,arizona,unknown,high school or below,402296.35,0.0,117.0,0,personal auto,suv,975.107098
pu25891,oregon,unknown,high school or below,961831.09,80536.0,119.0,0,special auto,luxury,53.798708
lh92841,washington,f,bachelor,725595.38,88891.0,89.0,0,personal auto,four-door car,50.528355
sx26335,oregon,unknown,college,955292.69,97732.0,79.0,0,personal auto,four-door car,289.9122
az95587,arizona,f,bachelor,1038855.32,61222.0,89.0,0,special auto,four-door car,392.604371
ds81757,oregon,m,college,247012.12,0.0,74.0,0,personal auto,two-door car,721.242206
oj94107,arizona,m,master,561906.85,50335.0,140.0,0,personal auto,suv,456.52385
lp84436,california,f,high school or below,904711.92,0.0,127.0,0,personal auto,luxury,1087.995426
ff22360,washington,f,doctor,268731.41,82210.0,68.0,4,personal auto,four-door car,51.961915
lm19287,oregon,f,high school or below,373150.46,0.0,96.0,0,personal auto,four-door car,460.8
zu18643,nevada,m,bachelor,366077.03,64495.0,92.0,0,corporate auto,four-door car,251.992083
az82578,california,f,college,792882.93,0.0,72.0,0,corporate auto,four-door car,345.6
xc67861,arizona,f,bachelor,501175.16,28859.0,67.0,3,corporate auto,two-door car,321.6
yc43143,arizona,f,high school or below,798825.83,77330.0,99.0,0,personal auto,four-door car,99.257608
ek59571,oregon,m,college,388545.64,0.0,105.0,0,corporate auto,four-door car,504.0
pa38372,washington,f,high school or below,935773.78,33060.0,117.0,0,personal auto,four-door car,56.731578
ro18530,washington,m,master,254068.98,42557.0,65.0,0,personal auto,four-door car,57.562324
pd27940,arizona,m,high school or below,488516.25,26372.0,126.0,0,personal auto,suv,604.8
bs77946,arizona,f,bachelor,975330.71,17514.0,127.0,0,personal auto,suv,8.312729
ym50253,california,f,bachelor,294615.37,89270.0,74.0,0,personal auto,four-door car,316.599228
nr15332,california,m,high school or below,258111.09,29757.0,65.0,0,personal auto,four-door car,312.0
rc62865,oregon,m,college,351738.58,51814.0,92.0,0,personal auto,four-door car,56.300724
cc15295,oregon,f,bachelor,974335.01,24028.0,82.0,0,personal auto,four-door car,393.6
ka61892,arizona,m,college,387364.7,28142.0,105.0,0,personal auto,luxury,701.708239
os94884,arizona,f,bachelor,764928.2,52705.0,64.0,1,personal auto,two-door car,128.705563
nd87334,california,m,high school or below,228759.69,0.0,63.0,0,corporate auto,two-door car,679.368378
oy51402,washington,f,high school or below,825576.39,54040.0,103.0,0,personal auto,suv,59.987126
yl74911,california,f,college,871492.21,0.0,118.0,0,personal auto,suv,566.4
gk92563,washington,f,doctor,681923.12,22492.0,85.0,0,personal auto,two-door car,61.654262
hl53154,california,m,bachelor,741619.73,0.0,77.0,2,personal auto,four-door car,554.4
ri78966,oregon,m,master,777115.9,21876.0,68.0,0,personal auto,four-door car,465.41477
ic13702,california,f,bachelor,696834.19,0.0,69.0,1,personal auto,four-door car,496.8
be10809,california,f,high school or below,425028.26,0.0,61.0,1,personal auto,four-door car,292.8
ht87217,oregon,f,high school or below,1977656.65,70699.0,82.0,0,personal auto,four-door car,256.813837
th95618,california,f,high school or below,2134346.6,0.0,74.0,1,personal auto,four-door car,355.2
ts19868,california,m,college,241313.97,27501.0,63.0,0,personal auto,four-door car,542.319401
lp45550,oregon,f,doctor,1536384.72,15897.0,101.0,0,personal auto,four-door car,303.148399
qr87004,nevada,f,college,845696.19,25141.0,73.0,1,personal auto,four-door car,25.438063
oe75747,nevada,f,college,218964.25,0.0,61.0,3,personal auto,four-door car,292.8
dx91392,california,m,high school or below,578018.22,51066.0,74.0,0,personal auto,four-door car,787.993313
ab72731,california,f,bachelor,463998.16,28358.0,117.0,0,personal auto,luxury,84.024413
gx84338,washington,f,doctor,382443.13,62530.0,95.0,0,personal auto,four-door car,61.693771
is12901,arizona,f,bachelor,596811.89,90972.0,74.0,0,personal auto,two-door car,232.926145
bn90616,washington,f,bachelor,859033.5,63110.0,72.0,0,personal auto,four-door car,68.179721
hh90090,california,f,bachelor,407663.47,29549.0,104.0,0,personal auto,luxury,710.433775
iu25463,california,f,bachelor,1225260.18,0.0,115.0,1,personal auto,four-door car,552.0
kc11055,nevada,f,bachelor,1693627.15,39411.0,217.0,2,personal auto,luxury,1122.658899
pd33979,oregon,m,high school or below,489243.55,21709.0,62.0,0,personal auto,four-door car,408.374746
nk71023,nevada,m,bachelor,994230.48,67890.0,85.0,0,personal auto,four-door car,408.0
ab13432,california,m,bachelor,373583.81,0.0,110.0,0,personal auto,suv,792.0
oz97704,california,f,high school or below,1311752.22,84311.0,111.0,4,personal auto,suv,532.8
uf46533,california,f,college,457452.41,99316.0,114.0,0,corporate auto,suv,754.358929
xp47431,arizona,f,bachelor,547006.06,54507.0,138.0,0,personal auto,suv,702.990032
gk73582,california,f,bachelor,297884.6,64586.0,76.0,0,personal auto,four-door car,206.837111
rv98763,oregon,m,college,641096.75,61709.0,82.0,2,personal auto,four-door car,275.395894
ii62831,california,m,master,447902.31,94656.0,111.0,1,special auto,suv,459.738128
xk33449,california,f,high school or below,238373.19,0.0,69.0,0,special auto,two-door car,496.8
tr85083,california,m,bachelor,276449.37,61085.0,70.0,1,personal auto,two-door car,336.0
eo95328,oregon,f,bachelor,792010.54,89284.0,67.0,3,personal auto,two-door car,321.6
en21086,arizona,f,high school or below,688909.8,0.0,63.0,0,personal auto,four-door car,302.4
yl83902,washington,f,bachelor,327419.46,31686.0,81.0,0,personal auto,four-door car,430.994107
az62651,oregon,m,high school or below,995170.77,56855.0,255.0,0,corporate auto,luxury,1836.0
zw25874,oregon,m,bachelor,252155.57,53703.0,67.0,2,special auto,four-door car,67.632476
eh41854,washington,f,high school or below,2370611.34,0.0,96.0,1,personal auto,two-door car,844.481918
mw70227,california,m,college,604702.52,20396.0,76.0,1,personal auto,four-door car,364.8
sl22297,california,f,master,1114030.25,27679.0,150.0,0,personal auto,suv,722.486994
rv14138,nevada,f,bachelor,433406.41,23904.0,123.0,3,personal auto,suv,590.4
uo62808,arizona,f,high school or below,279974.79,65351.0,69.0,0,corporate auto,four-door car,481.027516
zx64745,california,m,college,792313.66,0.0,113.0,0,personal auto,suv,1124.427734
fl34139,california,m,high school or below,368811.09,0.0,63.0,3,personal auto,four-door car,669.682001
ts11219,california,m,college,1206745.6,0.0,116.0,0,personal auto,suv,1284.093173
xx12304,california,f,college,292497.67,64459.0,72.0,0,personal auto,four-door car,240.259479
sd64087,california,m,college,1501409.27,32961.0,190.0,0,corporate auto,suv,912.0
oy38576,oregon,f,high school or below,927723.38,71416.0,116.0,0,corporate auto,suv,556.8
bg76355,washington,f,bachelor,627412.39,68964.0,78.0,0,personal auto,four-door car,115.086827
ip66913,california,m,high school or below,388664.74,78108.0,98.0,0,personal auto,two-door car,470.4
le95702,california,m,college,438627.76,10621.0,67.0,0,special auto,four-door car,321.6
kx54357,washington,m,college,1136526.77,84910.0,95.0,0,corporate auto,two-door car,383.167471
ez78112,california,f,high school or below,561096.43,77493.0,70.0,0,special auto,four-door car,307.963291
xn16891,arizona,m,college,291289.2,81097.0,74.0,0,personal auto,four-door car,355.2
xk31350,oregon,f,college,691572.99,96610.0,85.0,0,corporate auto,four-door car,520.364752
cc30924,oregon,m,college,626266.33,30110.0,159.0,0,corporate auto,luxury,466.436375
it78748,oregon,f,high school or below,650339.7,22081.0,84.0,0,special auto,two-door car,451.670309
ky33386,washington,f,high school or below,800739.94,0.0,112.0,0,personal auto,luxury,537.6
co44221,california,m,college,292991.65,98473.0,72.0,0,personal auto,four-door car,345.6
lk60013,oregon,f,bachelor,596955.3,97431.0,74.0,0,personal auto,four-door car,355.2
de21533,california,m,bachelor,547315.99,93870.0,69.0,0,personal auto,four-door car,331.2
ys94121,nevada,m,high school or below,564539.67,50366.0,72.0,0,personal auto,four-door car,428.734656
uk68427,washington,m,high school or below,636926.24,34498.0,83.0,0,personal auto,two-door car,398.4
te49565,oregon,f,college,1183376.73,16552.0,103.0,0,personal auto,suv,494.4
ra88421,oregon,f,college,612110.79,26787.0,77.0,0,personal auto,four-door car,369.6
kq51983,nevada,m,college,515936.97,0.0,74.0,0,personal auto,two-door car,831.752839
cd88896,nevada,f,high school or below,251459.2,43860.0,65.0,0,corporate auto,four-door car,156.124914
yv22553,arizona,m,high school or below,866861.13,21474.0,114.0,2,corporate auto,suv,373.428187
wu14435,california,m,bachelor,496096.54,18174.0,66.0,0,corporate auto,four-door car,395.934815
xv84099,arizona,f,bachelor,550413.9,0.0,73.0,0,corporate auto,four-door car,350.4
ri24911,arizona,m,college,750745.54,60920.0,64.0,0,personal auto,two-door car,231.201886
ko26461,arizona,m,high school or below,3226985.14,41520.0,90.0,0,personal auto,four-door car,289.904105
hi14283,oregon,f,bachelor,565703.16,0.0,152.0,0,personal auto,suv,729.6
pt50227,arizona,m,high school or below,506175.79,0.0,68.0,0,personal auto,two-door car,326.4
bh36570,california,m,bachelor,591278.38,72208.0,73.0,0,personal auto,two-door car,350.4
tx17484,california,f,bachelor,1518227.98,53863.0,63.0,0,personal auto,four-door car,105.765111
ct41158,washington,m,college,1074703.09,66446.0,136.0,0,corporate auto,suv,639.464548
ao87348,washington,m,college,205062.35,0.0,61.0,0,personal auto,four-door car,292.8
de55857,washington,f,bachelor,246544.49,64997.0,63.0,1,personal auto,four-door car,383.442328
lf66923,nevada,f,high school or below,534312.13,64460.0,66.0,0,corporate auto,two-door car,316.8
cn24514,arizona,f,college,811982.91,46618.0,67.0,0,personal auto,four-door car,99.085943
uw32074,oregon,f,college,460526.52,0.0,64.0,0,corporate auto,four-door car,307.2
hp36979,california,m,college,640878.56,49988.0,84.0,5,personal auto,two-door car,566.935022
pp40919,california,f,college,237653.35,0.0,91.0,5,personal auto,two-door car,436.8
ro73268,california,m,bachelor,321107.0,16269.0,86.0,0,corporate auto,two-door car,412.8
ho61691,arizona,f,bachelor,509452.23,72006.0,64.0,0,personal auto,four-door car,307.2
bs13062,arizona,f,high school or below,2575527.82,0.0,81.0,2,personal auto,four-door car,388.8
fo35655,oregon,m,bachelor,867222.97,0.0,245.0,0,corporate auto,luxury,2345.413441
hr10526,california,m,master,804473.07,44320.0,67.0,0,personal auto,four-door car,321.6
ia63417,arizona,f,high school or below,400151.91,19782.0,108.0,0,personal auto,two-door car,773.470977
bh35016,nevada,f,bachelor,1670611.7,63933.0,70.0,0,personal auto,two-door car,424.883448
pk52952,arizona,m,doctor,854441.11,28224.0,109.0,0,personal auto,suv,523.2
od76309,washington,f,college,780531.29,21073.0,106.0,1,personal auto,suv,508.8
il28481,oregon,m,bachelor,611275.69,63243.0,77.0,0,personal auto,four-door car,364.240307
gy55092,nevada,m,high school or below,477294.38,20993.0,133.0,0,personal auto,suv,638.4
uf33451,oregon,f,bachelor,1097909.56,94827.0,135.0,0,personal auto,suv,354.729129
cf15558,california,f,master,500426.38,39161.0,63.0,1,personal auto,two-door car,283.995953
jm62924,washington,m,bachelor,1322304.38,37534.0,84.0,2,personal auto,four-door car,403.2
em66435,oregon,f,bachelor,262331.54,80210.0,65.0,0,corporate auto,four-door car,20.543176
qx45933,california,m,bachelor,1784019.56,0.0,62.0,0,personal auto,four-door car,385.115437
ji71369,california,f,college,510611.18,30110.0,64.0,0,personal auto,four-door car,140.165035
ju93290,arizona,f,college,1793060.45,21708.0,68.0,0,personal auto,four-door car,326.4
gu66096,arizona,m,high school or below,545734.26,94731.0,67.0,0,personal auto,four-door car,321.6
uc33108,california,m,bachelor,656364.41,32375.0,83.0,0,personal auto,four-door car,398.4
lw93867,oregon,m,college,481252.52,16531.0,63.0,0,corporate auto,four-door car,102.879769
ou78470,arizona,f,master,2932804.19,32006.0,94.0,0,corporate auto,four-door car,56.868289
xw90265,arizona,f,bachelor,577352.07,81676.0,72.0,0,personal auto,two-door car,463.158502
hs67749,california,m,college,684711.89,71038.0,86.0,0,corporate auto,four-door car,205.444066
vz51506,arizona,f,high school or below,359531.29,0.0,103.0,0,corporate auto,luxury,741.6
ui64281,nevada,f,master,2285561.21,20832.0,65.0,0,personal auto,two-door car,56.371967
ae98193,washington,m,high school or below,785941.46,0.0,113.0,0,personal auto,suv,813.6
az74055,oregon,m,high school or below,411557.74,52405.0,103.0,0,personal auto,four-door car,494.4
xs76911,arizona,f,high school or below,502963.88,0.0,133.0,0,personal auto,luxury,795.864079
ay40674,washington,f,bachelor,482141.85,26583.0,1005.0,4,personal auto,suv,614.4
na12740,oregon,m,master,500431.05,25486.0,65.0,0,special auto,two-door car,72.438681
ua84837,arizona,m,college,863005.39,24065.0,111.0,0,corporate auto,four-door car,532.8
dj51510,arizona,f,high school or below,932208.51,70435.0,116.0,0,personal auto,four-door car,67.881546
vm58985,california,m,college,1672756.06,0.0,76.0,2,personal auto,two-door car,402.636829
oh60605,oregon,f,high school or below,365253.24,39679.0,92.0,0,personal auto,two-door car,641.388616
uo98052,nevada,m,college,615860.12,0.0,89.0,0,personal auto,four-door car,342.481173
nc53424,california,m,bachelor,437608.4,0.0,69.0,4,personal auto,two-door car,331.2
lq13873,nevada,m,high school or below,556945.62,53565.0,71.0,1,personal auto,four-door car,340.8
la97014,washington,m,bachelor,257651.3,37574.0,66.0,1,personal auto,two-door car,412.101933
nb79936,washington,m,bachelor,834698.32,48259.0,108.0,0,personal auto,two-door car,73.700573
nt89061,arizona,f,high school or below,632392.39,78532.0,78.0,0,personal auto,four-door car,374.4
af10970,arizona,f,bachelor,597314.34,96163.0,73.0,0,corporate auto,four-door car,350.4
zg48513,california,m,bachelor,470667.7,0.0,72.0,0,personal auto,four-door car,345.6
jq59145,california,m,high school or below,809341.03,0.0,114.0,1,personal auto,luxury,722.024742
fe84989,washington,m,college,503574.46,72672.0,63.0,0,personal auto,four-door car,259.361117
jt52858,oregon,f,bachelor,902786.72,99002.0,112.0,1,personal auto,four-door car,537.6
mc62068,california,m,high school or below,728888.48,79494.0,91.0,0,personal auto,four-door car,396.295614
eu27538,oregon,m,master,1804247.94,35704.0,225.0,0,personal auto,luxury,358.281562
rh42306,arizona,f,bachelor,499206.3,0.0,71.0,0,corporate auto,four-door car,653.388564
us23612,oregon,f,high school or below,910226.78,26049.0,118.0,0,personal auto,two-door car,121.032372
wv76014,arizona,m,doctor,254040.77,70125.0,64.0,0,special auto,four-door car,92.813396
rk96223,california,m,college,1294189.19,52369.0,110.0,1,personal auto,suv,528.0
mf82000,washington,f,bachelor,236534.86,0.0,66.0,2,special auto,four-door car,159.636956
fm46980,arizona,m,college,572076.51,41770.0,72.0,0,personal auto,four-door car,476.156957
sy56792,oregon,m,high school or below,703553.41,0.0,101.0,0,corporate auto,four-door car,727.2
rf61565,california,m,college,263697.77,31911.0,67.0,0,personal auto,four-door car,321.6
im94808,nevada,m,bachelor,539583.2,70051.0,68.0,0,corporate auto,four-door car,42.078345
vi14730,oregon,m,high school or below,838263.01,19683.0,117.0,1,personal auto,luxury,561.6
yr34119,washington,f,college,3116174.52,30916.0,112.0,0,personal auto,suv,200.11606
rr77985,oregon,f,bachelor,288774.23,0.0,80.0,0,personal auto,four-door car,676.944023
qd28391,washington,m,college,742584.53,84302.0,62.0,0,personal auto,four-door car,76.609295
wv17090,california,m,bachelor,2558572.78,0.0,116.0,0,corporate auto,suv,830.623064
tm23514,oregon,m,college,1027260.82,60145.0,132.0,0,personal auto,suv,580.473259
mq68407,oregon,f,bachelor,437636.36,63774.0,111.0,0,personal auto,four-door car,60.036683
gj59592,california,f,bachelor,531889.66,25134.0,67.0,0,corporate auto,four-door car,321.6
fy56083,oregon,m,bachelor,471976.22,37057.0,61.0,1,personal auto,four-door car,47.53101
ua94723,oregon,f,high school or below,442803.16,58577.0,110.0,0,personal auto,suv,303.872752
fw91032,california,m,high school or below,587917.61,85857.0,73.0,0,corporate auto,four-door car,100.620067
de34457,oregon,f,doctor,941690.85,70602.0,116.0,0,personal auto,suv,481.339891
hd32044,oregon,f,master,828815.56,33816.0,106.0,2,corporate auto,four-door car,508.8
hh30454,oregon,m,bachelor,3265483.83,0.0,153.0,0,personal auto,suv,1101.6
ah84063,oregon,f,college,471945.01,89642.0,121.0,4,corporate auto,suv,86.320022
qa17596,california,f,bachelor,390347.48,60068.0,98.0,0,personal auto,two-door car,470.4
xi41052,california,f,bachelor,545725.97,50044.0,139.0,0,personal auto,suv,667.2
di30528,california,f,master,272535.64,36650.0,69.0,1,personal auto,four-door car,56.60333
sc66359,arizona,f,college,443397.37,50653.0,110.0,0,corporate auto,suv,262.865172
en61670,arizona,f,doctor,533246.27,68931.0,66.0,0,personal auto,four-door car,309.577946
dq10761,oregon,m,bachelor,231509.5,0.0,73.0,1,corporate auto,four-door car,350.4
bq51587,california,f,college,541195.37,0.0,73.0,0,personal auto,four-door car,365.364581
je21522,california,m,bachelor,958733.23,39266.0,80.0,0,personal auto,four-door car,384.0
ws47147,california,m,college,2210350.72,0.0,102.0,0,personal auto,suv,489.6
za64638,nevada,f,high school or below,976494.53,0.0,98.0,1,personal auto,four-door car,705.6
ew38459,nevada,f,bachelor,256715.15,40864.0,65.0,0,corporate auto,four-door car,9.51528
qw87316,oregon,f,college,265062.28,39035.0,68.0,0,personal auto,four-door car,244.564334
ic43478,california,m,bachelor,1126436.33,34923.0,98.0,0,personal auto,two-door car,639.105556
te34064,california,m,high school or below,216852.35,0.0,63.0,0,personal auto,four-door car,453.6
wu60905,california,f,high school or below,861066.75,0.0,111.0,0,corporate auto,suv,532.8
ym18992,california,f,college,283464.62,24506.0,71.0,0,personal auto,two-door car,511.2
pd55753,oregon,m,high school or below,893013.97,0.0,82.0,0,personal auto,four-door car,554.522969
ku56006,arizona,f,college,553638.7,52220.0,70.0,1,personal auto,four-door car,336.0
mj69973,arizona,m,high school or below,284085.43,0.0,74.0,0,personal auto,two-door car,402.449823
tw43626,california,m,college,808288.1,53554.0,67.0,0,personal auto,four-door car,327.020539
xx84133,california,m,bachelor,525473.43,34476.0,67.0,1,corporate auto,four-door car,5.3953
zw84453,arizona,f,bachelor,511623.76,0.0,70.0,0,personal auto,four-door car,131.401291
ho29524,california,m,college,303464.7,68205.0,76.0,0,personal auto,two-door car,99.382943
ve89726,california,f,high school or below,802489.99,0.0,119.0,1,personal auto,suv,856.8
ge87503,california,m,high school or below,1821114.32,53690.0,154.0,0,personal auto,suv,739.2
px90263,oregon,m,high school or below,512156.33,0.0,72.0,0,personal auto,four-door car,518.4
ni17718,california,f,high school or below,215017.86,0.0,61.0,0,personal auto,four-door car,292.8
fy32213,california,f,high school or below,559538.99,74454.0,71.0,0,personal auto,four-door car,340.8
rz13254,nevada,f,bachelor,756282.4,0.0,73.0,0,personal auto,four-door car,350.4
gn45013,oregon,m,high school or below,538585.32,29664.0,71.0,0,personal auto,four-door car,340.8
nm39588,washington,f,doctor,267805.83,72450.0,66.0,0,corporate auto,four-door car,84.218363
ku84464,nevada,f,bachelor,942256.79,47272.0,79.0,3,personal auto,four-door car,64.546877
yh43527,oregon,f,college,360586.03,21585.0,92.0,0,corporate auto,four-door car,441.6
ro30676,california,f,college,776259.06,23827.0,106.0,2,personal auto,four-door car,37.910623
ql59704,arizona,f,college,2344490.05,69906.0,74.0,2,corporate auto,four-door car,202.860399
qh19450,california,f,high school or below,255817.82,0.0,72.0,0,corporate auto,four-door car,345.6
sa54664,washington,m,master,265438.1,73196.0,66.0,1,personal auto,four-door car,85.809817
ci38330,washington,m,bachelor,254978.61,72217.0,6464.0,0,personal auto,four-door car,91.146661
wb38524,california,m,high school or below,296959.33,46131.0,74.0,0,personal auto,two-door car,355.2
ce56187,oregon,f,master,436312.46,54514.0,109.0,3,personal auto,suv,286.234931
jl19416,california,f,high school or below,588430.86,0.0,161.0,0,personal auto,suv,1159.2
jz61422,nevada,f,college,527219.16,96668.0,66.0,0,personal auto,four-door car,316.8
la13377,california,m,doctor,550989.57,78879.0,69.0,1,personal auto,four-door car,466.570791
nc99948,nevada,m,college,1631368.35,0.0,69.0,0,personal auto,four-door car,331.2
qd34785,arizona,f,bachelor,567805.02,0.0,76.0,0,personal auto,four-door car,364.8
ro26085,california,f,bachelor,1210120.88,0.0,112.0,0,personal auto,luxury,1252.406235
es57969,oregon,m,bachelor,245357.08,29735.0,69.0,0,personal auto,four-door car,331.2
jk55587,california,m,high school or below,507566.27,23082.0,65.0,0,special auto,four-door car,312.0
rn97635,arizona,m,bachelor,321497.94,53984.0,80.0,0,corporate auto,four-door car,421.484456
bi76326,california,f,college,1227534.31,52135.0,156.0,0,personal auto,suv,430.505942
ja34909,california,f,college,272221.07,17576.0,71.0,0,corporate auto,four-door car,398.502948
oj90342,oregon,f,bachelor,245744.09,29486.0,62.0,0,personal auto,four-door car,7.646763
cm88932,oregon,f,master,355484.53,58557.0,88.0,0,corporate auto,four-door car,55.510526
jj97525,california,m,bachelor,492954.97,25632.0,63.0,0,personal auto,two-door car,351.270869
xv21647,california,f,high school or below,803645.03,0.0,112.0,0,personal auto,luxury,806.4
mc83487,arizona,m,bachelor,427691.53,18768.0,68.0,3,corporate auto,four-door car,647.454583
bl90769,california,f,bachelor,3347334.95,33190.0,106.0,0,personal auto,suv,508.8
cr57148,oregon,f,master,596058.14,47945.0,74.0,0,personal auto,two-door car,128.43823
cp85232,arizona,m,college,4479546.94,58778.0,126.0,0,special auto,suv,302.033971
yl74732,california,f,high school or below,383211.81,15192.0,100.0,0,personal auto,suv,480.0
fg16766,california,f,bachelor,683793.26,51859.0,171.0,0,personal auto,suv,1003.160633
nv55438,nevada,f,high school or below,528526.82,23422.0,72.0,0,personal auto,two-door car,518.4
rm10880,california,f,college,309651.12,21604.0,79.0,0,corporate auto,four-door car,379.2
gl56175,arizona,m,college,358971.07,79298.0,90.0,0,personal auto,four-door car,244.362072
uk52289,arizona,f,bachelor,258240.85,76731.0,64.0,0,special auto,four-door car,201.455005
ot85112,washington,m,college,340391.94,38460.0,88.0,1,personal auto,four-door car,91.55098
bc62782,arizona,f,college,1357567.6,48534.0,115.0,1,personal auto,suv,552.0
ti19722,washington,m,doctor,343613.43,30817.0,88.0,0,corporate auto,four-door car,91.834668
jp30654,oregon,f,college,2868582.79,48412.0,104.0,0,personal auto,suv,707.430832
um45563,washington,m,bachelor,450267.97,68798.0,114.0,0,personal auto,suv,92.915251
en60878,oregon,m,bachelor,618311.15,23712.0,85.0,0,personal auto,four-door car,376.126419
jf36291,california,m,college,387364.7,28142.0,105.0,0,personal auto,luxury,701.708239
bk59444,california,f,master,1892933.06,72196.0,68.0,0,personal auto,four-door car,152.184244
mk70700,california,m,master,555329.58,68197.0,69.0,0,personal auto,four-door car,176.819414
iw71076,california,m,bachelor,501125.92,75248.0,63.0,0,corporate auto,four-door car,104.454624
ap98768,california,f,college,1044244.63,0.0,98.0,0,personal auto,four-door car,941.718054
om24164,nevada,m,bachelor,219961.78,0.0,65.0,1,personal auto,two-door car,468.0
hr85211,washington,f,master,512317.09,89879.0,63.0,0,personal auto,two-door car,94.030308
vc87846,oregon,m,high school or below,748431.05,46998.0,96.0,0,corporate auto,four-door car,460.8
zm92052,oregon,m,bachelor,261302.31,57099.0,67.0,0,personal auto,two-door car,67.859881
on73702,arizona,f,bachelor,908063.97,33897.0,114.0,0,corporate auto,suv,539.843003
qq90441,nevada,f,high school or below,1377097.62,59207.0,116.0,0,personal auto,four-door car,556.8
hu35721,oregon,m,high school or below,287682.29,40171.0,73.0,0,personal auto,four-door car,350.4
yp47665,washington,m,doctor,540891.15,80192.0,67.0,0,personal auto,four-door car,95.193157
fu99476,washington,m,high school or below,677030.68,74422.0,85.0,1,personal auto,four-door car,95.338505
ag85615,oregon,m,college,2414387.56,0.0,87.0,0,special auto,four-door car,626.4
oy74069,arizona,f,college,353805.95,0.0,67.0,5,personal auto,four-door car,321.6
dj91267,nevada,f,bachelor,2909123.94,34226.0,244.0,0,personal auto,luxury,494.395024
kb72438,california,f,high school or below,1983420.12,65989.0,123.0,1,personal auto,suv,115.545086
tr67616,oregon,m,high school or below,473136.7,30686.0,61.0,0,corporate auto,four-door car,19.938981
gf65731,california,f,master,3553784.6,0.0,113.0,0,personal auto,luxury,799.926741
hb67642,arizona,f,high school or below,3461137.9,20090.0,109.0,0,personal auto,luxury,523.2
dp84567,california,m,high school or below,2021630.88,0.0,183.0,0,personal auto,luxury,878.4
vv77534,oregon,m,college,1397651.93,77094.0,176.0,0,personal auto,suv,444.470676
gl67540,california,f,college,590408.82,97413.0,73.0,0,personal auto,four-door car,268.819985
sv50502,oregon,f,master,559583.5,79189.0,69.0,0,corporate auto,four-door car,331.2
uk59698,california,f,high school or below,229430.36,0.0,62.0,0,personal auto,two-door car,297.6
oa57352,arizona,f,college,627391.19,18577.0,86.0,0,personal auto,four-door car,412.8
zf84449,oregon,f,college,372672.8,0.0,112.0,1,special auto,luxury,806.4
ax86150,washington,m,high school or below,265671.31,62777.0,67.0,0,personal auto,two-door car,101.288069
hg39060,oregon,m,bachelor,511068.08,0.0,74.0,0,corporate auto,four-door car,532.8
em29359,nevada,m,college,712659.65,17483.0,183.0,0,personal auto,luxury,1317.6
sf57173,oregon,m,master,460163.41,84394.0,114.0,0,personal auto,suv,691.412378
ot47603,oregon,m,college,915523.97,0.0,127.0,0,personal auto,luxury,804.811859
sw31412,oregon,f,college,1480805.62,41440.0,62.0,1,personal auto,four-door car,297.6
js36322,arizona,m,high school or below,890167.84,0.0,136.0,1,personal auto,luxury,1090.86434
re81445,oregon,f,college,573459.82,98132.0,71.0,0,personal auto,two-door car,50.587035
rm24280,oregon,f,high school or below,417769.7,0.0,112.0,0,personal auto,four-door car,537.6
lc25393,california,m,bachelor,2777628.91,88220.0,230.0,0,personal auto,luxury,151.528482
ux38930,arizona,f,master,1036434.75,58327.0,129.0,0,personal auto,suv,347.075948
hd95496,oregon,m,master,785190.14,25950.0,66.0,0,personal auto,two-door car,271.697529
rx24650,oregon,m,high school or below,477294.38,20993.0,133.0,0,corporate auto,suv,638.4
dw19309,oregon,m,high school or below,1422650.49,65726.0,177.0,0,corporate auto,suv,849.6
mt41386,washington,m,bachelor,287543.24,84768.0,72.0,0,personal auto,two-door car,110.484661
wz40465,washington,f,bachelor,504129.96,36234.0,63.0,0,personal auto,four-door car,113.534474
db42794,california,m,college,436293.12,58842.0,110.0,0,personal auto,four-door car,528.0
jb50798,oregon,f,master,962452.44,25629.0,124.0,2,corporate auto,luxury,595.2
ip69763,washington,f,college,2191440.55,77311.0,181.0,0,personal auto,suv,113.609508
te35785,california,m,doctor,694842.22,0.0,196.0,2,personal auto,luxury,1337.063487
hx74855,washington,m,high school or below,247152.84,95697.0,61.0,0,personal auto,two-door car,114.273025
qn65180,oregon,f,bachelor,2190391.36,22254.0,79.0,0,personal auto,four-door car,125.194389
ge47180,nevada,m,high school or below,902882.14,65974.0,113.0,0,personal auto,luxury,235.220971
vq38776,oregon,f,college,530375.95,0.0,76.0,0,personal auto,four-door car,395.34111
bh86846,washington,m,high school or below,2070825.88,92079.0,65.0,1,corporate auto,four-door car,114.798771
in17648,nevada,m,high school or below,512376.81,0.0,74.0,0,personal auto,two-door car,772.798511
df95759,oregon,m,college,949234.3,0.0,132.0,0,personal auto,suv,633.6
qg45324,oregon,f,high school or below,820486.32,0.0,73.0,0,personal auto,four-door car,350.4
mn61620,arizona,f,college,987729.57,67752.0,131.0,4,personal auto,luxury,168.517149
yh86390,california,f,bachelor,481500.97,25398.0,64.0,0,corporate auto,four-door car,307.2
fy13480,california,m,high school or below,627701.17,0.0,88.0,0,personal auto,four-door car,633.6
yh61661,california,m,high school or below,826063.98,33321.0,105.0,0,special auto,suv,504.0
nl93182,nevada,m,bachelor,254945.0,0.0,78.0,0,corporate auto,four-door car,845.654042
ln31673,washington,unknown,college,1131808.98,38923.0,99.0,2,personal auto,four-door car,115.728852
we68644,oregon,f,bachelor,380392.18,20325.0,100.0,0,personal auto,luxury,668.29397
ez30498,oregon,m,bachelor,863540.35,13129.0,117.0,0,personal auto,suv,700.901632
qy74517,oregon,f,high school or below,551055.9,0.0,73.0,0,personal auto,four-door car,525.6
nm88660,nevada,m,master,358588.41,49080.0,91.0,0,corporate auto,four-door car,25.299
mz82036,nevada,m,college,488925.28,42536.0,63.0,0,personal auto,four-door car,375.330097
id20929,oregon,m,bachelor,275694.17,29926.0,74.0,0,corporate auto,four-door car,418.233667
ey50028,nevada,m,doctor,328954.74,0.0,86.0,0,corporate auto,two-door car,398.240791
tt82373,california,f,bachelor,1093717.85,21450.0,138.0,0,personal auto,luxury,938.513425
oh64088,california,m,high school or below,737556.79,33345.0,65.0,0,corporate auto,four-door car,338.619869
sk97780,california,f,bachelor,1011077.82,15752.0,90.0,0,corporate auto,two-door car,339.344531
io33050,oregon,f,high school or below,511941.43,40169.0,65.0,1,personal auto,four-door car,302.818833
xa55917,california,f,college,853383.2,26049.0,113.0,1,personal auto,suv,619.165344
jk32620,nevada,m,college,222476.8,0.0,68.0,0,personal auto,four-door car,326.4
rq19236,arizona,m,doctor,804280.38,55411.0,100.0,0,personal auto,luxury,259.561195
qc47433,oregon,m,college,255443.71,12459.0,70.0,0,personal auto,four-door car,336.0
ra93608,oregon,m,bachelor,1807394.0,64620.0,76.0,1,personal auto,two-door car,364.8
xh97711,california,m,bachelor,243050.66,83140.0,61.0,0,corporate auto,four-door car,179.161843
au96286,oregon,f,bachelor,316765.84,0.0,92.0,0,corporate auto,four-door car,662.4
kc17170,arizona,f,bachelor,546560.4,54422.0,68.0,0,corporate auto,four-door car,75.501852
zn47335,california,m,college,1035751.42,68309.0,131.0,0,corporate auto,suv,306.983596
ei46264,california,m,high school or below,253781.39,56621.0,65.0,2,personal auto,four-door car,84.026848
ek87864,arizona,f,college,282194.72,38977.0,70.0,0,special auto,four-door car,139.489926
gv45403,arizona,m,bachelor,775712.81,0.0,111.0,0,corporate auto,two-door car,607.4459
qk31192,arizona,m,high school or below,407913.27,0.0,114.0,0,corporate auto,two-door car,631.124372
lu89008,arizona,f,college,595554.46,0.0,83.0,0,personal auto,four-door car,628.023494
ns10490,oregon,f,bachelor,1415861.36,83235.0,70.0,0,personal auto,two-door car,336.0
kl98495,nevada,m,college,848723.8,0.0,74.0,0,personal auto,two-door car,426.655599
iu96845,arizona,m,college,628547.69,32390.0,80.0,0,personal auto,four-door car,91.417923
ql93655,oregon,f,high school or below,1147348.15,66538.0,95.0,0,personal auto,two-door car,317.844812
pf40592,washington,f,college,494263.06,23285.0,65.0,0,personal auto,two-door car,118.446235
lz34046,oregon,m,bachelor,2359468.02,76358.0,66.0,0,personal auto,four-door car,86.461582
jc80093,washington,m,master,257250.66,21104.0,66.0,0,personal auto,four-door car,118.454974
ye88490,arizona,f,college,538089.86,55350.0,67.0,0,personal auto,four-door car,321.6
yc80498,california,f,college,477055.09,12964.0,65.0,0,personal auto,two-door car,362.774545
ai85843,arizona,f,master,675665.14,33288.0,86.0,2,personal auto,four-door car,221.856184
xd66024,arizona,f,college,593601.18,0.0,84.0,0,personal auto,four-door car,980.169081
fy51713,arizona,f,bachelor,357076.05,56168.0,88.0,0,personal auto,four-door car,614.675906
ph26378,california,m,college,601996.05,0.0,92.0,0,personal auto,four-door car,662.4
wq18638,oregon,m,high school or below,542686.4,23105.0,69.0,0,personal auto,two-door car,331.2
ky14688,oregon,f,master,273031.38,36218.0,68.0,0,personal auto,four-door car,145.252168
tc97762,california,f,high school or below,498268.14,52275.0,62.0,0,corporate auto,four-door car,374.240783
qc87108,oregon,f,college,876926.68,49665.0,74.0,0,personal auto,four-door car,355.2
cx12134,nevada,m,high school or below,422061.35,32471.0,110.0,0,personal auto,two-door car,528.0
sm73248,arizona,m,high school or below,1153750.51,0.0,86.0,1,corporate auto,two-door car,619.2
ck19789,california,f,master,588718.2,62773.0,73.0,0,personal auto,four-door car,80.669257
uv12583,california,f,college,470058.38,76694.0,117.0,0,personal auto,suv,561.6
jc11405,oregon,m,high school or below,1096395.72,55687.0,276.0,0,personal auto,luxury,1324.8
ka89683,arizona,f,high school or below,252317.12,0.0,70.0,0,personal auto,four-door car,504.0
bg85305,nevada,m,doctor,375780.47,36633.0,96.0,1,personal auto,four-door car,460.8
uq87917,oregon,m,high school or below,1294173.35,77060.0,106.0,0,personal auto,suv,468.566133
xn11823,nevada,f,bachelor,376446.51,92600.0,94.0,0,corporate auto,two-door car,842.43785
os46571,california,m,high school or below,688955.7,0.0,66.0,0,personal auto,four-door car,475.2
px17116,nevada,m,college,362345.42,0.0,111.0,2,corporate auto,suv,1171.93117
rp19541,arizona,m,college,758211.38,64801.0,64.0,0,personal auto,four-door car,268.471802
zr25747,oregon,f,college,827774.56,45257.0,103.0,0,corporate auto,two-door car,494.4
nq86532,california,m,high school or below,257645.56,26854.0,66.0,0,personal auto,four-door car,475.2
jy27336,oregon,f,college,820538.79,85840.0,102.0,2,corporate auto,suv,138.722385
pb54378,oregon,f,doctor,1958246.89,26463.0,72.0,0,corporate auto,four-door car,345.6
sv38190,nevada,f,bachelor,648152.66,30689.0,81.0,0,personal auto,four-door car,467.24802
cv24005,oregon,m,high school or below,259931.09,29590.0,66.0,0,corporate auto,two-door car,467.503236
ex28656,oregon,f,college,983033.76,25965.0,253.0,0,personal auto,luxury,1214.4
cf57022,oregon,m,bachelor,1044265.14,17269.0,139.0,0,personal auto,suv,667.2
gm16780,oregon,m,college,3605753.7,90330.0,137.0,3,corporate auto,luxury,192.085299
bx94438,california,f,high school or below,847003.68,0.0,113.0,0,corporate auto,suv,619.973889
rm41745,california,f,high school or below,827878.65,0.0,110.0,0,personal auto,four-door car,1002.782553
xr70252,california,f,high school or below,478893.26,0.0,67.0,1,personal auto,two-door car,321.6
yh92099,arizona,f,bachelor,308799.99,18558.0,80.0,0,special auto,four-door car,384.0
sg81493,arizona,m,bachelor,444373.62,46384.0,113.0,0,corporate auto,four-door car,251.774574
zx23819,oregon,f,high school or below,798408.65,0.0,72.0,0,personal auto,two-door car,866.208321
fj54907,oregon,f,college,718097.1,42303.0,180.0,0,personal auto,luxury,1210.920949
cu26127,california,f,bachelor,1565603.43,71731.0,130.0,0,corporate auto,suv,599.648466
yh60476,oregon,m,high school or below,578018.22,51066.0,74.0,0,corporate auto,four-door car,787.993313
zz97035,california,m,college,2071494.04,0.0,203.0,0,corporate auto,luxury,2027.724442
ge82737,nevada,f,bachelor,533735.24,0.0,86.0,3,personal auto,four-door car,619.2
ky21873,arizona,m,college,505082.62,0.0,69.0,0,personal auto,two-door car,72.852047
ua51318,arizona,f,high school or below,511662.4,26173.0,68.0,1,corporate auto,four-door car,449.819671
bv55014,oregon,m,bachelor,726873.7,24445.0,63.0,0,personal auto,two-door car,302.4
hx21307,oregon,m,college,261661.39,72302.0,66.0,0,personal auto,two-door car,316.8
lq68252,oregon,m,high school or below,373843.62,27208.0,102.0,0,personal auto,suv,489.6
cr92802,california,f,master,272535.64,36650.0,69.0,1,special auto,four-door car,56.60333
sl35268,arizona,m,college,545386.12,30855.0,68.0,0,corporate auto,four-door car,259.060862
rd62882,arizona,f,bachelor,684615.03,0.0,95.0,0,personal auto,two-door car,456.0
js42382,oregon,m,master,617291.42,99960.0,76.0,0,corporate auto,four-door car,364.8
bt30554,arizona,f,bachelor,1034632.45,0.0,98.0,0,personal auto,four-door car,470.4
vp57424,nevada,f,bachelor,699700.86,55873.0,88.0,0,personal auto,four-door car,299.356083
vu19243,arizona,f,high school or below,419625.77,18052.0,111.0,0,personal auto,four-door car,699.1679
ta82973,oregon,f,high school or below,785810.98,28937.0,104.0,2,personal auto,suv,117.959654
gk71720,oregon,f,high school or below,606434.4,0.0,86.0,0,personal auto,four-door car,545.240341
oq61223,california,m,college,1749752.2,0.0,73.0,0,personal auto,two-door car,350.4
ll62746,oregon,m,doctor,897064.73,12829.0,118.0,0,personal auto,suv,328.231432
jq56711,oregon,f,master,592311.72,92163.0,73.0,0,personal auto,two-door car,66.568642
aw77988,oregon,m,high school or below,3585059.94,17588.0,192.0,0,personal auto,luxury,1382.4
qp84605,washington,f,bachelor,870984.53,41546.0,111.0,0,corporate auto,four-door car,121.306839
my97912,arizona,m,college,1330933.52,0.0,127.0,0,personal auto,suv,609.6
ib87349,california,m,high school or below,452850.49,70340.0,113.0,0,special auto,four-door car,542.4
aw73065,oregon,f,high school or below,279190.65,0.0,74.0,0,personal auto,four-door car,532.8
bw80872,washington,m,high school or below,443441.12,34549.0,111.0,0,personal auto,four-door car,125.933005
px70175,arizona,m,college,799600.75,93459.0,99.0,0,personal auto,four-door car,655.41333
kf75098,arizona,m,bachelor,512973.9,86148.0,65.0,2,personal auto,four-door car,312.0
is50283,california,f,bachelor,569717.52,27048.0,72.0,0,corporate auto,four-door car,345.6
my64920,oregon,f,college,921713.06,73259.0,115.0,0,personal auto,suv,673.34265
kn34250,oregon,f,college,1020892.76,35482.0,129.0,0,corporate auto,suv,619.2
gn46207,oregon,f,master,417068.73,29462.0,107.0,1,personal auto,suv,513.6
kl57176,oregon,f,college,450540.58,67801.0,115.0,1,personal auto,suv,23.810491
mn94234,california,m,high school or below,310756.86,0.0,94.0,4,personal auto,two-door car,451.2
jy90595,arizona,m,high school or below,552866.5,16042.0,73.0,0,personal auto,two-door car,350.4
hk26543,california,m,high school or below,504586.67,28056.0,64.0,1,personal auto,four-door car,307.2
pn86062,california,m,high school or below,296272.25,16495.0,85.0,3,corporate auto,four-door car,408.0
vw27730,california,f,master,866595.64,41163.0,108.0,0,corporate auto,suv,231.922173
sh55671,arizona,f,college,1141344.12,0.0,161.0,1,personal auto,luxury,772.8
mo56878,california,m,bachelor,1548843.2,33799.0,109.0,3,corporate auto,suv,664.980242
vo38365,washington,f,college,886114.95,90125.0,110.0,0,corporate auto,suv,128.645946
sv35618,oregon,f,bachelor,593474.15,87747.0,147.0,1,personal auto,suv,46.492039
rx12347,nevada,m,college,354323.21,35695.0,90.0,0,personal auto,four-door car,432.0
fr55658,california,m,master,349002.83,90985.0,87.0,0,personal auto,four-door car,78.085149
xs12556,california,f,college,368309.99,0.0,101.0,0,corporate auto,luxury,564.466556
zu73588,california,m,college,598977.39,66839.0,154.0,0,personal auto,luxury,739.2
wt43034,california,f,high school or below,1250084.3,0.0,165.0,0,personal auto,suv,792.0
vm13430,oregon,f,bachelor,860915.82,79090.0,107.0,0,corporate auto,suv,289.040734
tc78849,oregon,m,bachelor,249745.51,24825.0,64.0,0,personal auto,two-door car,155.938593
vc34764,california,m,college,701917.72,26806.0,63.0,0,personal auto,four-door car,302.4
wo90953,oregon,f,college,538792.63,56835.0,67.0,0,personal auto,two-door car,326.549425
iu47468,oregon,f,bachelor,616555.75,0.0,88.0,0,special auto,two-door car,653.65668
ko46064,california,m,bachelor,273020.29,46135.0,69.0,0,personal auto,four-door car,103.935601
rb34917,arizona,f,bachelor,516211.69,0.0,73.0,0,personal auto,four-door car,809.532341
bi38192,oregon,f,high school or below,793706.48,22862.0,67.0,0,personal auto,two-door car,321.6
pu18983,oregon,f,high school or below,860815.72,21450.0,110.0,2,personal auto,luxury,528.0
sw79912,oregon,m,bachelor,263254.58,95854.0,65.0,0,personal auto,two-door car,312.0
es39217,oregon,f,bachelor,778500.42,44897.0,99.0,1,personal auto,four-door car,580.72531
kp72427,washington,m,high school or below,2163983.86,64455.0,108.0,0,personal auto,suv,133.735395
ua19178,oregon,f,master,498082.5,53265.0,62.0,0,personal auto,four-door car,238.005074
pr53785,arizona,f,high school or below,745723.78,0.0,198.0,1,personal auto,luxury,1577.674417
xf57481,washington,m,master,1064093.93,50450.0,90.0,0,personal auto,two-door car,135.892444
cn90378,california,f,high school or below,686250.83,54780.0,88.0,3,personal auto,four-door car,135.26125
ki56154,nevada,m,high school or below,904898.34,0.0,119.0,0,personal auto,luxury,571.2
ui55951,california,m,bachelor,554803.19,67798.0,69.0,0,personal auto,four-door car,331.2
ff28650,oregon,m,bachelor,831268.16,21442.0,118.0,0,personal auto,suv,566.4
fs55302,california,m,bachelor,238998.1,27615.0,62.0,1,personal auto,four-door car,297.6
tn79487,california,m,bachelor,445811.34,17622.0,65.0,1,personal auto,four-door car,312.0
hg32616,nevada,m,high school or below,529574.17,50200.0,135.0,0,personal auto,luxury,637.063458
uk41984,arizona,f,doctor,383960.61,0.0,112.0,2,personal auto,suv,537.6
lz52266,california,f,high school or below,373150.46,0.0,96.0,0,personal auto,four-door car,460.8
pm27367,california,f,master,277890.37,73570.0,70.0,1,special auto,two-door car,75.936096
zk21724,oregon,f,high school or below,401654.2,0.0,111.0,0,personal auto,suv,799.2
bh35482,washington,m,doctor,493094.93,70412.0,61.0,0,corporate auto,two-door car,136.291083
qe22757,nevada,m,doctor,249131.7,36631.0,62.0,0,personal auto,four-door car,67.530904
on77649,oregon,f,college,290887.59,35895.0,73.0,0,personal auto,four-door car,312.921256
rn82884,arizona,f,college,428294.8,40864.0,109.0,1,personal auto,suv,166.937747
cq75652,oregon,m,college,834162.37,0.0,118.0,0,personal auto,four-door car,566.4
ff58467,arizona,f,master,509078.13,93018.0,63.0,0,personal auto,four-door car,135.382194
bs83666,oregon,m,bachelor,736618.83,70014.0,62.0,0,corporate auto,four-door car,17.742954
wo29605,oregon,f,college,243687.51,48875.0,61.0,0,personal auto,two-door car,1.838367
tl77607,california,m,bachelor,885268.87,67969.0,74.0,0,personal auto,four-door car,197.776009
ez50606,oregon,f,high school or below,2387547.68,0.0,108.0,0,corporate auto,suv,612.102262
os39723,oregon,f,doctor,560049.65,68665.0,69.0,0,personal auto,two-door car,331.2
fn69743,california,m,college,463654.65,26802.0,66.0,1,corporate auto,two-door car,316.8
xw96958,nevada,m,high school or below,757334.51,0.0,110.0,0,corporate auto,four-door car,1193.036154
tu92578,california,m,college,1469663.55,45345.0,125.0,0,personal auto,suv,600.0
tl43709,washington,m,bachelor,897214.03,89689.0,74.0,0,personal auto,four-door car,136.829537
ye68736,california,f,bachelor,772484.01,32051.0,193.0,1,personal auto,suv,926.4
ob96537,oregon,m,master,594667.07,81139.0,74.0,0,special auto,four-door car,392.6364
eu68825,oregon,f,master,800054.51,63834.0,100.0,1,personal auto,luxury,215.226476
cc31456,arizona,m,bachelor,645756.1,37548.0,81.0,0,special auto,four-door car,160.598662
dj77787,arizona,f,high school or below,728144.01,0.0,69.0,3,personal auto,four-door car,371.803029
ln26837,california,m,high school or below,259243.78,72421.0,65.0,0,personal auto,four-door car,312.0
yi92916,nevada,m,master,467842.34,83102.0,116.0,0,corporate auto,four-door car,443.670399
nw54906,oregon,m,college,1386992.71,28432.0,118.0,0,personal auto,suv,612.300581
me77513,nevada,f,master,871777.78,83707.0,108.0,0,corporate auto,four-door car,290.391526
uk76891,california,f,college,523398.68,63259.0,65.0,0,corporate auto,four-door car,316.795337
si26888,nevada,f,high school or below,476418.97,0.0,67.0,0,personal auto,four-door car,405.527937
yd74948,oregon,f,college,247246.92,63860.0,62.0,0,personal auto,four-door car,208.598246
hb64268,washington,m,bachelor,281369.26,43836.0,73.0,0,personal auto,four-door car,138.130879
bw52697,california,f,college,550505.7,86132.0,68.0,0,personal auto,two-door car,301.437365
nl41409,oregon,f,bachelor,260620.85,28519.0,66.0,0,personal auto,two-door car,456.473115
od69005,arizona,f,high school or below,1048194.38,39102.0,88.0,0,personal auto,four-door car,152.338562
zz91716,california,f,bachelor,325676.64,0.0,89.0,0,personal auto,four-door car,491.755368
uk70255,california,f,college,3047578.05,97298.0,128.0,0,personal auto,luxury,48.517439
qt25383,nevada,m,high school or below,636490.22,41986.0,84.0,2,personal auto,two-door car,430.375049
aw18068,arizona,m,high school or below,946850.93,0.0,88.0,0,personal auto,two-door car,633.6
ns45347,oregon,f,college,563145.19,17291.0,73.0,0,personal auto,four-door car,350.4
fv19421,california,m,bachelor,778099.93,0.0,74.0,0,personal auto,four-door car,246.489123
xw89091,california,m,college,981652.83,37256.0,62.0,0,personal auto,four-door car,128.969729
yc11951,oregon,m,high school or below,751913.36,96306.0,95.0,1,corporate auto,four-door car,185.355353
uy18770,california,f,bachelor,1017971.7,14290.0,271.0,0,personal auto,luxury,1300.8
ra49085,california,f,college,277283.92,37038.0,71.0,1,corporate auto,four-door car,9.071305
bg84194,oregon,m,college,403750.18,90760.0,103.0,2,special auto,suv,133.475315
pt64580,washington,m,master,419196.61,77048.0,103.0,0,personal auto,suv,141.199465
mr67738,oregon,f,high school or below,267686.79,54480.0,67.0,0,personal auto,four-door car,321.6
dm95829,california,m,college,252395.96,16244.0,68.0,0,personal auto,two-door car,623.223617
db75522,california,f,college,698840.16,22436.0,89.0,0,special auto,four-door car,427.2
lm34525,washington,f,college,874205.78,71592.0,72.0,0,personal auto,four-door car,141.725051
ww30771,arizona,m,master,267331.96,28728.0,67.0,0,personal auto,four-door car,321.6
qp65569,arizona,m,high school or below,1215732.99,57449.0,103.0,0,personal auto,four-door car,494.4
tn50051,california,f,doctor,295776.4,83318.0,73.0,0,personal auto,two-door car,211.336937
uo86707,washington,m,bachelor,717390.94,75217.0,61.0,1,personal auto,four-door car,147.080303
ja41698,nevada,m,bachelor,309953.8,0.0,102.0,5,corporate auto,suv,862.762957
nx18774,oregon,m,bachelor,841568.46,55308.0,107.0,0,corporate auto,suv,513.6
da69469,oregon,f,college,2684312.45,36068.0,97.0,0,personal auto,two-door car,113.367765
cn23147,oregon,m,bachelor,1305717.07,48804.0,112.0,1,corporate auto,four-door car,537.6
ra68844,oregon,m,college,959995.02,0.0,131.0,0,personal auto,suv,943.2
gh42026,oregon,m,bachelor,853510.89,55790.0,111.0,0,personal auto,suv,117.672722
bd16530,arizona,f,bachelor,829348.19,70258.0,69.0,0,personal auto,four-door car,225.145949
jh91579,oregon,f,bachelor,684615.03,0.0,95.0,0,personal auto,two-door car,456.0
wk23685,oregon,f,bachelor,663685.98,47274.0,83.0,1,corporate auto,four-door car,182.432565
gr62267,washington,f,college,560908.25,44705.0,71.0,0,personal auto,two-door car,148.173152
pi78084,arizona,m,high school or below,507732.09,0.0,73.0,0,personal auto,two-door car,525.6
gf97874,washington,f,master,527562.7,70446.0,65.0,0,personal auto,four-door car,155.570802
zh19885,washington,f,high school or below,251459.2,43860.0,65.0,0,personal auto,four-door car,156.124914
uk25655,oregon,f,bachelor,343525.01,64348.0,86.0,0,personal auto,two-door car,212.391975
qr45101,oregon,m,bachelor,662461.18,0.0,62.0,0,corporate auto,two-door car,297.6
el93539,california,m,master,575744.23,88997.0,72.0,0,special auto,four-door car,174.041566
ee99484,washington,f,high school or below,251459.2,43860.0,65.0,0,corporate auto,four-door car,156.124914
dp46882,california,f,high school or below,288645.16,10312.0,78.0,0,corporate auto,four-door car,486.278557
wp41146,california,f,high school or below,534143.88,0.0,72.0,1,personal auto,four-door car,345.6
tk60799,arizona,f,high school or below,416001.81,96263.0,103.0,0,personal auto,suv,1.924709
dn29808,california,f,college,284624.54,28919.0,72.0,0,corporate auto,four-door car,518.4
ss59521,oregon,f,college,477025.66,0.0,68.0,1,personal auto,two-door car,326.4
ng66579,oregon,m,bachelor,505961.62,41869.0,64.0,0,personal auto,two-door car,262.12205
tc14209,arizona,f,high school or below,909574.46,0.0,128.0,0,personal auto,suv,921.6
ed50963,california,f,high school or below,268886.4,32808.0,68.0,1,personal auto,four-door car,541.695658
gp40701,california,f,bachelor,827763.76,79780.0,68.0,0,personal auto,four-door car,326.4
cp98451,oregon,f,college,905793.53,91025.0,112.0,0,personal auto,suv,327.682669
nx52648,california,f,high school or below,380175.04,33043.0,95.0,0,personal auto,two-door car,456.0
zc32510,arizona,m,high school or below,933934.16,69442.0,118.0,3,personal auto,four-door car,1265.570302
ng27780,oregon,m,college,252012.32,0.0,70.0,0,corporate auto,four-door car,63.043197
hn95240,arizona,f,college,498409.53,0.0,70.0,0,corporate auto,four-door car,336.0
eb59129,oregon,f,bachelor,259574.8,47234.0,65.0,0,personal auto,four-door car,15.631363
ra70851,oregon,m,high school or below,743769.33,86863.0,92.0,0,personal auto,four-door car,441.6
pm19162,oregon,m,bachelor,1453678.76,25805.0,66.0,2,personal auto,four-door car,375.866091
ms59005,nevada,m,bachelor,591330.59,43676.0,76.0,0,personal auto,four-door car,364.8
su71163,arizona,m,college,277166.3,59855.0,74.0,4,personal auto,two-door car,355.2
bd35676,arizona,m,master,2919436.64,35296.0,126.0,0,personal auto,suv,452.616872
ni44621,oregon,f,master,988038.58,36576.0,125.0,1,personal auto,suv,113.450122
ew33419,california,f,high school or below,1511440.24,28513.0,100.0,1,corporate auto,suv,480.0
hx44948,oregon,m,bachelor,575991.08,85448.0,72.0,0,special auto,four-door car,16.03451
dl36983,oregon,f,high school or below,849516.42,23791.0,110.0,3,personal auto,two-door car,615.27228
xr87264,california,f,bachelor,438118.42,20597.0,112.0,0,personal auto,four-door car,615.256301
nn99001,arizona,f,college,699782.74,56940.0,87.0,0,personal auto,four-door car,512.66245
xv95530,oregon,m,bachelor,1143058.85,93210.0,71.0,0,personal auto,two-door car,74.523935
ol97871,oregon,f,bachelor,748248.61,48992.0,94.0,1,personal auto,four-door car,426.072946
hq23708,arizona,f,master,859691.66,53736.0,71.0,0,personal auto,two-door car,169.287785
wr63188,arizona,m,college,785496.08,25378.0,66.0,1,personal auto,four-door car,419.464143
ng82219,oregon,f,bachelor,258240.85,76731.0,64.0,0,personal auto,four-door car,201.455005
ku29408,washington,m,master,907576.82,37722.0,116.0,0,corporate auto,luxury,158.077504
re46783,california,f,bachelor,411858.86,69379.0,103.0,0,personal auto,two-door car,494.4
ru94434,oregon,m,high school or below,1215732.99,57449.0,103.0,0,personal auto,four-door car,494.4
gi82355,arizona,m,bachelor,515281.96,0.0,68.0,0,corporate auto,four-door car,326.4
vo26340,nevada,m,college,651297.65,0.0,93.0,0,personal auto,two-door car,669.6
nv61299,arizona,f,bachelor,2778969.24,33806.0,89.0,0,corporate auto,four-door car,395.729716
dx31066,washington,f,college,266727.0,94041.0,66.0,0,personal auto,four-door car,159.756733
cy50337,oregon,f,college,1092840.71,74965.0,90.0,0,personal auto,four-door car,58.557552
tj20375,arizona,f,high school or below,761538.13,34095.0,63.0,0,personal auto,two-door car,302.4
ep72155,california,f,college,200435.07,0.0,66.0,4,personal auto,four-door car,316.8
jj76159,california,m,college,243468.12,96045.0,61.0,0,corporate auto,four-door car,8.582971
bg15419,nevada,f,bachelor,1419536.03,86355.0,118.0,0,personal auto,luxury,285.418473
ao74776,california,f,high school or below,942768.49,27824.0,118.0,0,personal auto,suv,566.4
hq82233,california,m,high school or below,1198242.09,42995.0,101.0,0,personal auto,suv,410.508316
ol72737,oregon,f,high school or below,310278.95,21235.0,79.0,0,personal auto,two-door car,244.23135
zq59828,california,m,high school or below,422263.12,74585.0,106.0,0,personal auto,suv,218.598065
nz15548,oregon,m,bachelor,402381.44,41833.0,103.0,0,personal auto,four-door car,643.826716
xk61304,california,f,college,529715.18,23908.0,70.0,0,personal auto,four-door car,336.0
ej44139,oregon,m,bachelor,2142363.72,0.0,65.0,0,personal auto,two-door car,312.0
cm94425,arizona,m,bachelor,441620.62,61953.0,113.0,0,personal auto,suv,497.047297
ov54878,california,m,bachelor,463903.52,0.0,142.0,0,corporate auto,suv,1022.4
jf57282,nevada,m,bachelor,486354.46,0.0,137.0,0,personal auto,suv,657.6
my37953,arizona,f,bachelor,2583090.98,73760.0,107.0,1,personal auto,luxury,230.245772
xp64922,oregon,f,college,297431.49,23333.0,74.0,0,corporate auto,four-door car,5.622751
wl65572,california,m,college,206445.88,0.0,61.0,0,personal auto,four-door car,292.8
ln50325,arizona,f,high school or below,1006460.83,20440.0,128.0,2,corporate auto,luxury,614.4
hj15383,washington,m,master,803240.19,27658.0,68.0,0,personal auto,four-door car,160.07526
kh59823,california,m,college,548921.41,50943.0,139.0,0,special auto,suv,667.2
ym79169,california,m,bachelor,261275.67,19003.0,71.0,0,personal auto,two-door car,34.651305
dr38127,california,m,college,857346.39,46703.0,108.0,0,personal auto,four-door car,678.100487
pu42145,california,m,bachelor,2412750.4,14072.0,71.0,0,personal auto,four-door car,511.2
km33477,oregon,m,college,855038.66,21733.0,73.0,0,corporate auto,four-door car,525.6
ri53167,arizona,m,bachelor,230864.8,20811.0,61.0,0,personal auto,four-door car,292.8
of77789,arizona,f,high school or below,425462.07,11904.0,61.0,2,personal auto,two-door car,292.8
yb33445,oregon,f,college,898285.04,43490.0,114.0,4,corporate auto,suv,174.588413
ba17836,california,m,high school or below,786816.6,57340.0,67.0,0,corporate auto,four-door car,159.391681
js43228,california,m,college,770424.87,49088.0,97.0,0,corporate auto,four-door car,698.4
bb11622,nevada,m,master,1055217.0,47761.0,131.0,0,personal auto,suv,232.711071
hq70429,washington,f,college,1604510.95,0.0,65.0,0,personal auto,two-door car,163.046956
wk88044,arizona,m,bachelor,873783.75,61281.0,110.0,0,personal auto,suv,79.865605
la80525,nevada,m,bachelor,545489.07,0.0,82.0,1,corporate auto,two-door car,393.6
eh16250,arizona,m,bachelor,770528.33,25290.0,66.0,0,personal auto,four-door car,382.085897
pu41872,arizona,f,high school or below,703926.24,24239.0,88.0,0,personal auto,four-door car,48.348319
hb85743,california,m,bachelor,883808.56,82664.0,114.0,3,personal auto,suv,133.425609
mm71959,arizona,m,bachelor,873352.73,83210.0,110.0,0,personal auto,luxury,528.0
mb83663,oregon,f,bachelor,959747.48,38736.0,81.0,0,personal auto,two-door car,561.414794
kr43119,california,m,college,450666.02,0.0,66.0,0,personal auto,four-door car,316.8
kh24214,oregon,m,college,1785797.23,55437.0,64.0,1,personal auto,four-door car,445.287788
ac40767,washington,m,bachelor,249780.82,68041.0,6464.0,0,personal auto,two-door car,165.570243
hp55391,oregon,m,master,542613.62,0.0,71.0,0,corporate auto,four-door car,407.99684
eg62398,california,f,high school or below,799814.38,29066.0,100.0,0,personal auto,suv,844.229478
vs19949,nevada,m,bachelor,289762.07,54337.0,72.0,0,personal auto,four-door car,345.6
am92343,oregon,f,high school or below,1159950.22,67616.0,96.0,0,personal auto,four-door car,340.306584
gi68556,california,f,bachelor,1514793.06,41082.0,63.0,0,personal auto,two-door car,106.647493
jt11876,washington,f,high school or below,543576.78,0.0,10202.0,0,personal auto,four-door car,626.116259
xr64251,nevada,f,master,272535.64,36650.0,69.0,1,personal auto,four-door car,56.60333
mk34957,oregon,f,college,1329771.23,50631.0,112.0,4,special auto,suv,784.65781
gp18756,california,m,college,992704.97,19592.0,92.0,0,personal auto,four-door car,441.6
ap23850,washington,f,high school or below,1777154.9,0.0,114.0,0,personal auto,two-door car,547.2
kq65521,arizona,f,college,1826927.02,55761.0,115.0,0,personal auto,luxury,86.27772
ej19449,california,f,college,272221.07,17576.0,71.0,0,special auto,four-door car,398.502948
qb70027,california,f,bachelor,708321.24,41449.0,89.0,0,personal auto,four-door car,63.516572
qw47320,california,f,bachelor,1017971.7,14290.0,271.0,0,personal auto,luxury,1300.8
kh64733,nevada,f,college,588950.91,62007.0,73.0,0,personal auto,four-door car,120.015609
on59472,arizona,m,high school or below,1577139.34,21921.0,206.0,0,corporate auto,luxury,1254.137899
hp94242,arizona,f,bachelor,528817.33,42621.0,66.0,0,personal auto,four-door car,316.8
rv15398,oregon,m,college,2758055.4,0.0,87.0,1,personal auto,four-door car,417.6
ea25683,washington,m,high school or below,777853.23,63786.0,196.0,0,corporate auto,luxury,798.002689
pw73754,california,f,high school or below,734186.13,0.0,104.0,3,personal auto,luxury,82.041684
mc71942,california,f,high school or below,791919.7,82877.0,99.0,1,personal auto,two-door car,22.819088
ox72195,arizona,m,college,216387.02,0.0,63.0,0,corporate auto,two-door car,302.4
yq99152,nevada,m,high school or below,978780.88,10475.0,88.0,1,personal auto,two-door car,422.4
ki19439,oregon,f,high school or below,520764.08,21952.0,66.0,0,personal auto,four-door car,316.8
pm76175,oregon,f,bachelor,2114727.72,49721.0,132.0,0,corporate auto,luxury,639.971388
us45383,california,m,college,1228076.66,88340.0,102.0,0,personal auto,two-door car,489.6
gt38956,california,f,college,244139.42,0.0,65.0,0,personal auto,four-door car,312.0
sn41301,oregon,m,bachelor,653556.06,0.0,65.0,0,corporate auto,four-door car,468.0
be62503,washington,f,college,920659.83,24589.0,82.0,0,personal auto,two-door car,511.497882
pa16884,california,f,bachelor,411858.86,69379.0,103.0,0,personal auto,two-door car,494.4
nc58480,nevada,f,bachelor,483820.9,73769.0,61.0,2,personal auto,four-door car,239.540223
ns39326,california,f,college,462554.81,66670.0,114.0,0,personal auto,suv,518.180364
pn18507,arizona,m,bachelor,1404210.3,88854.0,118.0,0,personal auto,two-door car,715.252366
ek91340,oregon,m,bachelor,754661.35,31266.0,193.0,0,corporate auto,luxury,926.4
jy16280,california,f,high school or below,251459.2,43860.0,65.0,0,personal auto,four-door car,156.124914
zw71731,california,m,bachelor,517035.84,89284.0,133.0,2,corporate auto,suv,402.070719
zc24631,oregon,m,college,1391737.72,67267.0,89.0,0,corporate auto,four-door car,94.814032
yr34689,california,f,high school or below,1131813.08,79270.0,95.0,3,personal auto,four-door car,456.0
rt65829,oregon,m,bachelor,427636.36,36692.0,109.0,1,personal auto,four-door car,523.2
bz12077,oregon,f,high school or below,432224.03,0.0,119.0,0,personal auto,suv,571.2
wm65373,california,f,college,800230.83,0.0,107.0,0,corporate auto,suv,513.6
nh35059,nevada,m,college,388545.64,0.0,105.0,0,corporate auto,four-door car,504.0
qd38160,oregon,m,college,447177.82,0.0,135.0,0,personal auto,suv,972.0
bm15160,california,f,high school or below,849635.28,44624.0,71.0,1,special auto,four-door car,73.883044
vy79030,arizona,f,college,2250088.35,0.0,71.0,0,corporate auto,four-door car,340.8
ev19512,nevada,f,master,1630196.76,19614.0,85.0,0,personal auto,two-door car,574.024018
te13577,oregon,f,college,231973.59,0.0,64.0,0,personal auto,four-door car,632.715382
wy97929,arizona,m,college,871704.98,83846.0,74.0,3,special auto,four-door car,355.2
yg20683,washington,m,college,286011.17,51159.0,72.0,0,personal auto,four-door car,4.238626
fk75497,california,m,college,245340.83,83772.0,62.0,0,personal auto,two-door car,42.248087
ne60110,arizona,m,college,598977.39,66839.0,154.0,0,personal auto,luxury,739.2
tn36521,arizona,f,college,2498022.55,88440.0,70.0,0,personal auto,two-door car,27.145151
hg33568,arizona,f,master,748263.95,25666.0,63.0,2,personal auto,four-door car,270.002766
tw17878,oregon,f,high school or below,245757.6,52926.0,61.0,0,personal auto,four-door car,292.8
zo83562,nevada,f,bachelor,237974.12,0.0,67.0,0,personal auto,four-door car,494.946438
ch97539,washington,f,bachelor,828696.44,40001.0,70.0,0,personal auto,four-door car,142.567008
cv29889,california,m,college,239391.54,0.0,70.0,0,personal auto,four-door car,425.266308
mo33320,oregon,m,college,465715.95,18024.0,65.0,0,personal auto,two-door car,312.0
qz81258,oregon,f,college,1319792.89,0.0,68.0,3,personal auto,four-door car,326.4
ny56352,oregon,f,bachelor,280391.67,23220.0,74.0,0,personal auto,four-door car,251.334247
ea27048,california,f,high school or below,864650.41,64125.0,108.0,0,personal auto,suv,369.818708
ut38865,oregon,f,college,742587.06,58042.0,62.0,0,corporate auto,four-door car,161.419528
qc89139,oregon,f,high school or below,452873.74,90034.0,112.0,0,corporate auto,suv,537.6
la14484,nevada,m,high school or below,222707.28,27972.0,61.0,0,special auto,four-door car,292.8
hn57556,california,f,high school or below,729294.88,0.0,65.0,0,personal auto,four-door car,312.0
cv31235,arizona,m,bachelor,318435.52,50989.0,80.0,0,corporate auto,four-door car,255.999709
wr45726,arizona,f,bachelor,1131520.37,11885.0,101.0,0,special auto,four-door car,484.8
lb25094,california,f,bachelor,253070.51,89451.0,63.0,0,special auto,four-door car,61.769564
kw56110,oregon,m,bachelor,1836155.53,0.0,182.0,0,personal auto,luxury,1310.4
xo36233,washington,m,bachelor,864153.0,78904.0,109.0,0,personal auto,suv,250.001424
zx86243,arizona,m,doctor,327853.19,70247.0,83.0,1,personal auto,four-door car,141.799422
dw29763,arizona,m,high school or below,527198.21,32653.0,67.0,0,personal auto,two-door car,321.6
ct83377,washington,m,high school or below,376363.77,93595.0,97.0,4,special auto,four-door car,49.797016
oq90898,california,m,master,1395556.96,90279.0,115.0,0,personal auto,suv,372.175592
go77248,oregon,f,college,500152.75,0.0,72.0,0,personal auto,four-door car,542.14385
qw33258,california,m,bachelor,708283.04,53310.0,189.0,3,personal auto,luxury,1360.8
ou79745,california,m,college,761948.28,0.0,105.0,0,personal auto,four-door car,504.0
vz79886,oregon,f,bachelor,1255088.2,22234.0,160.0,0,personal auto,suv,768.0
fi92440,washington,f,high school or below,3219660.04,91375.0,99.0,0,personal auto,two-door car,72.632934
yg85980,nevada,f,high school or below,679377.41,22250.0,86.0,0,personal auto,two-door car,720.601429
qm74621,oregon,m,bachelor,527231.97,0.0,80.0,0,personal auto,four-door car,576.0
ei71732,oregon,f,doctor,626534.33,0.0,84.0,1,personal auto,four-door car,481.025786
vn79010,california,f,high school or below,854758.61,51179.0,71.0,0,corporate auto,four-door car,466.176731
fi61723,california,m,bachelor,278742.37,38667.0,72.0,0,personal auto,four-door car,159.266473
oh55411,california,f,master,462680.11,79487.0,114.0,0,corporate auto,suv,547.2
tf10720,nevada,f,doctor,866336.4,67763.0,107.0,2,personal auto,four-door car,41.283167
nw30838,nevada,m,high school or below,387222.22,0.0,62.0,2,corporate auto,four-door car,503.808329
cb58476,oregon,f,college,517081.15,0.0,71.0,0,corporate auto,four-door car,859.599411
wi69346,california,f,master,896028.02,71943.0,112.0,0,corporate auto,suv,305.653785
fs76657,oregon,f,college,547183.43,53526.0,68.0,0,personal auto,four-door car,278.902846
yx89016,oregon,m,college,3493100.17,35005.0,295.0,0,personal auto,luxury,1416.0
pk28821,california,m,college,262039.23,24721.0,67.0,0,personal auto,four-door car,139.963594
mb51200,washington,m,college,1906949.95,0.0,102.0,2,personal auto,four-door car,734.4
xg44587,arizona,m,master,575744.23,88997.0,72.0,0,personal auto,four-door car,174.041566
fg91922,arizona,m,master,4022401.36,48587.0,111.0,0,personal auto,suv,532.8
om99303,arizona,f,high school or below,270148.83,76310.0,67.0,0,personal auto,two-door car,321.6
rv67546,california,m,bachelor,371243.05,73205.0,92.0,0,personal auto,four-door car,37.299865
uj79253,oregon,f,college,2185084.0,51056.0,78.0,0,personal auto,four-door car,95.816516
pn98247,california,m,college,784016.58,58414.0,210.0,2,personal auto,luxury,1008.0
ib67546,california,f,bachelor,823703.79,23940.0,107.0,0,personal auto,suv,513.6
oe19087,california,f,high school or below,224347.39,0.0,62.0,0,personal auto,four-door car,446.4
cm95716,california,m,bachelor,843446.41,44216.0,71.0,0,personal auto,four-door car,72.205362
mw62634,california,m,high school or below,222707.28,27972.0,61.0,0,corporate auto,four-door car,292.8
qw67581,arizona,f,high school or below,517002.6,0.0,69.0,0,personal auto,four-door car,331.2
sn16059,california,f,master,264144.61,29305.0,66.0,0,personal auto,four-door car,475.2
oe51254,california,f,college,279068.3,53882.0,69.0,0,personal auto,four-door car,331.2
rm42344,oregon,m,college,274512.98,91757.0,69.0,1,personal auto,four-door car,331.2
gb35238,california,f,bachelor,757953.27,33906.0,64.0,0,personal auto,two-door car,401.592109
ml82674,oregon,m,bachelor,1097878.03,68158.0,139.0,1,personal auto,suv,253.183568
ei85244,california,m,college,825506.01,0.0,134.0,3,personal auto,suv,643.2
de28132,oregon,m,college,474773.46,42165.0,123.0,0,corporate auto,suv,799.673766
tv25678,washington,m,college,354090.43,0.0,101.0,0,personal auto,suv,727.2
ty26512,california,m,doctor,343613.43,30817.0,88.0,0,personal auto,four-door car,91.834668
ob69153,california,m,bachelor,258218.53,68074.0,65.0,0,personal auto,four-door car,27.987867
qz77637,washington,f,college,1166509.78,84978.0,35353.0,1,corporate auto,four-door car,166.77296
xn41715,california,f,master,739628.37,71135.0,92.0,1,personal auto,four-door car,270.563995
qr15857,california,f,college,433079.98,0.0,61.0,0,personal auto,two-door car,292.8
fl69363,oregon,m,master,907576.82,37722.0,116.0,0,personal auto,luxury,158.077504
is30295,arizona,f,bachelor,1463545.16,0.0,139.0,0,personal auto,suv,667.2
wa25797,washington,m,high school or below,856476.82,95697.0,107.0,0,personal auto,luxury,178.006524
nl59519,california,f,college,1156568.75,64642.0,96.0,0,personal auto,four-door car,404.265696
zu93025,oregon,f,college,277104.5,50071.0,71.0,0,personal auto,two-door car,18.918935
dk94262,oregon,m,high school or below,850712.88,46754.0,106.0,1,personal auto,suv,513.818403
uq30615,california,m,college,758211.38,64801.0,64.0,0,corporate auto,four-door car,268.471802
or40060,arizona,m,bachelor,332309.25,70410.0,83.0,0,personal auto,four-door car,131.828507
dk32872,nevada,f,high school or below,523433.17,66957.0,131.0,1,personal auto,suv,628.8
fa46418,nevada,f,high school or below,2470959.96,24213.0,78.0,1,personal auto,four-door car,374.4
er19995,washington,f,college,1778627.78,99790.0,6464.0,0,personal auto,four-door car,178.986788
ki75855,oregon,m,master,255122.67,79751.0,63.0,0,personal auto,two-door car,392.235698
nd41876,arizona,m,high school or below,724771.37,86122.0,182.0,1,personal auto,luxury,873.6
pn21042,arizona,m,bachelor,453884.78,82297.0,116.0,0,personal auto,luxury,0.382107
gj43254,washington,m,college,3164210.46,89057.0,98.0,0,corporate auto,two-door car,187.363583
al46984,california,m,high school or below,873042.2,43259.0,73.0,0,personal auto,four-door car,350.4
jp58047,oregon,m,college,833273.06,0.0,79.0,0,personal auto,four-door car,379.2
ze85014,california,m,college,235774.7,25064.0,62.0,0,personal auto,four-door car,297.6
ku88219,arizona,m,master,463716.4,25816.0,119.0,0,personal auto,luxury,571.2
uu98729,california,m,bachelor,535719.27,0.0,73.0,0,personal auto,four-door car,350.853987
ws82822,oregon,f,college,539197.1,41662.0,69.0,0,corporate auto,four-door car,217.973168
yb49933,arizona,m,bachelor,369414.05,96170.0,92.0,0,personal auto,four-door car,441.6
xc16387,arizona,f,high school or below,504041.24,46072.0,64.0,0,personal auto,four-door car,25.934064
xj96748,arizona,f,high school or below,2749542.19,37931.0,99.0,0,personal auto,four-door car,475.2
tm98684,oregon,m,high school or below,484228.5,35127.0,62.0,0,personal auto,four-door car,297.6
ay18433,washington,f,high school or below,2738281.89,45473.0,76.0,0,special auto,two-door car,188.938397
dm74502,nevada,f,college,522710.19,93087.0,131.0,3,corporate auto,luxury,628.8
ft56968,arizona,m,high school or below,259009.6,22398.0,67.0,2,personal auto,four-door car,321.6
ox36896,california,m,high school or below,1053607.8,92983.0,87.0,1,corporate auto,four-door car,153.205591
bz65376,arizona,m,bachelor,858127.87,27689.0,239.0,2,personal auto,luxury,2893.239678
ln34660,california,f,college,946311.33,69654.0,118.0,0,corporate auto,suv,629.532731
jc29295,california,f,bachelor,1344100.64,80744.0,111.0,0,personal auto,suv,361.284757
kj87930,california,f,bachelor,388650.48,0.0,112.0,0,corporate auto,suv,1185.988301
xt36360,arizona,f,high school or below,678489.37,0.0,64.0,1,personal auto,four-door car,460.8
ix35050,arizona,m,bachelor,2359468.02,76358.0,66.0,0,special auto,four-door car,86.461582
un97379,oregon,m,bachelor,253862.63,18608.0,71.0,0,corporate auto,four-door car,340.8
mr57294,california,m,high school or below,563994.2,73168.0,70.0,0,personal auto,four-door car,425.800112
ug79499,washington,m,bachelor,1168137.43,70930.0,99.0,0,personal auto,four-door car,190.43446
ua50747,washington,f,high school or below,2599775.0,62262.0,72.0,0,corporate auto,four-door car,193.505325
gl20444,nevada,f,master,1377836.93,91474.0,113.0,0,corporate auto,two-door car,24.087774
sp58110,california,f,bachelor,492318.17,61469.0,63.0,5,personal auto,four-door car,302.4
xm91635,arizona,f,high school or below,227233.54,16618.0,62.0,0,special auto,four-door car,219.288706
tv82603,california,f,bachelor,1489539.8,48081.0,188.0,0,personal auto,luxury,881.360959
bb82067,oregon,m,doctor,975604.5,67632.0,121.0,0,personal auto,luxury,26.951627
jp94676,oregon,f,bachelor,942297.41,34115.0,119.0,0,personal auto,suv,466.122541
vu53417,arizona,m,high school or below,383735.76,23051.0,99.0,0,personal auto,two-door car,475.2
iw54795,california,m,college,1095213.19,23748.0,99.0,0,personal auto,four-door car,607.095655
rn78170,arizona,f,college,815913.66,40589.0,69.0,0,corporate auto,four-door car,331.2
ix55883,california,f,college,1948049.98,50809.0,83.0,0,personal auto,four-door car,290.381707
xm72420,arizona,f,high school or below,391936.67,66676.0,97.0,0,personal auto,four-door car,558.099357
gc15104,nevada,f,bachelor,798514.21,52339.0,70.0,3,corporate auto,four-door car,336.0
rx13282,oregon,m,bachelor,1216874.49,14973.0,115.0,0,personal auto,suv,828.0
qa85890,arizona,f,high school or below,584932.15,0.0,83.0,0,corporate auto,four-door car,540.514115
ir62668,arizona,f,bachelor,508583.66,31546.0,65.0,0,personal auto,four-door car,100.049832
al96740,california,f,college,290393.98,67763.0,73.0,1,personal auto,four-door car,59.861963
ss48498,washington,f,college,627317.34,20836.0,79.0,0,corporate auto,four-door car,193.57032
pe39479,washington,m,college,1832141.9,88592.0,76.0,0,corporate auto,four-door car,199.79727
jh62891,oregon,f,college,517870.42,66943.0,65.0,1,special auto,four-door car,53.084753
fi20423,arizona,f,high school or below,1402435.84,81872.0,115.0,0,special auto,four-door car,256.43803
pm13394,washington,f,college,530943.59,22404.0,70.0,1,personal auto,four-door car,211.136067
yv67971,california,f,high school or below,494980.38,21342.0,62.0,0,personal auto,four-door car,74.350893
qd31377,california,m,bachelor,859566.53,34621.0,108.0,1,corporate auto,suv,621.464468
yg10247,oregon,m,college,2295189.2,62396.0,64.0,0,personal auto,four-door car,307.2
fe73696,oregon,m,high school or below,379213.03,97212.0,93.0,0,personal auto,two-door car,360.05589
sw19699,arizona,f,bachelor,275574.8,49648.0,70.0,0,personal auto,four-door car,65.954813
qj40732,arizona,m,college,488033.96,97984.0,61.0,1,personal auto,four-door car,407.450118
hm76207,california,f,college,905190.53,26308.0,114.0,0,corporate auto,suv,547.2
nt59303,oregon,f,college,1011544.62,63528.0,256.0,0,personal auto,luxury,1228.8
pu41393,nevada,m,college,826907.54,20225.0,114.0,1,special auto,suv,547.2
qo86948,nevada,m,high school or below,807165.3,0.0,112.0,0,personal auto,suv,806.4
qn10888,oregon,f,high school or below,772699.36,87620.0,64.0,0,personal auto,four-door car,24.063693
vy19543,california,f,bachelor,831113.59,0.0,72.0,0,corporate auto,four-door car,311.329282
xc15133,nevada,f,master,257402.04,34990.0,65.0,0,personal auto,four-door car,42.689135
st43550,oregon,m,bachelor,572732.71,99934.0,71.0,0,special auto,four-door car,460.323855
fx36546,washington,m,master,367914.21,60804.0,92.0,0,personal auto,four-door car,213.225001
jx68983,oregon,m,bachelor,274451.96,94648.0,69.0,0,personal auto,four-door car,331.2
hx78576,california,f,high school or below,563674.03,24516.0,71.0,0,personal auto,four-door car,300.607591
zq11381,arizona,m,bachelor,1687038.82,61063.0,85.0,0,personal auto,four-door car,262.504882
on39271,california,m,master,273800.2,0.0,74.0,0,personal auto,two-door car,263.365432
sb18278,oregon,m,bachelor,464470.05,0.0,64.0,0,corporate auto,four-door car,307.2
zt30559,california,f,high school or below,474668.65,15169.0,63.0,0,personal auto,four-door car,302.4
xi41106,arizona,m,college,1687432.82,55390.0,71.0,0,corporate auto,two-door car,256.268091
zs88847,oregon,f,bachelor,238760.61,27592.0,62.0,0,personal auto,four-door car,297.6
ru49126,washington,f,college,446533.57,61846.0,112.0,0,personal auto,suv,215.8182
kr62797,arizona,f,high school or below,459162.59,83297.0,113.0,0,personal auto,suv,542.4
zj73220,arizona,f,college,1309258.58,0.0,188.0,0,special auto,luxury,1353.6
fy62633,oregon,m,bachelor,911226.66,0.0,90.0,0,personal auto,four-door car,432.0
cu36986,california,f,high school or below,416516.66,55897.0,104.0,0,personal auto,four-door car,499.2
wz53904,arizona,m,bachelor,265998.06,21297.0,71.0,0,personal auto,four-door car,45.507952
aa71604,arizona,f,master,1198659.21,87560.0,98.0,1,personal auto,two-door car,470.4
td10493,oregon,f,high school or below,289873.27,0.0,96.0,4,personal auto,four-door car,691.2
ly97989,oregon,f,bachelor,289424.39,0.0,85.0,0,personal auto,four-door car,408.0
vx39856,arizona,f,doctor,350045.44,89398.0,86.0,0,personal auto,four-door car,82.409922
tp51897,california,f,college,262180.86,36843.0,68.0,3,corporate auto,four-door car,357.642982
qq89253,oregon,f,college,1022180.5,0.0,134.0,0,personal auto,suv,643.2
ei91403,california,m,high school or below,257827.1,34946.0,65.0,0,personal auto,two-door car,420.35698
qg15435,arizona,f,college,624259.57,75680.0,78.0,0,personal auto,four-door car,136.787725
fz55002,nevada,f,doctor,522028.1,0.0,69.0,0,personal auto,four-door car,331.2
hx77930,washington,f,college,313643.21,49532.0,79.0,1,personal auto,four-door car,220.186677
un37063,arizona,m,bachelor,452536.58,10269.0,65.0,0,personal auto,two-door car,170.798204
vb87946,california,m,college,497035.73,49714.0,63.0,3,personal auto,four-door car,266.165535
ab60627,california,m,high school or below,1546778.9,77517.0,129.0,0,corporate auto,suv,98.921782
ta34903,oregon,m,high school or below,583889.92,81082.0,73.0,0,personal auto,four-door car,281.295903
aq51368,oregon,f,bachelor,1065688.2,72540.0,88.0,0,corporate auto,two-door car,631.743039
nz26102,oregon,f,high school or below,228961.87,0.0,65.0,0,personal auto,four-door car,468.0
gb45753,california,m,high school or below,543980.42,61546.0,68.0,0,corporate auto,two-door car,29.209521
bv79904,california,f,master,795615.01,44818.0,67.0,1,personal auto,two-door car,136.883999
ob49075,arizona,m,bachelor,445811.34,17622.0,65.0,1,personal auto,four-door car,312.0
ds97676,oregon,f,college,255505.15,0.0,72.0,0,personal auto,four-door car,518.4
jo63462,california,m,bachelor,330799.9,79797.0,84.0,0,corporate auto,two-door car,31.755601
nj10602,washington,f,college,845905.32,92717.0,70.0,0,personal auto,two-door car,224.27582
rs24501,oregon,f,college,1335012.09,28919.0,173.0,0,personal auto,suv,830.4
vt78274,arizona,m,college,493122.13,0.0,68.0,0,personal auto,four-door car,480.159011
su56153,nevada,m,bachelor,777683.52,63568.0,65.0,0,corporate auto,two-door car,390.792553
mn20737,nevada,f,college,255367.22,73935.0,64.0,1,corporate auto,four-door car,72.071195
kl43114,arizona,f,high school or below,487646.97,0.0,66.0,0,corporate auto,two-door car,316.8
yq15567,oregon,f,bachelor,903430.58,18846.0,115.0,0,personal auto,suv,552.0
tr88637,arizona,f,high school or below,810591.08,38893.0,103.0,0,personal auto,suv,41.965252
tc88986,oregon,m,high school or below,561968.91,0.0,153.0,0,special auto,suv,1027.000029
xx88577,california,m,bachelor,1572713.06,84824.0,196.0,0,corporate auto,suv,319.820747
ne49052,california,f,high school or below,661801.64,20068.0,86.0,0,corporate auto,four-door car,411.011162
kx17826,oregon,m,doctor,467004.8,0.0,125.0,0,corporate auto,suv,600.0
cc91503,arizona,f,high school or below,1016936.98,0.0,135.0,0,personal auto,luxury,648.0
wh32183,california,m,bachelor,832307.4,97245.0,70.0,0,personal auto,four-door car,4.110585
es90681,california,f,college,241776.0,51808.0,61.0,1,personal auto,four-door car,351.149904
dw96592,california,m,bachelor,804487.24,71391.0,67.0,0,personal auto,four-door car,284.000172
mt23134,oregon,m,high school or below,532572.45,0.0,73.0,0,personal auto,two-door car,496.474767
bm69081,arizona,m,bachelor,694752.4,0.0,100.0,0,personal auto,suv,925.137143
mb90871,oregon,f,college,584741.52,23496.0,77.0,0,special auto,four-door car,13.164097
gt62080,washington,m,high school or below,0.0,55561.0,63.0,0,personal auto,four-door car,227.872071
ql77686,nevada,f,college,472478.61,23986.0,119.0,0,corporate auto,suv,463.335061
on77827,arizona,f,master,279022.8,22974.0,71.0,0,personal auto,four-door car,180.667969
kp18988,oregon,f,high school or below,2153133.28,0.0,101.0,0,personal auto,four-door car,484.8
ti92884,arizona,m,bachelor,1262283.27,61844.0,106.0,0,personal auto,luxury,508.8
jh73503,arizona,m,doctor,2017196.15,24804.0,73.0,0,personal auto,two-door car,350.4
ye97964,california,f,bachelor,1646436.59,27760.0,104.0,0,personal auto,suv,302.764283
va30351,oregon,f,high school or below,559538.99,74454.0,71.0,0,personal auto,four-door car,340.8
pv55726,oregon,f,master,417068.73,29462.0,107.0,1,personal auto,suv,513.6
uc88305,arizona,f,college,266544.71,52266.0,68.0,0,corporate auto,two-door car,141.922839
ts53809,oregon,m,bachelor,709891.41,0.0,70.0,0,personal auto,two-door car,349.783046
zv32120,california,m,doctor,397134.51,23599.0,103.0,0,corporate auto,suv,494.4
fb80807,oregon,m,bachelor,552821.28,36088.0,72.0,0,personal auto,four-door car,345.6
as55677,california,f,high school or below,833899.58,70534.0,104.0,0,personal auto,four-door car,54.065538
wa15684,oregon,m,college,3844585.59,27398.0,125.0,1,personal auto,suv,600.0
sa50567,nevada,m,bachelor,544855.52,85296.0,68.0,0,personal auto,four-door car,342.515136
kj31611,arizona,m,high school or below,1080806.6,31063.0,92.0,0,personal auto,four-door car,441.6
vl37375,california,m,bachelor,618509.65,0.0,92.0,0,personal auto,two-door car,1027.177255
kn21017,nevada,m,high school or below,320822.59,52367.0,81.0,0,personal auto,four-door car,275.989978
px44289,arizona,m,college,548010.41,58651.0,71.0,0,personal auto,four-door car,472.599683
am97901,nevada,f,college,2298615.39,84831.0,192.0,0,special auto,luxury,1336.931716
re42925,oregon,m,bachelor,1310792.59,49088.0,114.0,1,corporate auto,suv,547.2
tr81766,california,f,college,746292.63,70263.0,93.0,0,corporate auto,two-door car,7.345946
ch85057,oregon,f,doctor,1146399.1,45354.0,285.0,0,personal auto,luxury,540.141566
up71482,arizona,m,high school or below,723613.25,0.0,63.0,0,personal auto,four-door car,383.363758
eg40670,california,f,bachelor,623268.79,28334.0,83.0,0,special auto,four-door car,537.765151
hv83672,oregon,f,bachelor,2839332.99,38772.0,90.0,0,personal auto,four-door car,321.873474
mg10140,oregon,f,college,374675.16,41479.0,94.0,1,personal auto,two-door car,19.575683
tc44716,california,m,bachelor,2156933.73,23909.0,119.0,0,personal auto,suv,571.2
qo65264,california,m,college,501208.37,48328.0,63.0,0,personal auto,two-door car,108.138715
eb66698,california,m,high school or below,337185.84,86689.0,85.0,0,corporate auto,two-door car,408.0
ot52034,california,m,bachelor,386477.68,24204.0,99.0,1,personal auto,four-door car,707.303416
ch85444,oregon,m,college,414571.19,25943.0,110.0,0,corporate auto,two-door car,1067.333126
pu85769,california,m,high school or below,515607.27,0.0,73.0,0,personal auto,four-door car,807.947292
ui73201,california,m,college,366737.5,62375.0,92.0,0,personal auto,two-door car,618.630955
sl50592,california,f,high school or below,783568.35,0.0,71.0,0,corporate auto,four-door car,404.272806
xp11075,arizona,m,bachelor,1456726.84,0.0,148.0,0,personal auto,suv,710.4
si31236,oregon,m,bachelor,1017133.9,70200.0,65.0,0,corporate auto,four-door car,312.0
jn26745,nevada,f,bachelor,413577.52,0.0,112.0,0,special auto,four-door car,707.977614
vk48036,oregon,f,college,551149.11,79027.0,70.0,0,corporate auto,four-door car,336.0
jx76668,washington,f,high school or below,1131424.39,62935.0,141.0,0,personal auto,luxury,232.242326
ds45802,california,f,high school or below,541461.73,26893.0,68.0,0,personal auto,four-door car,68.226001
oa96690,oregon,f,high school or below,742159.35,47406.0,94.0,1,personal auto,four-door car,287.149807
em27919,california,m,bachelor,445811.34,17622.0,65.0,1,personal auto,four-door car,312.0
qo41043,oregon,f,college,1447612.49,27572.0,124.0,0,corporate auto,suv,595.2
ov50124,oregon,f,college,493688.84,0.0,72.0,2,personal auto,two-door car,391.636628
pr31642,oregon,f,bachelor,452527.65,32802.0,114.0,0,personal auto,suv,547.2
bu41599,washington,f,master,558176.13,62739.0,70.0,0,personal auto,two-door car,239.328571
tk30357,california,f,bachelor,1413434.74,90844.0,118.0,0,personal auto,suv,232.674417
nf31087,nevada,f,high school or below,2472318.31,44685.0,69.0,0,personal auto,four-door car,331.2
nh16984,california,f,bachelor,283806.78,0.0,80.0,0,personal auto,four-door car,336.50961
os75493,california,f,high school or below,384848.36,42589.0,98.0,0,corporate auto,four-door car,470.4
vt63298,oregon,m,bachelor,1950447.39,0.0,72.0,0,personal auto,four-door car,345.6
qs75550,washington,f,bachelor,248004.59,93383.0,62.0,0,corporate auto,two-door car,244.212286
sz16483,arizona,f,high school or below,436137.29,79583.0,109.0,2,personal auto,four-door car,523.2
vm92311,arizona,f,high school or below,252907.75,89129.0,64.0,0,personal auto,four-door car,328.870868
nj46849,arizona,m,college,250444.48,0.0,69.0,0,personal auto,four-door car,496.8
wz31900,oregon,f,bachelor,864970.06,94389.0,107.0,0,corporate auto,suv,85.063708
rg30482,oregon,f,college,1366835.53,0.0,197.0,0,personal auto,suv,1418.4
zm86949,oregon,f,high school or below,2063508.46,84106.0,64.0,0,personal auto,two-door car,334.408717
qq39596,arizona,f,college,251753.36,0.0,69.0,0,personal auto,four-door car,42.096415
fh51383,california,f,high school or below,532667.77,76717.0,66.0,0,personal auto,two-door car,300.528579
bj53923,arizona,m,high school or below,260027.21,51978.0,66.0,0,corporate auto,four-door car,144.782152
cz96653,oregon,f,bachelor,853479.28,47325.0,107.0,0,personal auto,suv,64.598216
fb23788,oregon,m,high school or below,882883.5,86721.0,111.0,0,corporate auto,suv,532.8
nt43594,nevada,f,bachelor,224844.96,24910.0,63.0,1,personal auto,four-door car,347.857619
rj85627,washington,f,bachelor,1230276.24,43817.0,62.0,1,personal auto,four-door car,245.447622
kj86296,oregon,m,high school or below,455659.3,0.0,73.0,2,personal auto,four-door car,525.6
pi47776,oregon,f,bachelor,253070.51,89451.0,63.0,0,corporate auto,four-door car,61.769564
md73554,california,m,college,525198.4,59537.0,66.0,0,personal auto,two-door car,316.8
ux92071,oregon,m,high school or below,674311.93,0.0,199.0,0,personal auto,luxury,955.2
yg44474,oregon,m,college,1401472.13,54193.0,117.0,0,corporate auto,suv,720.752945
uh45301,oregon,m,college,943891.56,86946.0,118.0,0,personal auto,four-door car,340.656963
ry92647,california,f,bachelor,1050677.17,0.0,92.0,0,personal auto,four-door car,546.524896
ik12620,arizona,f,high school or below,421391.86,12160.0,109.0,0,personal auto,four-door car,489.411833
gq66762,california,m,college,477368.64,33701.0,63.0,0,personal auto,four-door car,171.325856
yt69858,washington,f,bachelor,544142.01,85702.0,67.0,0,personal auto,two-door car,249.085887
xd85577,california,m,bachelor,284226.69,69417.0,73.0,1,personal auto,four-door car,30.874869
tm65736,oregon,m,master,305955.03,38644.0,78.0,1,personal auto,four-door car,361.455219
vj51327,california,f,high school or below,2031499.76,63209.0,102.0,2,personal auto,suv,207.320041
gs98873,arizona,f,bachelor,323912.47,16061.0,88.0,0,personal auto,four-door car,633.6
cw49887,california,f,master,462680.11,79487.0,114.0,0,special auto,suv,547.2
my31220,california,f,college,899704.02,54230.0,112.0,0,personal auto,two-door car,537.6
unknown,unknown,unknown,unknown,0.0,0.0,0.0,0,unknown,unknown,0.0
uh35128,oregon,f,college,2580706.3,71210.0,214.0,1,personal auto,luxury,1027.2
wh52799,arizona,f,college,380812.21,94903.0,94.0,0,corporate auto,two-door car,451.2
wl99637,arizona,m,bachelor,761413.8,27293.0,96.0,0,personal auto,two-door car,469.030907
uc84059,california,f,master,689845.53,70950.0,171.0,0,personal auto,luxury,565.929394
hw62747,oregon,m,college,229837.92,0.0,63.0,0,corporate auto,four-door car,302.4
bh11344,oregon,f,doctor,280669.61,37009.0,71.0,0,corporate auto,two-door car,145.673348
tx28465,nevada,m,college,520611.82,52629.0,65.0,0,personal auto,four-door car,136.684141
ok56965,california,f,bachelor,4570865.34,31264.0,198.0,1,personal auto,luxury,825.657746
wt22392,oregon,f,college,800734.91,65473.0,67.0,0,personal auto,four-door car,277.685667
ph85036,washington,f,bachelor,548254.94,79325.0,68.0,0,corporate auto,four-door car,251.294821
kc71643,oregon,m,high school or below,246323.68,99144.0,61.0,0,corporate auto,four-door car,292.8
nr32615,california,m,college,549894.07,22520.0,73.0,0,corporate auto,four-door car,350.4
gs69842,arizona,f,bachelor,524382.8,36615.0,65.0,0,special auto,four-door car,264.563772
wt71621,washington,f,bachelor,328045.73,63297.0,82.0,0,personal auto,four-door car,251.756739
kd23847,arizona,f,high school or below,488654.43,76374.0,61.0,0,personal auto,four-door car,292.8
pe59368,washington,f,bachelor,512348.5,72096.0,6464.0,0,personal auto,two-door car,252.330905
nk91488,nevada,m,master,547955.51,56005.0,68.0,1,personal auto,four-door car,326.4
cr33417,washington,f,master,476215.7,36529.0,118.0,0,personal auto,suv,255.005116
wp73172,oregon,f,bachelor,828767.93,81367.0,103.0,0,special auto,suv,415.768941
ps30217,california,f,bachelor,988665.64,44817.0,83.0,0,personal auto,four-door car,527.421579
el62967,oregon,f,high school or below,271291.56,58508.0,69.0,0,personal auto,two-door car,57.614392
mu23938,oregon,m,bachelor,1047767.63,45259.0,138.0,0,personal auto,suv,272.217171
vc83809,california,m,doctor,343613.43,30817.0,88.0,0,personal auto,four-door car,91.834668
vl34577,oregon,f,high school or below,259618.52,0.0,72.0,0,personal auto,two-door car,345.6
qe12539,california,m,doctor,1273195.16,40870.0,105.0,0,personal auto,suv,504.0
yo15246,nevada,m,high school or below,349414.79,35001.0,96.0,3,personal auto,four-door car,460.8
wf73839,arizona,f,college,759791.07,49937.0,64.0,0,personal auto,two-door car,302.586407
tj11671,oregon,f,bachelor,401521.45,0.0,109.0,0,personal auto,four-door car,523.2
sv34223,california,f,college,2047710.84,58317.0,73.0,0,personal auto,four-door car,350.4
xd19546,california,f,high school or below,816068.98,0.0,109.0,0,personal auto,suv,523.2
oy95739,nevada,m,high school or below,1229868.63,17101.0,113.0,0,corporate auto,suv,542.4
sw57539,california,f,college,871492.21,0.0,118.0,0,corporate auto,suv,566.4
ia62027,arizona,f,bachelor,485353.42,0.0,65.0,0,personal auto,four-door car,468.0
fz20933,oregon,m,high school or below,488094.64,24398.0,63.0,1,personal auto,four-door car,302.4
wr62597,oregon,m,college,231138.21,24641.0,61.0,0,corporate auto,four-door car,294.92773
ku61611,arizona,m,high school or below,432709.89,69040.0,108.0,0,corporate auto,luxury,518.4
xw98867,oregon,m,high school or below,1229868.63,17101.0,113.0,0,personal auto,suv,542.4
pp80817,california,f,high school or below,832353.33,59886.0,104.0,0,personal auto,luxury,71.729298
dt77901,oregon,f,bachelor,1017971.7,14290.0,271.0,0,personal auto,luxury,1300.8
dx34647,california,f,college,776126.78,43137.0,96.0,0,personal auto,two-door car,460.8
od56551,oregon,m,college,523989.09,27978.0,69.0,1,personal auto,four-door car,447.911255
oo63074,california,f,bachelor,451790.88,25261.0,118.0,0,personal auto,suv,566.4
eh24828,nevada,m,college,238977.41,58652.0,64.0,5,personal auto,four-door car,307.2
cx99919,nevada,f,college,413062.88,28321.0,111.0,0,corporate auto,suv,537.391704
dg80424,washington,f,college,269156.9,77411.0,67.0,0,personal auto,four-door car,257.900458
nu32697,oregon,m,college,522776.64,0.0,72.0,0,corporate auto,four-door car,518.4
pu98976,california,f,bachelor,618734.57,0.0,88.0,0,personal auto,four-door car,633.6
zr20842,arizona,m,college,511387.47,94415.0,127.0,1,personal auto,luxury,492.770321
nf35573,oregon,m,high school or below,1103931.62,0.0,103.0,0,special auto,suv,1149.203884
df66914,arizona,f,bachelor,3222708.39,45331.0,100.0,0,personal auto,suv,572.635987
ym99866,arizona,m,high school or below,261196.59,53904.0,67.0,2,personal auto,four-door car,321.6
vh62084,california,m,high school or below,1337232.77,0.0,74.0,0,personal auto,four-door car,811.086484
se28250,arizona,m,bachelor,483898.19,0.0,70.0,2,special auto,four-door car,336.0
md86050,oregon,m,high school or below,472165.9,0.0,67.0,0,personal auto,four-door car,482.4
gf17866,oregon,m,college,387364.7,28142.0,105.0,0,corporate auto,luxury,701.708239
ub16654,washington,m,master,471855.85,15680.0,6464.0,0,personal auto,four-door car,260.879903
ko44736,oregon,m,bachelor,1697979.76,35095.0,73.0,0,personal auto,two-door car,525.6
ki55845,oregon,f,college,1368171.18,55588.0,114.0,0,personal auto,suv,547.2
jj24476,arizona,f,master,571722.19,52391.0,71.0,0,personal auto,two-door car,409.763267
vc68509,oregon,f,bachelor,948659.64,42240.0,79.0,0,personal auto,four-door car,46.386546
qn62502,oregon,f,bachelor,383914.37,70146.0,96.0,0,personal auto,four-door car,157.440069
el92515,oregon,f,college,1121159.03,41121.0,94.0,0,personal auto,four-door car,451.2
vl84149,oregon,f,college,2580706.3,71210.0,214.0,1,corporate auto,luxury,1027.2
jx19907,oregon,m,bachelor,379832.17,0.0,107.0,1,corporate auto,two-door car,1261.943541
bc66921,nevada,f,high school or below,281656.74,41228.0,71.0,0,personal auto,four-door car,340.8
rk24470,washington,m,bachelor,502929.7,40113.0,67.0,3,corporate auto,two-door car,262.047663
gn80437,oregon,f,college,344496.75,0.0,91.0,0,special auto,four-door car,596.050118
ah65907,california,f,bachelor,285940.86,51790.0,71.0,0,personal auto,four-door car,340.8
vg57728,california,m,high school or below,269205.76,92593.0,68.0,0,corporate auto,four-door car,8.44322
af81450,california,m,high school or below,1143173.09,28657.0,100.0,0,personal auto,suv,588.742251
yi28422,oregon,m,high school or below,763588.33,30262.0,98.0,1,personal auto,four-door car,499.22561
gr26937,oregon,f,master,980582.96,47197.0,81.0,0,corporate auto,four-door car,76.112618
br99015,california,f,bachelor,680361.56,0.0,94.0,0,personal auto,four-door car,451.2
pb11270,oregon,f,bachelor,710765.54,0.0,61.0,0,personal auto,four-door car,541.561209
pz89632,oregon,f,high school or below,473518.45,0.0,134.0,0,personal auto,suv,964.8
lv62981,arizona,m,college,687432.67,22093.0,87.0,0,corporate auto,two-door car,616.749885
as97690,arizona,m,college,241125.66,54483.0,61.0,0,personal auto,two-door car,292.8
sg32258,arizona,f,college,241654.24,18944.0,63.0,0,personal auto,four-door car,125.274351
my80583,oregon,f,bachelor,2398154.34,84365.0,66.0,0,personal auto,four-door car,316.8
ws57286,arizona,m,college,469216.52,0.0,64.0,0,personal auto,four-door car,137.169296
mf53477,california,f,high school or below,360093.43,25147.0,101.0,0,corporate auto,suv,694.598288
dq28641,nevada,m,high school or below,266522.25,14315.0,71.0,0,personal auto,four-door car,511.2
ex46492,arizona,f,master,766652.04,87864.0,94.0,0,personal auto,two-door car,421.456547
vw20823,california,m,high school or below,1667589.62,57844.0,85.0,1,personal auto,four-door car,408.0
lh26563,oregon,f,high school or below,455085.6,17913.0,116.0,0,personal auto,four-door car,556.8
fr56877,arizona,f,high school or below,1176393.57,28806.0,99.0,0,special auto,four-door car,475.2
zy99878,california,m,high school or below,1374253.72,90343.0,175.0,0,personal auto,suv,833.072722
cs15289,oregon,f,master,1613841.63,79041.0,199.0,0,personal auto,luxury,419.26062
mm49431,washington,m,bachelor,729858.36,74069.0,63.0,2,personal auto,two-door car,275.516438
ia96447,california,m,college,667373.77,85019.0,167.0,0,personal auto,luxury,801.6
pt32230,california,f,high school or below,778212.68,70059.0,194.0,0,personal auto,luxury,253.740993
nk73719,california,f,college,1939321.15,70503.0,164.0,1,corporate auto,suv,41.05291
oh15771,california,m,bachelor,397413.82,0.0,117.0,0,personal auto,suv,561.6
xp61034,oregon,m,bachelor,410558.1,39492.0,105.0,0,personal auto,suv,756.0
zn34245,arizona,m,college,230847.21,0.0,68.0,0,corporate auto,four-door car,489.6
fx55923,arizona,m,bachelor,537291.45,50405.0,70.0,1,personal auto,four-door car,7.069583
zz83340,oregon,f,doctor,550831.55,96021.0,68.0,0,personal auto,two-door car,315.004602
ha99340,oregon,m,high school or below,239833.32,0.0,65.0,0,personal auto,two-door car,422.947888
le43061,california,m,high school or below,372883.01,0.0,105.0,0,personal auto,four-door car,756.0
uf77413,oregon,m,college,275849.86,65794.0,69.0,1,personal auto,four-door car,277.27294
uy45293,oregon,m,bachelor,370393.03,21975.0,95.0,0,corporate auto,four-door car,456.0
th84309,california,m,high school or below,937284.36,0.0,126.0,0,personal auto,suv,604.8
pz94551,oregon,f,bachelor,499158.45,56649.0,125.0,0,special auto,suv,780.090361
ue76013,washington,f,master,503986.93,35984.0,128.0,3,personal auto,suv,275.577631
hs85465,california,m,bachelor,275997.83,92296.0,69.0,0,corporate auto,two-door car,331.2
si78985,oregon,f,bachelor,799300.4,39448.0,103.0,3,personal auto,four-door car,66.020788
kf50730,california,f,bachelor,523557.35,71794.0,131.0,0,personal auto,suv,457.471225
jo13576,california,f,high school or below,263301.18,21861.0,69.0,0,personal auto,four-door car,348.278032
hj79774,oregon,f,college,276480.23,31591.0,72.0,4,corporate auto,four-door car,240.241499
ki18648,arizona,f,bachelor,808484.64,60662.0,68.0,0,special auto,two-door car,326.4
el99335,california,f,college,268517.77,20608.0,73.0,0,personal auto,four-door car,350.4
le84979,california,f,master,1220812.0,21331.0,103.0,0,personal auto,suv,419.062661
ce12380,arizona,f,college,2009043.87,0.0,66.0,1,corporate auto,four-door car,252.149798
bj22117,washington,m,master,513341.48,53390.0,6464.0,0,personal auto,four-door car,278.999409
jf83834,oregon,m,doctor,249131.7,36631.0,62.0,0,corporate auto,four-door car,67.530904
yn10988,california,m,high school or below,631459.68,0.0,87.0,0,personal auto,four-door car,417.6
yx15941,oregon,m,college,1622964.89,26030.0,139.0,1,corporate auto,luxury,667.2
zb50601,nevada,m,college,516178.99,0.0,70.0,0,personal auto,four-door car,469.491537
hp50399,nevada,m,bachelor,398226.61,0.0,113.0,0,personal auto,suv,542.4
gc17585,arizona,m,bachelor,1347318.57,25302.0,70.0,1,personal auto,four-door car,336.0
qw17286,washington,f,master,277832.39,66030.0,69.0,1,personal auto,four-door car,282.153792
do41287,oregon,m,high school or below,827644.42,0.0,82.0,0,personal auto,four-door car,590.4
gt54462,arizona,m,bachelor,1434985.99,73222.0,180.0,0,personal auto,suv,821.51673
bt76268,california,f,college,587819.93,22061.0,74.0,0,personal auto,four-door car,355.2
qm38267,arizona,f,high school or below,266605.45,86321.0,66.0,0,personal auto,four-door car,316.8
lp82042,oregon,m,bachelor,534568.1,54668.0,68.0,1,personal auto,four-door car,326.4
ef52978,arizona,f,high school or below,477712.16,0.0,62.0,0,personal auto,four-door car,297.6
gh54524,california,m,high school or below,1697374.02,69497.0,142.0,0,personal auto,suv,92.286763
dp26592,oregon,m,high school or below,251811.21,86617.0,63.0,0,personal auto,four-door car,188.325603
up29839,nevada,f,master,1916098.99,22705.0,239.0,0,personal auto,luxury,1294.700423
ib80924,washington,f,high school or below,3286440.46,90783.0,104.0,2,personal auto,suv,285.745227
ob55054,oregon,m,bachelor,396481.3,88410.0,99.0,0,corporate auto,four-door car,475.2
np91656,california,f,bachelor,491177.31,0.0,69.0,0,personal auto,four-door car,496.8
sh74080,oregon,f,college,780531.29,21073.0,106.0,1,personal auto,suv,508.8
kn25556,arizona,f,college,720066.49,0.0,66.0,0,personal auto,four-door car,316.8
rb38792,oregon,m,college,538949.95,66429.0,136.0,0,personal auto,luxury,57.712985
qr72180,california,f,doctor,324131.42,66889.0,80.0,0,personal auto,four-door car,294.319428
tw64385,california,m,bachelor,552821.28,36088.0,72.0,0,corporate auto,four-door car,345.6
tm13955,washington,m,master,299302.46,0.0,80.0,0,corporate auto,four-door car,286.115778
gf94951,arizona,m,bachelor,707665.32,0.0,68.0,0,corporate auto,two-door car,489.6
nf53775,california,f,college,370038.5,17557.0,96.0,0,personal auto,four-door car,666.724937
yb58778,california,f,college,532883.59,81064.0,70.0,4,personal auto,two-door car,42.238585
ph77560,nevada,f,high school or below,483887.71,0.0,66.0,0,personal auto,four-door car,700.331425
zo14864,washington,f,master,341720.5,42526.0,86.0,0,personal auto,two-door car,287.5426
bi34376,california,f,doctor,787992.9,45703.0,98.0,0,personal auto,two-door car,470.4
uq63396,california,f,bachelor,786943.24,40036.0,65.0,0,personal auto,four-door car,48.828732
br23201,california,m,bachelor,258680.72,0.0,71.0,0,personal auto,four-door car,191.640085
vh45094,arizona,m,high school or below,728678.91,65870.0,61.0,1,personal auto,four-door car,202.847644
kd47243,california,f,bachelor,1179799.21,91469.0,100.0,2,personal auto,suv,418.864555
my13737,california,m,high school or below,938675.3,42090.0,119.0,0,corporate auto,suv,203.352239
or48881,oregon,f,doctor,630892.24,21368.0,79.0,0,corporate auto,four-door car,4.61262
bd77090,washington,f,bachelor,860915.82,79090.0,107.0,0,personal auto,suv,289.040734
lw77178,oregon,f,bachelor,1542801.04,33879.0,98.0,0,corporate auto,two-door car,470.4
bq12347,arizona,m,high school or below,563079.3,72874.0,70.0,0,special auto,four-door car,336.0
ff61670,california,m,high school or below,1813118.87,0.0,82.0,1,personal auto,four-door car,393.6
pm61374,california,f,bachelor,808721.95,0.0,110.0,0,personal auto,two-door car,550.825934
bw25236,arizona,m,college,1845357.63,72215.0,66.0,0,personal auto,four-door car,247.911872
xo22038,california,f,bachelor,521751.33,39854.0,66.0,0,corporate auto,two-door car,261.930545
qg51953,oregon,m,college,483578.32,36655.0,61.0,0,personal auto,four-door car,295.223164
sz56338,oregon,f,high school or below,559712.5,37995.0,139.0,0,personal auto,suv,667.2
px60116,california,f,high school or below,892046.4,40867.0,112.0,0,corporate auto,two-door car,537.6
bw46202,oregon,f,bachelor,599541.1,28804.0,78.0,0,personal auto,two-door car,76.025368
gw14109,california,f,high school or below,3849694.7,48409.0,124.0,0,special auto,suv,345.211703
gp42026,california,m,high school or below,838263.01,19683.0,117.0,1,personal auto,luxury,561.6
dh41343,washington,unknown,college,244366.52,92834.0,61.0,0,special auto,four-door car,292.8
py42157,washington,f,high school or below,247225.39,62006.0,61.0,0,personal auto,four-door car,292.8
ol36978,california,f,high school or below,540551.84,67241.0,68.0,1,personal auto,two-door car,5.674809
kt40899,california,m,high school or below,935247.9,75436.0,78.0,0,personal auto,four-door car,9.747443
we60408,arizona,f,college,433987.11,91761.0,109.0,2,personal auto,suv,779.052276
lg64797,california,f,college,1772376.4,25771.0,222.0,0,personal auto,luxury,1253.984948
md87746,oregon,m,college,750745.54,60920.0,64.0,0,personal auto,two-door car,231.201886
qp80741,washington,f,college,604857.42,0.0,61.0,3,corporate auto,four-door car,292.8
wo59883,washington,f,high school or below,1901447.63,29822.0,61.0,0,personal auto,two-door car,292.8
mu79385,arizona,m,college,1008037.03,60944.0,130.0,2,personal auto,suv,623.505066
jh30384,california,f,high school or below,650339.7,22081.0,84.0,0,personal auto,two-door car,451.670309
ll45497,washington,f,college,248772.97,67282.0,62.0,0,personal auto,two-door car,297.6
sk95364,california,f,college,462039.01,0.0,130.0,0,personal auto,suv,936.0
vg56765,arizona,m,high school or below,247152.84,95697.0,61.0,0,personal auto,two-door car,114.273025
ne24371,oregon,f,college,649424.4,15300.0,85.0,0,personal auto,four-door car,408.0
kr48903,washington,m,high school or below,250490.76,88264.0,62.0,0,personal auto,two-door car,297.6
zf27999,nevada,f,college,490489.47,12902.0,139.0,0,personal auto,luxury,667.2
mh40017,arizona,m,high school or below,480247.7,29809.0,61.0,0,personal auto,four-door car,365.312072
yj99764,nevada,m,high school or below,795577.48,0.0,74.0,0,personal auto,four-door car,355.2
ag22225,oregon,m,high school or below,694190.08,0.0,96.0,0,personal auto,four-door car,460.8
zj26179,oregon,m,bachelor,838247.84,25998.0,71.0,0,personal auto,four-door car,791.878042
vo36036,oregon,f,doctor,353643.18,28248.0,90.0,0,personal auto,four-door car,634.385937
zq94281,california,f,college,324481.66,68103.0,82.0,0,personal auto,two-door car,277.795988
ck40732,california,f,high school or below,761121.28,0.0,103.0,0,special auto,four-door car,741.6
ut73461,oregon,f,doctor,450539.83,81079.0,111.0,0,special auto,suv,134.222332
lt57320,nevada,f,master,244584.48,22732.0,62.0,0,personal auto,four-door car,15.616535
bz44726,nevada,f,high school or below,1647776.84,49825.0,70.0,3,corporate auto,two-door car,336.0
vu32116,oregon,f,college,354640.02,0.0,103.0,0,personal auto,suv,621.959357
eg94326,nevada,m,high school or below,427727.01,77265.0,107.0,0,personal auto,suv,513.6
ej43595,california,m,high school or below,478477.35,0.0,72.0,0,corporate auto,four-door car,779.629297
qi37869,california,m,college,757223.77,12876.0,107.0,2,corporate auto,four-door car,425.964628
sx65826,arizona,m,bachelor,1176087.64,36431.0,99.0,0,personal auto,two-door car,513.252488
xo42145,oregon,m,high school or below,393381.4,25927.0,103.0,0,personal auto,suv,674.973614
wj74851,nevada,f,bachelor,570076.18,26811.0,72.0,0,personal auto,two-door car,465.763576
ig68709,oregon,f,high school or below,349863.48,41711.0,90.0,0,personal auto,four-door car,351.286604
ac75391,arizona,f,college,576809.13,35091.0,74.0,0,corporate auto,two-door car,418.927204
wo94087,arizona,f,bachelor,636195.4,0.0,87.0,0,corporate auto,four-door car,417.6
yj69332,oregon,f,high school or below,650339.7,22081.0,84.0,0,personal auto,two-door car,451.670309
wx87964,washington,m,high school or below,493519.0,29560.0,62.0,0,personal auto,four-door car,297.6
pd32641,oregon,m,college,578522.35,31320.0,72.0,0,personal auto,four-door car,293.86579
ck39096,oregon,m,high school or below,561968.91,0.0,153.0,0,personal auto,suv,1027.000029
qv19964,oregon,m,doctor,259928.96,33947.0,66.0,1,personal auto,four-door car,192.213037
bf72793,california,f,high school or below,673297.09,0.0,62.0,0,personal auto,two-door car,446.4
wb12017,california,f,college,1832186.65,21189.0,66.0,0,personal auto,two-door car,316.8
jo17193,washington,m,bachelor,230069.15,25905.0,63.0,0,personal auto,four-door car,302.4
ay84441,oregon,m,high school or below,400285.76,0.0,114.0,0,personal auto,suv,820.8
jq65500,oregon,f,bachelor,862099.74,44988.0,108.0,0,corporate auto,two-door car,518.4
oi29521,oregon,f,college,1038898.6,33432.0,90.0,0,corporate auto,two-door car,161.423101
mj51323,oregon,f,bachelor,842717.25,46503.0,215.0,1,personal auto,luxury,1032.0
qi64880,california,m,bachelor,700727.42,0.0,101.0,0,corporate auto,suv,973.787176
hv93429,oregon,f,master,517657.91,23636.0,65.0,0,personal auto,four-door car,81.452537
ta89713,oregon,m,college,538949.95,66429.0,136.0,0,personal auto,luxury,57.712985
ob98149,washington,f,college,470000.75,11417.0,63.0,0,personal auto,two-door car,302.4
le65901,oregon,f,bachelor,443494.14,58082.0,112.0,1,personal auto,suv,103.022126
ff68864,arizona,f,bachelor,1401052.74,36523.0,71.0,0,personal auto,four-door car,101.353875
yx99200,nevada,m,bachelor,1235005.82,54710.0,103.0,0,personal auto,two-door car,294.058449
lz26801,california,f,high school or below,816157.69,73466.0,102.0,1,personal auto,suv,204.74051
ta66375,oregon,f,bachelor,1100913.05,51643.0,283.0,0,corporate auto,luxury,1358.4
sc92090,arizona,m,college,871704.98,83846.0,74.0,3,personal auto,four-door car,355.2
tk40018,oregon,m,high school or below,591746.66,0.0,169.0,0,personal auto,suv,1207.084251
zd63451,california,m,bachelor,250366.04,53338.0,63.0,1,personal auto,four-door car,35.45384
ao98601,washington,unknown,bachelor,501888.52,54500.0,63.0,0,corporate auto,two-door car,302.4
dt35588,oregon,m,college,433038.6,60475.0,107.0,0,personal auto,four-door car,513.6
vf87723,california,m,college,1048774.33,30658.0,89.0,0,personal auto,four-door car,441.757585
qp69826,arizona,m,bachelor,356750.38,0.0,102.0,0,corporate auto,suv,660.430456
uw37050,oregon,f,bachelor,1989642.23,60420.0,248.0,0,personal auto,luxury,632.944366
uh62254,oregon,m,bachelor,2142363.72,0.0,65.0,0,personal auto,two-door car,312.0
ia15979,washington,m,college,694832.59,40598.0,91.0,0,personal auto,four-door car,302.791402
db71122,california,f,doctor,351583.19,15144.0,90.0,0,personal auto,four-door car,372.652536
tm14491,california,m,bachelor,1203662.05,44428.0,104.0,0,personal auto,suv,499.2
oy94707,california,m,college,360979.83,58297.0,97.0,5,special auto,four-door car,647.039443
ln55080,oregon,f,bachelor,1773246.49,42191.0,74.0,1,special auto,two-door car,68.647736
tz47750,nevada,m,master,850985.09,26057.0,74.0,0,personal auto,four-door car,523.888845
sj74501,arizona,f,bachelor,586642.43,26608.0,73.0,0,personal auto,two-door car,234.234301
le26899,california,m,doctor,482550.09,0.0,63.0,0,personal auto,four-door car,272.843439
ml34366,california,m,college,538949.95,66429.0,136.0,0,personal auto,luxury,57.712985
ei45850,california,f,bachelor,777800.56,25970.0,72.0,3,personal auto,four-door car,430.818992
ld75023,oregon,m,high school or below,2634608.58,48268.0,223.0,0,personal auto,luxury,1605.6
jw12998,california,f,high school or below,1486645.12,24279.0,126.0,0,personal auto,luxury,604.8
lp47259,arizona,m,high school or below,832423.27,0.0,121.0,0,corporate auto,luxury,871.2
xd21246,oregon,f,high school or below,923830.6,0.0,128.0,0,personal auto,suv,921.6
dw59142,nevada,f,high school or below,2269329.08,71879.0,64.0,0,corporate auto,two-door car,9.163065
kx54900,arizona,m,doctor,623601.86,57760.0,78.0,0,special auto,four-door car,223.950089
xv83643,california,m,college,501218.48,20976.0,129.0,1,personal auto,luxury,735.683769
xy33610,washington,m,college,1569553.94,97750.0,65.0,0,personal auto,four-door car,303.002922
gk48045,washington,f,college,821460.24,73245.0,68.0,0,personal auto,four-door car,305.121363
et79528,california,m,college,311898.11,23008.0,79.0,1,personal auto,four-door car,80.663097
ra66180,washington,f,high school or below,276403.21,33837.0,72.0,4,corporate auto,two-door car,305.575785
bc66536,arizona,f,high school or below,688368.66,84869.0,85.0,0,corporate auto,four-door car,408.0
pn22481,oregon,m,college,221591.29,0.0,66.0,0,corporate auto,two-door car,316.8
xr95069,washington,unknown,bachelor,485474.57,29834.0,6464.0,0,personal auto,four-door car,307.2
if38438,arizona,f,high school or below,2152294.75,44695.0,79.0,2,personal auto,two-door car,81.166323
zc62609,oregon,f,high school or below,276169.17,0.0,77.0,0,personal auto,four-door car,554.4
fd64348,oregon,m,high school or below,2256361.84,23046.0,65.0,3,personal auto,two-door car,1.687291
ta58285,oregon,m,high school or below,528591.83,0.0,73.0,0,personal auto,two-door car,392.951076
wv66165,oregon,f,high school or below,3506264.8,84811.0,111.0,0,personal auto,suv,278.284943
ye27183,oregon,m,bachelor,591319.9,0.0,91.0,0,corporate auto,four-door car,436.8
ti47802,california,f,master,259339.87,0.0,69.0,0,personal auto,two-door car,331.2
zz44902,arizona,m,high school or below,1269267.09,40117.0,108.0,0,personal auto,two-door car,750.082794
jd73594,oregon,m,bachelor,330911.97,72140.0,87.0,2,personal auto,four-door car,417.6
vw82067,washington,f,master,518162.09,97131.0,6464.0,0,personal auto,four-door car,307.2
js55721,california,m,college,241393.06,12495.0,65.0,0,personal auto,four-door car,312.0
zb62469,california,m,high school or below,216168.55,0.0,67.0,2,corporate auto,two-door car,482.4
hz74609,oregon,f,bachelor,552798.89,0.0,72.0,0,personal auto,four-door car,345.6
tj76363,arizona,f,doctor,1062921.79,36495.0,133.0,1,corporate auto,suv,229.930796
qz58370,nevada,f,bachelor,1182010.98,86801.0,98.0,0,personal auto,four-door car,371.108203
rf44930,california,m,college,496463.15,52679.0,62.0,0,personal auto,four-door car,117.998498
vj44100,california,m,master,912292.56,90804.0,113.0,0,personal auto,luxury,434.09776
kn13494,washington,f,master,518162.09,97131.0,6464.0,0,personal auto,four-door car,307.2
nl80137,oregon,f,college,346066.5,14262.0,90.0,0,personal auto,four-door car,290.432527
nz57065,oregon,m,bachelor,287298.08,36844.0,73.0,0,personal auto,four-door car,283.966321
nm42917,arizona,f,college,992787.77,58703.0,127.0,2,personal auto,suv,227.916076
rr68322,nevada,m,high school or below,348268.7,65162.0,86.0,0,personal auto,four-door car,134.430084
of78862,oregon,f,college,399172.72,54964.0,99.0,0,personal auto,four-door car,525.515271
sc93784,oregon,m,bachelor,551010.74,61401.0,69.0,0,personal auto,four-door car,144.439335
cm59084,oregon,f,high school or below,360093.43,25147.0,101.0,0,corporate auto,suv,694.598288
qa41558,oregon,f,master,541945.81,73536.0,67.0,0,personal auto,two-door car,172.518524
sd62061,oregon,f,high school or below,581063.05,24860.0,73.0,0,personal auto,four-door car,350.4
vp13613,california,m,bachelor,394272.58,65404.0,99.0,0,personal auto,four-door car,300.703109
hf96939,oregon,m,high school or below,312627.19,34510.0,81.0,0,personal auto,four-door car,388.8
du18362,california,m,bachelor,353000.77,0.0,108.0,0,corporate auto,two-door car,777.6
ug34438,washington,f,college,1099059.48,44552.0,137.0,0,personal auto,suv,311.103582
xq19793,arizona,m,high school or below,477294.38,20993.0,133.0,0,personal auto,suv,638.4
ob77084,oregon,f,bachelor,220233.52,0.0,61.0,1,personal auto,two-door car,292.8
lk74984,washington,m,high school or below,245917.17,21190.0,65.0,2,personal auto,four-door car,312.0
je13986,arizona,f,college,1037388.88,62587.0,86.0,0,personal auto,four-door car,412.8
qr15221,washington,f,high school or below,258420.39,22562.0,65.0,0,personal auto,two-door car,312.0
ld49835,california,m,high school or below,430742.28,73345.0,107.0,0,personal auto,suv,513.6
ek19337,oregon,f,high school or below,304025.38,0.0,83.0,0,personal auto,four-door car,989.105367
gd55093,california,f,master,1916098.99,22705.0,239.0,0,personal auto,luxury,1294.700423
rx19151,washington,m,bachelor,817657.68,67137.0,111.0,5,personal auto,suv,314.880326
tj30354,oregon,f,bachelor,528530.76,22627.0,67.0,0,personal auto,four-door car,321.6
ta75663,california,f,master,802499.3,38702.0,101.0,3,personal auto,suv,253.364333
wg15841,california,m,bachelor,281046.44,26790.0,71.0,0,personal auto,two-door car,340.8
lo68739,arizona,f,bachelor,773955.04,64859.0,96.0,0,personal auto,four-door car,266.949266
be61743,washington,m,bachelor,410979.36,86657.0,103.0,0,personal auto,luxury,316.227946
eg56026,nevada,f,high school or below,327516.2,69263.0,81.0,2,personal auto,two-door car,494.847804
vf21395,oregon,m,bachelor,265269.53,82655.0,66.0,0,personal auto,two-door car,316.8
si11249,california,f,high school or below,504822.62,29401.0,65.0,0,personal auto,four-door car,312.0
pu95227,washington,m,bachelor,336241.44,22853.0,87.0,0,personal auto,four-door car,316.35678
vo87785,arizona,f,college,485842.94,26480.0,63.0,0,personal auto,two-door car,378.695238
fs29897,oregon,f,high school or below,214492.15,0.0,61.0,1,personal auto,four-door car,292.8
jg36165,california,m,bachelor,604261.85,0.0,83.0,0,personal auto,two-door car,904.385726
sj42058,oregon,f,high school or below,338720.33,73268.0,84.0,0,personal auto,four-door car,93.623377
cu13711,oregon,f,doctor,1086427.49,95579.0,67.0,0,personal auto,four-door car,308.631159
gt65065,oregon,f,master,884265.0,42142.0,112.0,0,personal auto,luxury,396.17554
lo77543,washington,m,college,261661.39,72302.0,66.0,0,special auto,two-door car,316.8
uq85283,california,m,bachelor,3076325.64,41279.0,115.0,0,personal auto,luxury,251.429988
qa49556,washington,m,master,520022.78,23401.0,66.0,0,personal auto,four-door car,316.8
ge29173,nevada,m,bachelor,859130.54,0.0,128.0,0,corporate auto,suv,1448.994134
df21541,arizona,f,college,264657.38,23170.0,71.0,0,personal auto,four-door car,340.8
jl59571,oregon,f,bachelor,460724.43,17343.0,63.0,0,corporate auto,two-door car,208.659743
df94525,oregon,m,college,486062.0,25854.0,68.0,0,personal auto,four-door car,396.284835
yo58424,oregon,m,college,258084.99,46900.0,66.0,0,corporate auto,four-door car,316.8
uf32671,washington,f,college,529139.53,57338.0,66.0,0,personal auto,four-door car,316.8
ho92982,california,m,high school or below,840575.3,85355.0,71.0,2,personal auto,two-door car,458.568921
mz24175,arizona,f,college,309651.12,21604.0,79.0,0,personal auto,four-door car,379.2
yd48962,arizona,m,high school or below,2941228.93,0.0,107.0,0,personal auto,suv,513.6
ri52095,washington,m,high school or below,0.0,51878.0,66.0,1,personal auto,four-door car,316.8
mf18493,california,m,college,1749752.2,0.0,73.0,0,personal auto,two-door car,350.4
ep61084,nevada,f,high school or below,321860.86,68776.0,80.0,0,personal auto,four-door car,87.861666
en38348,oregon,f,high school or below,2320726.97,45039.0,96.0,0,personal auto,four-door car,192.144838
fg46258,washington,f,college,692197.4,16483.0,90.0,0,corporate auto,two-door car,320.519977
ls98306,nevada,m,high school or below,1391853.48,64113.0,117.0,0,special auto,four-door car,561.6
pz47477,arizona,m,high school or below,896630.98,41829.0,76.0,0,personal auto,two-door car,416.365369
lt32391,california,f,master,1198198.48,21514.0,62.0,0,personal auto,two-door car,257.248789
kk30016,nevada,m,master,553262.98,27722.0,69.0,0,personal auto,four-door car,331.2
oa89218,nevada,f,college,1166057.3,21506.0,151.0,0,personal auto,luxury,826.658992
cy47265,oregon,f,high school or below,288645.16,10312.0,78.0,0,personal auto,four-door car,486.278557
zi47663,arizona,f,bachelor,1274184.75,73054.0,106.0,1,personal auto,suv,419.365958
go14008,oregon,f,bachelor,539809.81,73775.0,67.0,0,personal auto,four-door car,321.6
bc43958,california,m,high school or below,728503.1,44788.0,61.0,0,corporate auto,four-door car,386.031248
ai61368,nevada,f,high school or below,1765196.34,22510.0,95.0,0,personal auto,four-door car,456.0
uf37831,arizona,m,master,1702989.34,54613.0,213.0,0,personal auto,luxury,731.559007
po90615,arizona,f,high school or below,249125.76,25965.0,65.0,0,personal auto,four-door car,329.206567
gy74661,oregon,f,college,403931.5,34911.0,105.0,1,personal auto,suv,126.779673
mx50302,oregon,m,bachelor,261933.74,78618.0,66.0,0,special auto,two-door car,225.578841
tc84427,oregon,f,high school or below,504968.96,61080.0,66.0,2,personal auto,four-door car,294.284951
iq82914,oregon,f,master,498345.71,60415.0,62.0,0,personal auto,two-door car,72.665253
ty74870,california,f,master,253063.94,25143.0,66.0,0,corporate auto,four-door car,8.737111
ii83628,california,m,college,739671.97,41045.0,64.0,1,personal auto,four-door car,394.582401
zr77995,california,m,college,383289.85,97729.0,95.0,0,personal auto,four-door car,97.176153
qt89604,arizona,f,high school or below,496140.59,55702.0,61.0,0,personal auto,four-door car,151.13336
ab21519,california,f,college,386148.63,93272.0,95.0,0,personal auto,four-door car,281.110788
mp47256,california,m,bachelor,2265853.65,23665.0,67.0,0,personal auto,four-door car,404.817249
ma47641,oregon,m,high school or below,1040896.87,20228.0,101.0,1,personal auto,suv,523.815839
gq20713,nevada,f,college,483471.05,38713.0,66.0,4,personal auto,four-door car,316.8
ww87934,arizona,f,bachelor,825766.65,23815.0,73.0,0,personal auto,four-door car,424.330166
hf75276,nevada,f,high school or below,305262.95,0.0,93.0,3,personal auto,four-door car,446.4
et64028,california,f,high school or below,401231.93,47221.0,99.0,0,personal auto,two-door car,475.2
qa41472,oregon,m,bachelor,1335548.64,34495.0,113.0,0,personal auto,suv,389.673944
oz92426,oregon,m,college,236443.16,46264.0,62.0,0,corporate auto,four-door car,199.37361
um69933,nevada,m,college,248933.79,46051.0,63.0,0,personal auto,two-door car,302.4
rq11502,nevada,f,bachelor,475572.0,23975.0,128.0,0,corporate auto,suv,614.4
tx98128,california,f,college,1386438.5,0.0,74.0,4,personal auto,four-door car,580.886785
xy52165,arizona,f,college,302042.48,78561.0,74.0,0,personal auto,two-door car,355.2
gb39003,california,m,high school or below,628530.52,0.0,90.0,0,personal auto,two-door car,432.0
vh43367,california,f,high school or below,250602.2,61402.0,63.0,2,special auto,four-door car,302.4
kg81168,arizona,m,bachelor,282630.76,65090.0,71.0,0,personal auto,four-door car,73.995096
wu14549,nevada,m,master,436971.79,88495.0,108.0,0,personal auto,two-door car,535.926948
xb17553,nevada,m,bachelor,1217458.8,52797.0,104.0,1,personal auto,luxury,88.173438
my88518,nevada,m,doctor,352804.43,31278.0,92.0,4,personal auto,two-door car,441.6
xe18554,california,f,bachelor,1043657.47,24177.0,92.0,1,personal auto,four-door car,441.6
ny97446,oregon,f,high school or below,274612.14,96339.0,68.0,0,corporate auto,four-door car,293.205349
vt96364,california,m,bachelor,917517.19,68164.0,119.0,2,personal auto,four-door car,222.582872
hf88410,washington,unknown,high school or below,0.0,36765.0,66.0,1,personal auto,four-door car,320.849072
dp92488,washington,f,doctor,272752.08,74592.0,67.0,0,personal auto,two-door car,321.6
vc54081,oregon,f,college,944974.59,0.0,63.0,0,special auto,four-door car,117.744416
ce94751,california,m,college,456881.94,0.0,70.0,1,personal auto,two-door car,524.836298
vm85856,oregon,f,master,257402.04,34990.0,65.0,0,personal auto,four-door car,42.689135
eh37385,arizona,f,master,878988.41,22849.0,109.0,0,personal auto,luxury,523.2
fi45719,arizona,m,doctor,250740.78,32893.0,63.0,0,personal auto,four-door car,174.086385
sb79528,oregon,m,college,252241.46,0.0,73.0,0,corporate auto,two-door car,350.4
wh81461,nevada,m,college,754271.4,0.0,111.0,0,personal auto,suv,1186.972445
ud47050,oregon,m,high school or below,600521.48,26876.0,76.0,0,corporate auto,four-door car,364.8
xz17273,nevada,m,bachelor,2099825.95,71663.0,74.0,0,corporate auto,four-door car,84.494022
xr97812,california,m,college,234508.45,0.0,69.0,0,personal auto,four-door car,331.2
bw88060,california,f,high school or below,878316.54,16994.0,112.0,0,personal auto,suv,806.4
cp32818,oregon,m,bachelor,452996.54,64270.0,117.0,0,personal auto,luxury,46.104534
cm52565,nevada,f,high school or below,603322.24,0.0,83.0,0,corporate auto,four-door car,597.6
yp40334,oregon,f,doctor,530824.7,0.0,145.0,0,personal auto,suv,358.765757
kd63998,california,m,college,267473.07,56342.0,69.0,0,personal auto,four-door car,331.2
vc77127,california,f,high school or below,492980.75,0.0,70.0,0,personal auto,four-door car,837.438442
am30008,california,m,high school or below,1413112.13,28327.0,185.0,0,personal auto,luxury,888.0
pc83755,oregon,m,high school or below,247152.84,95697.0,61.0,0,personal auto,two-door car,114.273025
xs22323,arizona,m,high school or below,600521.48,26876.0,76.0,0,personal auto,four-door car,364.8
st27958,washington,m,college,438627.76,10621.0,67.0,0,personal auto,four-door car,321.6
bh23017,nevada,f,bachelor,1911656.81,0.0,61.0,0,personal auto,two-door car,657.808231
od18225,california,m,college,663166.55,32918.0,84.0,0,personal auto,four-door car,403.2
ve31507,oregon,f,high school or below,743229.99,0.0,71.0,0,personal auto,four-door car,447.333545
nr18672,nevada,m,high school or below,292811.51,63127.0,74.0,1,personal auto,two-door car,174.292234
dm76654,california,m,college,4661187.38,22022.0,136.0,0,personal auto,suv,979.2
yy11432,oregon,f,high school or below,1651500.93,51725.0,138.0,1,personal auto,suv,159.004261
gk67747,washington,m,college,438627.76,10621.0,67.0,0,special auto,four-door car,321.6
xa75063,oregon,f,college,1021356.34,39719.0,131.0,0,personal auto,luxury,628.8
pq13422,nevada,m,college,1004928.59,58194.0,84.0,0,personal auto,four-door car,450.996589
na89685,oregon,m,college,574614.83,61990.0,72.0,0,personal auto,four-door car,48.884434
al35726,oregon,f,college,374675.16,41479.0,94.0,1,personal auto,two-door car,19.575683
wo70078,oregon,f,bachelor,748606.84,97899.0,95.0,3,personal auto,four-door car,3.772105
ca56041,nevada,f,college,912006.52,63878.0,113.0,0,personal auto,suv,370.285349
hi41970,oregon,f,high school or below,567804.67,68671.0,70.0,0,special auto,two-door car,8.076879
au46443,nevada,f,bachelor,751708.38,0.0,102.0,0,personal auto,suv,1178.995926
wc35554,oregon,m,college,453053.07,34640.0,117.0,2,personal auto,luxury,466.318191
jr10216,california,f,bachelor,269138.06,21959.0,71.0,0,corporate auto,four-door car,340.8
oh11674,arizona,f,bachelor,806862.39,51584.0,69.0,2,corporate auto,two-door car,368.919773
us85318,oregon,f,bachelor,247857.67,65744.0,62.0,0,corporate auto,four-door car,166.507217
fs19862,arizona,f,bachelor,911204.15,25198.0,118.0,0,personal auto,suv,566.4
zp80713,arizona,f,master,277244.13,79663.0,69.0,0,personal auto,two-door car,263.957201
ok50159,arizona,f,bachelor,430579.32,31071.0,111.0,2,personal auto,luxury,215.23091
tp54769,california,f,bachelor,510335.76,39452.0,131.0,0,corporate auto,suv,398.190882
fs49381,oregon,f,bachelor,478496.05,25813.0,61.0,0,personal auto,four-door car,205.332749
dq79499,oregon,f,doctor,1054110.98,59965.0,131.0,0,personal auto,suv,905.030448
vh31965,washington,m,bachelor,528511.87,40783.0,67.0,1,personal auto,four-door car,321.6
vo25602,nevada,f,college,761084.05,98701.0,94.0,0,personal auto,four-door car,79.615631
ep93369,arizona,f,college,851052.59,0.0,121.0,0,personal auto,luxury,871.2
dq45854,oregon,f,college,1617294.05,64388.0,68.0,0,personal auto,four-door car,12.394834
qg15661,oregon,m,college,242549.48,66841.0,62.0,0,personal auto,four-door car,123.436634
ya80645,oregon,f,high school or below,289931.72,33738.0,74.0,1,corporate auto,four-door car,304.390472
tw16499,california,m,bachelor,363305.4,43334.0,95.0,2,corporate auto,two-door car,614.367195
up97629,california,f,college,345715.42,0.0,91.0,0,personal auto,four-door car,245.673365
nu42684,nevada,f,college,339472.03,83431.0,84.0,0,personal auto,four-door car,403.2
em85557,washington,f,college,802106.71,54292.0,67.0,0,personal auto,four-door car,321.6
bm69818,oregon,m,bachelor,584152.81,0.0,79.0,0,personal auto,four-door car,379.2
hk15299,california,m,high school or below,547985.42,38210.0,69.0,0,personal auto,four-door car,383.043363
np88496,nevada,f,high school or below,2045524.95,0.0,67.0,0,personal auto,four-door car,482.4
sb99002,oregon,f,bachelor,831912.3,49734.0,69.0,0,corporate auto,four-door car,154.748539
zh42145,washington,f,high school or below,258286.23,50148.0,65.0,0,corporate auto,four-door car,323.485239
jg30837,oregon,m,college,416379.34,11689.0,117.0,0,corporate auto,suv,561.6
ac22873,arizona,f,high school or below,485310.03,17120.0,125.0,0,special auto,suv,717.285949
ro85831,oregon,m,high school or below,753169.73,82157.0,188.0,0,corporate auto,luxury,1353.6
nn65845,washington,f,bachelor,258593.7,21603.0,68.0,2,personal auto,four-door car,326.4
rz27571,washington,f,bachelor,269596.39,25544.0,68.0,0,personal auto,four-door car,326.4
gh31557,california,m,high school or below,268458.16,98121.0,67.0,0,personal auto,two-door car,383.655742
mk73855,washington,f,high school or below,810936.46,32314.0,68.0,0,personal auto,four-door car,326.4
io27771,oregon,f,college,903665.76,89382.0,112.0,0,corporate auto,four-door car,573.990258
hb99061,arizona,f,high school or below,535218.7,97742.0,132.0,0,corporate auto,suv,199.590599
hq82089,arizona,f,high school or below,1188096.62,0.0,114.0,0,personal auto,four-door car,820.8
jn72184,oregon,m,college,255709.43,0.0,73.0,0,corporate auto,four-door car,525.6
wq46946,california,f,college,791482.31,77153.0,99.0,1,personal auto,four-door car,355.641958
wj44028,california,m,master,984008.26,94590.0,81.0,0,personal auto,two-door car,388.8
wh77063,arizona,f,high school or below,435155.05,74163.0,108.0,0,personal auto,four-door car,518.4
fi13966,oregon,f,high school or below,2220782.62,40450.0,287.0,3,personal auto,luxury,1377.6
aq46199,oregon,m,high school or below,482525.86,0.0,71.0,0,personal auto,two-door car,511.2
wv69362,arizona,f,high school or below,694783.88,0.0,99.0,0,corporate auto,two-door car,475.2
rj90816,california,f,college,334480.95,33243.0,85.0,0,personal auto,four-door car,24.555177
nh19236,arizona,m,master,235750.31,0.0,64.0,0,personal auto,four-door car,199.791024
vw88911,oregon,m,high school or below,3594471.05,0.0,114.0,0,corporate auto,four-door car,820.8
nv14535,nevada,m,high school or below,1040896.87,20228.0,101.0,1,personal auto,suv,523.815839
bm66931,arizona,f,high school or below,404816.13,92801.0,100.0,0,personal auto,suv,407.045238
jw24035,oregon,m,college,685200.19,0.0,69.0,1,personal auto,four-door car,406.999443
pg82270,california,m,college,290302.42,36845.0,74.0,0,personal auto,four-door car,355.2
rw65101,california,f,college,1803911.42,0.0,63.0,0,personal auto,four-door car,503.204804
qo79771,california,f,master,324204.39,72330.0,81.0,2,personal auto,four-door car,126.509441
ec44438,nevada,f,bachelor,246762.08,19352.0,65.0,0,personal auto,four-door car,724.463534
mw54213,arizona,m,college,567438.34,0.0,62.0,5,personal auto,four-door car,297.6
zn33412,arizona,f,college,863435.6,25073.0,79.0,0,personal auto,four-door car,379.2
hz56678,oregon,f,high school or below,278019.69,20261.0,72.0,0,personal auto,four-door car,345.6
an36757,oregon,m,master,2205600.5,66851.0,92.0,2,personal auto,four-door car,408.550442
nb54665,arizona,f,high school or below,251459.2,43860.0,65.0,0,corporate auto,four-door car,156.124914
mg99229,oregon,m,college,588622.11,0.0,180.0,0,corporate auto,luxury,1777.471271
mx76292,california,f,doctor,770603.63,48019.0,64.0,0,corporate auto,four-door car,137.665031
ej90880,california,m,college,279045.82,28786.0,71.0,1,personal auto,four-door car,345.619809
wo95180,california,f,high school or below,239703.61,22283.0,65.0,0,corporate auto,four-door car,572.072106
bu53191,arizona,f,bachelor,883432.28,34133.0,111.0,0,personal auto,suv,226.9684
zk54897,arizona,m,master,1443567.37,60880.0,119.0,0,personal auto,two-door car,109.906628
pp48389,california,f,bachelor,687196.66,0.0,196.0,2,personal auto,luxury,940.8
xd29421,oregon,m,high school or below,1536235.44,48115.0,192.0,0,personal auto,luxury,1382.4
op26403,california,f,college,483479.75,32017.0,62.0,2,personal auto,four-door car,297.6
xk15687,oregon,f,high school or below,1089930.18,58518.0,136.0,0,personal auto,suv,323.637414
ed29955,california,m,bachelor,528404.1,61542.0,67.0,0,personal auto,four-door car,321.6
qt84720,oregon,f,bachelor,289172.68,56761.0,73.0,1,corporate auto,two-door car,85.146928
zh35315,california,m,college,490054.51,22976.0,66.0,0,personal auto,four-door car,345.951322
ee76374,nevada,f,high school or below,2084259.63,0.0,72.0,0,personal auto,four-door car,709.082334
sh51981,washington,m,college,524605.72,70301.0,67.0,0,personal auto,four-door car,328.942798
bs13111,arizona,m,bachelor,663083.61,0.0,66.0,0,personal auto,four-door car,315.950185
jp12645,arizona,m,bachelor,1203662.05,44428.0,104.0,0,personal auto,suv,499.2
zf28570,nevada,m,bachelor,389503.48,52361.0,102.0,0,personal auto,four-door car,645.952371
uu93074,california,m,college,1170106.99,32435.0,297.0,0,personal auto,luxury,1767.348807
sz60450,california,m,high school or below,341910.87,40272.0,86.0,0,personal auto,two-door car,23.387192
hl63895,arizona,m,master,730277.51,30492.0,61.0,0,personal auto,four-door car,171.38289
ud27196,arizona,m,high school or below,1968540.91,51524.0,244.0,0,personal auto,luxury,1171.2
ou53351,arizona,m,college,248606.49,36635.0,63.0,0,corporate auto,four-door car,302.4
sx50964,arizona,f,bachelor,522432.88,83389.0,65.0,0,corporate auto,two-door car,209.25613
rp30093,oregon,f,bachelor,4922143.07,63035.0,153.0,0,personal auto,suv,734.4
bk73302,california,m,bachelor,316788.87,61638.0,82.0,2,corporate auto,four-door car,544.340079
cs93971,arizona,f,college,780531.29,21073.0,106.0,1,personal auto,suv,508.8
rg13940,california,f,college,1319792.89,0.0,68.0,3,personal auto,four-door car,326.4
zg94155,oregon,m,bachelor,623430.59,0.0,82.0,0,personal auto,two-door car,192.7604
qn15356,arizona,m,college,753960.06,0.0,74.0,0,personal auto,four-door car,532.8
mz16820,nevada,m,high school or below,815793.36,86811.0,102.0,0,corporate auto,four-door car,489.6
do98345,oregon,m,high school or below,1315674.9,72517.0,82.0,0,personal auto,two-door car,371.458196
pa48777,washington,f,high school or below,249125.76,25965.0,5353.0,0,personal auto,four-door car,329.206567
uk76814,oregon,f,doctor,533938.84,84424.0,66.0,0,personal auto,four-door car,231.537001
sr30440,california,f,college,864917.5,43383.0,109.0,0,personal auto,suv,757.593913
xe66367,oregon,m,high school or below,751913.36,96306.0,95.0,1,special auto,four-door car,185.355353
sz70655,california,f,college,429300.96,0.0,61.0,0,corporate auto,two-door car,292.8
uv54502,washington,f,high school or below,253774.45,0.0,69.0,0,personal auto,four-door car,331.2
dk98861,arizona,f,college,1316033.89,94125.0,109.0,0,personal auto,suv,341.680131
jx14364,oregon,m,college,1323554.44,39778.0,112.0,0,personal auto,suv,806.4
li85491,oregon,f,high school or below,374457.77,0.0,101.0,0,personal auto,suv,727.2
jy87538,oregon,f,college,2848607.28,91871.0,102.0,0,personal auto,suv,346.845129
ve55982,nevada,m,bachelor,264468.46,54000.0,66.0,0,corporate auto,two-door car,373.881547
wk99918,oregon,m,doctor,507328.21,57709.0,125.0,0,personal auto,suv,600.0
xp16538,arizona,f,high school or below,427258.51,81132.0,107.0,0,corporate auto,suv,419.105559
hw42900,california,m,college,1100301.65,22926.0,93.0,0,corporate auto,four-door car,479.934846
jg84729,arizona,f,college,1418164.28,0.0,72.0,2,personal auto,four-door car,345.6
xh85336,washington,m,bachelor,554803.19,67798.0,69.0,0,personal auto,four-door car,331.2
nd29059,oregon,m,bachelor,1107768.59,78011.0,138.0,0,personal auto,suv,619.698644
hc76653,oregon,m,college,243568.9,32931.0,62.0,0,personal auto,four-door car,297.6
sg73822,california,f,bachelor,874385.22,99517.0,109.0,0,personal auto,four-door car,239.905208
cb44654,arizona,m,bachelor,240976.09,59665.0,62.0,1,personal auto,two-door car,167.138119
mp53505,washington,f,high school or below,550001.25,86073.0,136.0,0,corporate auto,luxury,333.5671
yj43481,arizona,f,high school or below,852828.87,91099.0,107.0,0,corporate auto,suv,406.430632
tp15362,oregon,m,college,359199.61,28013.0,91.0,0,personal auto,four-door car,655.2
yx90754,nevada,f,high school or below,853982.69,55478.0,71.0,0,personal auto,two-door car,339.399593
tq32702,nevada,f,college,699091.78,22568.0,88.0,0,corporate auto,four-door car,422.4
ts50305,california,f,high school or below,397938.82,0.0,112.0,0,personal auto,suv,806.4
by22068,arizona,m,high school or below,2395037.44,39335.0,201.0,0,corporate auto,luxury,964.8
tj48439,oregon,f,college,232105.25,0.0,66.0,0,personal auto,two-door car,508.703134
te61015,oregon,m,college,508702.05,0.0,72.0,0,personal auto,four-door car,345.6
rd89159,oregon,m,college,436293.12,58842.0,110.0,0,personal auto,four-door car,528.0
vw86720,oregon,f,bachelor,745746.81,0.0,69.0,0,personal auto,four-door car,678.209827
um76485,oregon,m,college,702775.96,0.0,102.0,0,personal auto,suv,489.6
ls62045,oregon,f,bachelor,283168.37,70037.0,70.0,0,personal auto,four-door car,409.985435
zg84862,nevada,m,high school or below,421785.79,0.0,62.0,0,personal auto,two-door car,446.4
cd76093,nevada,m,college,759629.15,59847.0,192.0,0,corporate auto,luxury,921.6
fo99259,california,m,bachelor,836567.76,26630.0,118.0,0,personal auto,four-door car,581.077056
kn87338,oregon,f,high school or below,272639.3,48039.0,68.0,0,personal auto,four-door car,11.451889
lt89398,california,m,high school or below,342045.22,0.0,92.0,0,personal auto,four-door car,441.6
nz19529,arizona,m,high school or below,483910.72,0.0,137.0,0,personal auto,suv,1227.458548
pr41853,arizona,f,bachelor,435855.35,0.0,118.0,0,corporate auto,luxury,101.826804
zf40671,washington,f,master,1242739.37,15818.0,107.0,0,personal auto,two-door car,333.886816
xr84971,oregon,f,doctor,2351585.33,36537.0,85.0,0,personal auto,four-door car,165.309001
bp83941,arizona,f,master,839632.76,0.0,115.0,1,personal auto,suv,552.0
py80449,arizona,m,high school or below,517097.64,53603.0,132.0,1,personal auto,luxury,697.272246
et22260,nevada,m,doctor,558530.81,0.0,80.0,0,corporate auto,four-door car,6.281344
of47250,california,f,doctor,863949.5,92374.0,107.0,1,personal auto,suv,220.018279
wb58031,california,m,high school or below,528183.35,39658.0,66.0,0,corporate auto,four-door car,316.8
uv80201,oregon,f,bachelor,838525.23,0.0,116.0,0,personal auto,luxury,556.8
py10605,arizona,m,bachelor,463310.13,0.0,70.0,0,personal auto,two-door car,336.0
ji82682,california,f,high school or below,248039.27,0.0,65.0,0,personal auto,four-door car,328.314222
bu14748,arizona,m,high school or below,361868.69,50755.0,91.0,0,personal auto,two-door car,436.8
qk18099,washington,f,college,537584.28,69050.0,67.0,0,personal auto,four-door car,334.892437
ld26428,oregon,m,bachelor,489329.15,0.0,73.0,0,corporate auto,four-door car,680.047456
my43761,california,m,high school or below,1073768.43,50607.0,137.0,0,personal auto,suv,657.6
wq89892,washington,f,college,260781.55,0.0,70.0,1,special auto,two-door car,336.0
gy55415,nevada,f,bachelor,1572525.05,0.0,149.0,0,corporate auto,suv,1072.8
ib42395,nevada,m,college,955341.55,0.0,146.0,0,corporate auto,suv,1051.2
zu74482,oregon,m,college,750745.54,60920.0,64.0,0,personal auto,two-door car,231.201886
nl74789,california,f,bachelor,732492.82,0.0,105.0,0,special auto,two-door car,504.0
yu86594,oregon,m,high school or below,533303.81,55674.0,66.0,0,personal auto,four-door car,81.710575
qn37451,california,m,college,1276723.06,0.0,189.0,0,corporate auto,luxury,2201.327879
gd83998,washington,m,bachelor,265933.8,24495.0,70.0,0,personal auto,four-door car,336.0
il83479,oregon,f,college,348363.04,42983.0,86.0,0,personal auto,four-door car,412.8
ef87528,arizona,m,college,463654.65,26802.0,66.0,1,special auto,two-door car,316.8
iv74747,california,m,doctor,1753003.66,0.0,97.0,0,corporate auto,four-door car,469.229028
jz81608,oregon,m,high school or below,697871.98,53808.0,88.0,0,personal auto,four-door car,189.835063
eo40136,arizona,f,college,291224.84,93403.0,73.0,0,personal auto,four-door car,295.224598
zr40902,oregon,f,bachelor,420927.93,26435.0,111.0,1,corporate auto,four-door car,1012.249308
po89542,oregon,f,bachelor,500980.89,0.0,68.0,0,personal auto,four-door car,326.4
fx57380,california,f,bachelor,521751.33,39854.0,66.0,0,personal auto,two-door car,261.930545
nm22175,oregon,m,college,1149033.62,0.0,161.0,0,personal auto,suv,1052.933035
bc97773,nevada,f,master,286454.4,91368.0,71.0,0,personal auto,four-door car,395.328407
mn34012,arizona,m,bachelor,840391.02,0.0,115.0,0,personal auto,suv,552.0
ky29506,california,f,college,2039596.88,92850.0,104.0,1,personal auto,four-door car,499.2
vu84949,washington,f,bachelor,529263.25,0.0,70.0,0,personal auto,two-door car,336.0
hc20975,arizona,m,bachelor,1672777.19,30915.0,72.0,2,personal auto,four-door car,345.6
if87079,arizona,f,master,580112.83,48927.0,72.0,0,personal auto,four-door car,139.354893
ep18940,oregon,f,bachelor,947297.38,0.0,86.0,0,personal auto,four-door car,412.8
sb44003,arizona,f,college,1048491.54,61108.0,89.0,0,personal auto,four-door car,49.451117
mk15785,nevada,m,master,438731.09,48015.0,110.0,0,corporate auto,luxury,528.0
vp89545,arizona,m,college,452288.35,0.0,61.0,0,personal auto,four-door car,292.8
hj58678,nevada,f,college,541815.21,57587.0,68.0,0,personal auto,four-door car,257.090387
mw80236,washington,m,master,0.0,0.0,70.0,0,personal auto,four-door car,336.0
ia52178,arizona,f,college,1578529.69,81119.0,196.0,0,corporate auto,suv,940.8
wc42895,california,f,bachelor,2211039.8,65724.0,70.0,0,personal auto,four-door car,14.518312
jp41935,washington,m,high school or below,1359619.97,20128.0,70.0,2,personal auto,four-door car,336.0
ym77369,oregon,m,high school or below,475612.62,56146.0,119.0,0,corporate auto,four-door car,401.785805
wv15213,california,m,bachelor,244705.31,84658.0,62.0,0,personal auto,four-door car,44.780402
gx37592,nevada,f,college,567592.33,33257.0,72.0,1,personal auto,four-door car,345.6
vm34210,washington,f,college,739903.21,0.0,101.0,0,personal auto,suv,337.617149
yj59924,oregon,m,college,730843.39,31115.0,92.0,0,personal auto,four-door car,441.6
oo35641,oregon,f,college,3287174.78,78487.0,117.0,0,personal auto,suv,448.255019
eu54076,oregon,m,bachelor,522892.01,92472.0,65.0,0,corporate auto,four-door car,240.221415
qh56750,arizona,m,high school or below,2070086.45,0.0,64.0,0,personal auto,four-door car,460.8
pq27923,washington,m,master,633303.08,71737.0,79.0,0,personal auto,two-door car,338.79562
es16126,california,m,college,433038.6,60475.0,107.0,0,personal auto,four-door car,513.6
pg42834,arizona,f,bachelor,629273.54,26577.0,79.0,0,personal auto,four-door car,73.719521
oy44814,arizona,m,high school or below,491788.96,0.0,71.0,0,personal auto,two-door car,511.2
ji97190,california,m,high school or below,516581.0,43461.0,64.0,0,personal auto,two-door car,307.2
zk61113,oregon,m,high school or below,629159.0,0.0,94.0,0,personal auto,two-door car,676.8
mu88116,oregon,f,master,458267.42,69085.0,113.0,0,corporate auto,luxury,472.271907
tp61305,california,m,high school or below,606244.16,0.0,84.0,0,personal auto,four-door car,604.8
zy20779,washington,m,high school or below,497907.99,0.0,71.0,0,personal auto,two-door car,340.8
kp65334,california,f,college,583056.14,0.0,77.0,0,corporate auto,four-door car,783.431945
oh15677,california,m,high school or below,374257.91,0.0,110.0,1,personal auto,luxury,1272.546918
hb53755,oregon,f,high school or below,384959.67,0.0,106.0,0,personal auto,luxury,763.2
uf77079,arizona,f,high school or below,1526581.49,58361.0,95.0,0,personal auto,four-door car,43.599861
td20252,arizona,m,college,531780.72,74092.0,67.0,0,personal auto,four-door car,321.6
th68362,california,f,college,237480.92,0.0,64.0,0,corporate auto,four-door car,380.822087
to34442,washington,m,college,553286.33,59768.0,71.0,1,personal auto,four-door car,340.8
mp96373,washington,m,master,571978.57,54585.0,7575.0,1,personal auto,two-door car,340.8
cv72453,oregon,f,high school or below,451220.44,0.0,125.0,0,corporate auto,suv,900.0
oy92520,california,f,bachelor,726480.39,12075.0,94.0,0,personal auto,four-door car,451.2
uy95530,california,m,college,865886.38,62464.0,109.0,0,personal auto,luxury,400.181882
fb84235,oregon,m,college,549894.07,22520.0,73.0,0,personal auto,four-door car,350.4
mj14480,arizona,f,high school or below,559938.29,35012.0,72.0,0,personal auto,four-door car,345.6
kw81128,arizona,f,college,1522819.87,95140.0,126.0,0,personal auto,luxury,45.049185
dq98402,nevada,f,high school or below,364483.36,82477.0,90.0,0,corporate auto,two-door car,432.0
wn53966,california,m,master,369344.08,85871.0,92.0,1,personal auto,four-door car,112.633539
qk69627,washington,f,high school or below,938816.29,75264.0,78.0,0,personal auto,four-door car,343.340301
qc55306,washington,m,high school or below,3116269.33,83170.0,97.0,0,personal auto,four-door car,344.118069
wv79842,california,m,high school or below,928373.78,24314.0,235.0,0,personal auto,luxury,1128.0
df40318,oregon,m,master,255122.67,79751.0,63.0,0,corporate auto,two-door car,392.235698
tn90661,nevada,m,high school or below,581191.81,83318.0,72.0,0,corporate auto,four-door car,345.6
zu88029,oregon,f,master,406467.06,26161.0,109.0,0,personal auto,luxury,594.444586
tq88221,california,f,bachelor,284144.31,30473.0,72.0,0,corporate auto,four-door car,450.080101
kh34667,nevada,m,college,683213.39,50472.0,87.0,0,corporate auto,four-door car,281.163705
hw54198,nevada,m,master,520197.14,94186.0,64.0,0,personal auto,four-door car,135.340489
gz79662,arizona,m,high school or below,548458.82,47611.0,69.0,0,corporate auto,four-door car,593.654484
ya11342,california,m,high school or below,767268.14,0.0,103.0,0,personal auto,four-door car,518.720216
zw18871,oregon,m,high school or below,827248.54,91245.0,69.0,0,corporate auto,four-door car,19.251693
qz17137,arizona,f,high school or below,333067.28,45944.0,83.0,0,personal auto,two-door car,182.948495
uv53712,california,f,college,556245.64,59649.0,69.0,1,personal auto,four-door car,167.738267
sj43436,oregon,f,bachelor,245273.86,52785.0,61.0,0,corporate auto,two-door car,45.721456
vw46878,oregon,f,high school or below,792028.29,59648.0,66.0,0,personal auto,four-door car,316.8
tw91179,oregon,f,college,386148.63,93272.0,95.0,0,corporate auto,four-door car,281.110788
lg19551,arizona,m,bachelor,576478.42,22134.0,72.0,0,corporate auto,four-door car,445.879224
ai49712,washington,f,high school or below,259389.79,0.0,72.0,0,personal auto,four-door car,345.6
wn14473,arizona,m,master,288235.06,87798.0,71.0,0,personal auto,two-door car,204.448708
wh62198,california,m,bachelor,221318.79,0.0,63.0,0,personal auto,four-door car,305.552429
sp85148,california,f,master,942962.94,43811.0,117.0,0,personal auto,luxury,571.136574
fb49203,california,f,college,623925.75,0.0,91.0,0,corporate auto,two-door car,655.2
ff94341,nevada,f,bachelor,766880.96,92456.0,95.0,0,special auto,four-door car,456.0
ts42594,california,f,high school or below,1377097.62,59207.0,116.0,0,personal auto,four-door car,556.8
il43607,california,f,high school or below,274284.43,64519.0,69.0,1,corporate auto,four-door car,331.2
fl85008,oregon,f,high school or below,1346692.07,11432.0,119.0,0,personal auto,suv,571.2
an47199,nevada,f,college,885835.2,0.0,80.0,0,personal auto,two-door car,81.255741
sv28347,california,m,high school or below,848533.0,32607.0,111.0,1,corporate auto,suv,532.8
ic78105,arizona,f,high school or below,774464.44,26444.0,196.0,0,personal auto,luxury,940.8
rb28630,oregon,f,high school or below,589490.74,39381.0,74.0,1,personal auto,four-door car,355.2
ka32645,nevada,m,college,577068.41,0.0,83.0,0,personal auto,four-door car,946.345269
qd73891,oregon,m,high school or below,526111.75,90217.0,66.0,1,personal auto,four-door car,316.8
lm58949,oregon,m,high school or below,240353.95,24248.0,70.0,3,personal auto,four-door car,336.0
yg40323,arizona,m,bachelor,912460.0,99368.0,113.0,0,personal auto,four-door car,82.427785
ep82214,arizona,f,high school or below,2618080.53,68189.0,82.0,1,special auto,four-door car,343.121192
eo91797,nevada,f,master,1564125.86,32370.0,130.0,0,corporate auto,suv,487.736171
ru50098,arizona,f,master,257402.04,34990.0,65.0,0,personal auto,four-door car,42.689135
qw10541,california,f,high school or below,531983.87,25714.0,67.0,0,personal auto,two-door car,321.6
sb50826,oregon,m,college,749600.66,61091.0,95.0,0,personal auto,two-door car,409.868003
xx29952,arizona,m,college,1217458.96,88184.0,104.0,3,personal auto,four-door car,240.176533
at93647,california,f,college,260557.08,60252.0,65.0,0,personal auto,four-door car,182.436205
qp56563,oregon,m,college,270720.85,80985.0,67.0,0,personal auto,four-door car,124.933587
uf88986,washington,f,college,279490.75,39783.0,72.0,0,personal auto,two-door car,345.6
ty43440,california,m,high school or below,881901.89,99845.0,110.0,1,personal auto,suv,528.0
nj15094,washington,f,bachelor,534599.46,0.0,72.0,0,personal auto,four-door car,345.6
mm45334,oregon,f,college,816951.4,40803.0,71.0,3,personal auto,four-door car,122.912377
kh93988,oregon,f,college,770888.39,71134.0,98.0,3,personal auto,two-door car,196.37368
ry38931,arizona,m,bachelor,552821.28,36088.0,72.0,0,personal auto,four-door car,345.6
cv48634,nevada,m,college,1212844.67,29431.0,103.0,0,personal auto,suv,237.896227
tn76120,washington,m,bachelor,552821.28,36088.0,72.0,0,personal auto,four-door car,345.6
zs96174,oregon,m,college,679684.48,17937.0,65.0,0,personal auto,two-door car,312.0
mi62456,arizona,f,bachelor,286731.22,23376.0,78.0,0,personal auto,four-door car,374.4
dd44177,california,f,doctor,239557.0,21986.0,63.0,0,personal auto,two-door car,333.696228
nx31380,arizona,f,bachelor,709416.77,23032.0,89.0,0,corporate auto,four-door car,427.2
kq43374,oregon,f,college,412809.13,32114.0,104.0,0,corporate auto,suv,445.29049
xa54112,california,m,bachelor,404693.61,13330.0,117.0,0,corporate auto,suv,561.6
qb14087,california,f,college,486928.28,44934.0,61.0,0,personal auto,four-door car,357.926979
fv42881,oregon,f,college,290215.19,96137.0,73.0,2,corporate auto,two-door car,67.490616
av76907,oregon,f,college,428294.8,40864.0,109.0,1,personal auto,suv,166.937747
vm85555,california,f,college,775012.03,22668.0,67.0,1,personal auto,four-door car,33.718553
zu88113,oregon,m,college,662717.46,90751.0,82.0,1,personal auto,two-door car,315.826382
sz75668,oregon,m,college,747460.58,44186.0,64.0,2,personal auto,four-door car,295.04969
mz65087,oregon,m,college,556129.14,92678.0,70.0,0,personal auto,four-door car,34.689611
el61402,arizona,f,bachelor,609846.21,74257.0,76.0,0,personal auto,four-door car,214.586742
cj31839,california,m,bachelor,285952.89,99981.0,71.0,0,special auto,four-door car,204.872273
xm11175,arizona,m,college,599442.46,0.0,91.0,0,personal auto,four-door car,655.2
lf41085,arizona,f,college,563524.95,19591.0,74.0,0,personal auto,two-door car,95.925021
mb19556,california,f,college,506720.83,29095.0,127.0,0,personal auto,suv,664.280864
hc74532,oregon,f,bachelor,226328.46,0.0,62.0,0,corporate auto,four-door car,389.750793
sb66770,arizona,m,master,1443567.37,60880.0,119.0,0,corporate auto,two-door car,109.906628
ji25066,arizona,f,bachelor,492839.71,61785.0,61.0,0,personal auto,two-door car,271.10697
py98958,oregon,m,bachelor,1203662.05,44428.0,104.0,0,special auto,suv,499.2
ra65645,california,m,high school or below,856476.82,95697.0,107.0,0,personal auto,luxury,178.006524
fq79356,california,f,bachelor,236188.39,18064.0,63.0,2,personal auto,four-door car,182.964184
tm25808,california,m,high school or below,556569.33,74720.0,70.0,0,personal auto,two-door car,200.812425
xo46388,california,f,bachelor,514680.98,22594.0,67.0,0,personal auto,four-door car,321.6
lb81265,arizona,f,bachelor,293808.03,40987.0,73.0,0,personal auto,four-door car,329.013275
jr38787,nevada,m,high school or below,1443274.64,24561.0,126.0,0,personal auto,suv,853.473552
kz22690,california,f,college,1302741.98,76456.0,83.0,1,personal auto,four-door car,42.693918
ny49598,california,m,college,245198.88,65828.0,62.0,0,personal auto,four-door car,297.6
ky39767,oregon,f,college,466198.41,0.0,68.0,1,personal auto,four-door car,489.6
yu35386,arizona,f,bachelor,560001.02,63621.0,70.0,0,personal auto,four-door car,444.620265
tf82172,arizona,m,college,401613.28,10074.0,107.0,0,corporate auto,suv,108.995934
er40041,oregon,f,college,2219580.3,78965.0,183.0,0,personal auto,luxury,145.587985
ms39869,nevada,f,college,734335.37,0.0,68.0,0,personal auto,four-door car,479.028818
pv77906,arizona,m,bachelor,480451.43,23604.0,64.0,0,corporate auto,two-door car,460.8
qf21045,oregon,f,college,273553.89,99205.0,68.0,0,personal auto,two-door car,323.246017
hf65914,arizona,m,college,694097.28,0.0,92.0,0,personal auto,two-door car,441.6
aj58038,california,f,bachelor,239621.93,0.0,66.0,2,corporate auto,four-door car,433.160284
zr88383,nevada,f,college,538089.86,55350.0,67.0,0,personal auto,four-door car,321.6
ot49339,oregon,m,college,843281.57,21052.0,111.0,0,corporate auto,suv,453.578343
fi74985,oregon,f,high school or below,755650.75,0.0,69.0,0,personal auto,four-door car,496.8
jw15301,arizona,m,high school or below,778743.17,24664.0,69.0,0,corporate auto,four-door car,496.8
py20159,nevada,m,college,478781.29,45225.0,124.0,0,corporate auto,luxury,209.176923
nc42524,california,m,college,970764.76,30430.0,86.0,0,special auto,four-door car,425.662574
zg19911,california,f,bachelor,255222.62,35149.0,64.0,0,personal auto,two-door car,120.477298
di89983,california,m,bachelor,522342.93,16513.0,71.0,0,personal auto,four-door car,340.8
ig56214,nevada,m,high school or below,501044.93,10892.0,66.0,0,personal auto,four-door car,316.8
ca86085,washington,m,high school or below,560831.63,67176.0,72.0,0,personal auto,four-door car,345.6
uo95739,oregon,m,college,445793.63,54704.0,113.0,0,personal auto,suv,468.176056
sb64873,oregon,m,doctor,820078.73,25381.0,71.0,0,personal auto,four-door car,340.8
te82896,oregon,f,high school or below,274608.01,0.0,74.0,0,personal auto,four-door car,355.2
vy64199,oregon,f,bachelor,1021577.92,18150.0,67.0,0,corporate auto,four-door car,220.304649
ie82679,california,m,bachelor,245357.08,29735.0,69.0,0,personal auto,four-door car,331.2
sl70257,nevada,f,college,587295.88,77156.0,73.0,0,personal auto,four-door car,445.817914
xj85947,oregon,f,college,311892.79,88782.0,78.0,0,personal auto,four-door car,357.757645
ef84269,california,f,college,556865.65,51489.0,139.0,0,personal auto,suv,236.739322
ny91328,california,f,bachelor,902971.47,16972.0,125.0,0,personal auto,suv,600.0
at49447,california,m,bachelor,759182.72,99359.0,95.0,0,personal auto,two-door car,233.265397
bm70908,arizona,m,college,225531.29,58289.0,62.0,4,personal auto,two-door car,297.6
gm63998,oregon,f,doctor,3261369.04,45173.0,268.0,0,personal auto,luxury,1286.4
ar61426,california,f,bachelor,944564.95,93246.0,78.0,0,personal auto,two-door car,41.628869
cb62406,arizona,m,high school or below,680359.68,43758.0,171.0,0,corporate auto,suv,1129.929433
wh82416,oregon,m,bachelor,976621.71,75651.0,81.0,0,personal auto,four-door car,375.11129
ui53874,arizona,f,doctor,729484.61,0.0,67.0,0,personal auto,four-door car,321.6
lm44949,oregon,f,doctor,568251.53,36938.0,70.0,0,special auto,four-door car,244.801119
jr59597,california,m,bachelor,633294.18,50843.0,82.0,0,personal auto,two-door car,393.6
zs22428,california,f,bachelor,491657.7,21907.0,62.0,0,personal auto,four-door car,2.96438
az34845,california,f,bachelor,479824.09,77846.0,119.0,0,personal auto,luxury,342.471939
xz34917,washington,m,bachelor,564380.24,41043.0,72.0,0,personal auto,four-door car,345.6
qu20310,arizona,f,high school or below,924746.44,97030.0,76.0,0,corporate auto,four-door car,416.637499
nq42020,oregon,m,high school or below,732292.89,80864.0,182.0,0,personal auto,luxury,618.210272
zf40143,nevada,f,college,827590.01,48197.0,106.0,0,personal auto,four-door car,508.8
gu65780,california,m,doctor,563540.37,70837.0,73.0,4,personal auto,four-door car,362.743231
ky32675,arizona,m,high school or below,1497028.51,85297.0,93.0,0,special auto,two-door car,620.011594
zx35838,oregon,f,master,933633.69,70177.0,115.0,0,personal auto,four-door car,225.517666
lu42720,nevada,m,college,4835696.08,52499.0,138.0,0,personal auto,suv,1171.537594
fb25242,oregon,m,college,568691.53,63143.0,71.0,0,corporate auto,four-door car,340.8
rw51650,oregon,m,bachelor,862283.54,97361.0,73.0,0,personal auto,four-door car,350.4
xx94684,nevada,m,high school or below,507967.48,50052.0,130.0,0,personal auto,luxury,624.0
ah99727,arizona,f,bachelor,562331.45,11612.0,71.0,0,personal auto,four-door car,340.8
nz85858,arizona,f,high school or below,527001.36,78115.0,65.0,0,personal auto,four-door car,255.454322
ju19953,california,f,master,862117.22,81947.0,71.0,0,personal auto,two-door car,203.993499
lc33025,oregon,m,college,791833.49,44698.0,211.0,4,personal auto,luxury,1012.8
bv86143,california,f,high school or below,2103401.82,26876.0,66.0,0,personal auto,four-door car,219.209762
ay88788,oregon,f,college,1541768.22,69841.0,192.0,0,personal auto,luxury,878.812468
oj33945,oregon,f,high school or below,869263.68,97768.0,72.0,0,personal auto,two-door car,151.843731
lo84523,oregon,m,high school or below,650314.39,0.0,187.0,0,personal auto,luxury,1588.682955
hz25580,washington,f,high school or below,239619.24,39062.0,61.0,0,corporate auto,two-door car,346.991025
ar96516,oregon,f,bachelor,591495.18,50217.0,74.0,0,personal auto,two-door car,355.2
jp69864,washington,f,bachelor,224844.96,24910.0,63.0,1,personal auto,four-door car,347.857619
dl26809,nevada,m,college,682679.77,0.0,68.0,0,personal auto,two-door car,489.6
mv69686,oregon,f,doctor,398218.07,38500.0,99.0,1,corporate auto,four-door car,423.286512
sc95565,nevada,f,high school or below,288777.97,62018.0,71.0,0,personal auto,two-door car,293.865315
rl31641,oregon,f,college,225241.68,0.0,65.0,0,personal auto,two-door car,468.0
oh83248,california,m,master,845853.13,57394.0,106.0,0,personal auto,four-door car,316.492058
db28979,california,m,bachelor,747831.37,23530.0,65.0,0,corporate auto,two-door car,312.0
zs32263,california,f,high school or below,378864.98,48887.0,95.0,0,personal auto,four-door car,456.0
iy59173,oregon,f,master,522068.53,68867.0,129.0,0,personal auto,suv,619.2
kl17620,california,f,college,713029.48,12062.0,63.0,0,corporate auto,four-door car,302.4
cp28581,arizona,m,college,851359.27,59230.0,107.0,0,personal auto,suv,245.076091
qr15592,arizona,f,bachelor,566013.38,59586.0,72.0,0,personal auto,four-door car,91.198362
ri85578,washington,f,bachelor,263814.01,79699.0,65.0,0,personal auto,two-door car,348.82656
tg68823,arizona,f,bachelor,531889.66,25134.0,67.0,0,personal auto,four-door car,321.6
wo78310,oregon,f,college,416016.26,0.0,61.0,0,personal auto,four-door car,292.8
sc78905,oregon,f,college,223734.78,0.0,61.0,0,personal auto,four-door car,292.8
el88957,california,m,college,346012.3,0.0,100.0,1,personal auto,suv,720.0
ss54050,california,m,bachelor,1600550.51,44901.0,70.0,2,personal auto,four-door car,460.806124
zv99487,arizona,f,bachelor,698660.37,0.0,93.0,0,personal auto,four-door car,149.269407
xi51746,oregon,f,bachelor,882696.15,28463.0,113.0,2,personal auto,suv,324.317667
kg85675,nevada,f,bachelor,472686.93,13037.0,124.0,0,personal auto,suv,839.348464
kk64803,california,m,high school or below,2744347.48,82320.0,99.0,1,personal auto,four-door car,475.2
om80593,california,f,bachelor,724731.35,0.0,104.0,0,personal auto,suv,499.2
rl59810,oregon,f,college,513785.21,78460.0,64.0,0,personal auto,four-door car,203.568733
qq53360,nevada,m,college,273905.72,0.0,92.0,4,personal auto,two-door car,657.290491
wr76339,california,m,college,509279.39,46922.0,64.0,0,corporate auto,two-door car,403.385123
ba40043,california,m,college,579982.68,60689.0,74.0,0,corporate auto,four-door car,5.746657
mk52197,nevada,f,master,550706.32,0.0,71.0,0,personal auto,four-door car,340.8
sv48204,oregon,f,college,1048491.54,61108.0,89.0,0,personal auto,four-door car,49.451117
rj79502,arizona,m,bachelor,850128.0,98003.0,107.0,0,personal auto,suv,449.408637
ly14355,washington,f,high school or below,293598.83,73847.0,73.0,1,personal auto,two-door car,350.4
nl32558,arizona,f,high school or below,650339.7,22081.0,84.0,0,personal auto,two-door car,451.670309
cp92616,nevada,m,high school or below,4680522.31,83006.0,235.0,1,personal auto,luxury,1065.049894
bp28492,arizona,f,college,483471.05,38713.0,66.0,4,corporate auto,four-door car,316.8
mx28412,oregon,f,college,257532.37,28700.0,68.0,3,personal auto,four-door car,326.4
dt99586,california,f,master,3711165.95,61552.0,115.0,0,personal auto,suv,12.252847
ic41932,nevada,m,college,437119.04,56718.0,113.0,1,personal auto,suv,542.4
da35744,oregon,m,doctor,1679633.6,66776.0,71.0,0,corporate auto,four-door car,131.808343
gu96042,california,m,high school or below,798850.64,58268.0,67.0,0,corporate auto,two-door car,228.641342
uw98698,california,m,college,226984.11,0.0,68.0,0,personal auto,four-door car,542.016902
sf32458,california,m,doctor,499147.2,12608.0,66.0,1,personal auto,four-door car,214.866605
om85313,california,m,master,292193.09,63499.0,73.0,0,personal auto,four-door car,278.964095
mh81246,oregon,m,high school or below,761319.31,36247.0,96.0,0,corporate auto,four-door car,329.522858
oh99089,california,f,master,582740.97,30228.0,73.0,0,personal auto,four-door car,163.345647
tg57800,oregon,f,college,260064.12,0.0,74.0,0,personal auto,two-door car,501.472124
gx19342,california,f,high school or below,849146.57,0.0,116.0,0,personal auto,four-door car,1193.115879
xe39286,arizona,f,bachelor,977873.36,99364.0,121.0,0,personal auto,luxury,580.8
ja93297,california,m,bachelor,2265853.65,23665.0,67.0,0,personal auto,four-door car,404.817249
ii37789,arizona,f,college,1000402.76,0.0,94.0,0,corporate auto,four-door car,807.168846
ic32996,oregon,m,high school or below,487277.44,69247.0,61.0,1,corporate auto,two-door car,226.522147
lo67195,arizona,f,college,744481.46,56047.0,92.0,0,corporate auto,four-door car,82.733588
pg93638,oregon,m,college,576111.12,28919.0,73.0,0,personal auto,two-door car,207.828024
oz41737,oregon,f,doctor,536677.91,0.0,70.0,0,personal auto,four-door car,223.174067
oy66019,oregon,f,college,625947.78,0.0,83.0,0,personal auto,four-door car,254.142365
ch73843,arizona,m,high school or below,762358.07,69900.0,64.0,0,personal auto,two-door car,33.97
xt93203,california,m,high school or below,1096395.72,55687.0,276.0,0,personal auto,luxury,1324.8
or85652,oregon,f,bachelor,742784.51,78294.0,92.0,0,personal auto,four-door car,181.148732
lr10110,washington,f,bachelor,550413.9,0.0,73.0,0,corporate auto,four-door car,350.4
xk11432,arizona,m,bachelor,466512.96,0.0,62.0,0,personal auto,two-door car,297.6
ox24868,california,f,high school or below,602184.25,0.0,168.0,0,personal auto,suv,1476.670903
ez74530,nevada,m,high school or below,307410.55,0.0,104.0,3,personal auto,luxury,748.8
hp46467,oregon,f,college,495308.64,21385.0,127.0,0,corporate auto,suv,609.6
kp54476,california,m,master,778048.93,87128.0,97.0,0,personal auto,two-door car,495.612777
ai47152,nevada,f,college,799277.91,35434.0,66.0,0,personal auto,four-door car,297.051768
bu15334,california,f,master,417068.73,29462.0,107.0,1,corporate auto,suv,513.6
gd59796,nevada,f,college,2322823.67,53243.0,102.0,3,personal auto,four-door car,489.6
ox59701,california,m,high school or below,544581.7,21006.0,139.0,1,personal auto,suv,667.2
od63728,california,f,college,455849.84,0.0,65.0,0,personal auto,two-door car,312.0
jc38573,oregon,m,bachelor,552821.28,36088.0,72.0,0,corporate auto,four-door car,345.6
rc11491,oregon,f,college,1039066.65,28948.0,131.0,0,corporate auto,suv,295.83086
rz24101,nevada,f,college,714254.91,24417.0,185.0,0,personal auto,suv,888.0
ob88698,oregon,m,high school or below,546954.3,67099.0,69.0,0,personal auto,two-door car,22.995594
ik92617,oregon,f,bachelor,1162873.4,97830.0,96.0,0,personal auto,four-door car,298.362415
yh43996,arizona,m,college,1018965.43,0.0,101.0,0,personal auto,four-door car,727.2
bj65040,arizona,f,high school or below,273343.19,93558.0,67.0,0,personal auto,four-door car,478.234236
wy57101,arizona,f,doctor,401445.31,37384.0,99.0,0,personal auto,four-door car,475.2
og77759,arizona,m,bachelor,711953.19,28227.0,62.0,0,personal auto,four-door car,551.28213
hn38084,nevada,m,high school or below,1177279.07,51008.0,74.0,0,corporate auto,two-door car,355.2
gd11927,california,m,high school or below,238179.08,78185.0,61.0,0,personal auto,four-door car,292.8
mc20349,california,f,bachelor,520835.39,0.0,74.0,0,personal auto,four-door car,532.8
hm22034,nevada,m,college,501872.79,0.0,68.0,0,personal auto,four-door car,670.47746
kh48996,arizona,f,bachelor,1190054.48,97205.0,100.0,2,personal auto,luxury,5.573179
vf32979,washington,f,bachelor,580017.19,25472.0,73.0,0,corporate auto,four-door car,350.4
ls90887,california,f,bachelor,567438.12,26225.0,72.0,1,special auto,four-door car,320.777404
en72010,oregon,m,college,727143.4,20545.0,70.0,0,personal auto,two-door car,336.0
kh44031,oregon,f,master,316449.4,0.0,83.0,0,personal auto,four-door car,398.4
gj47896,arizona,f,college,266103.34,35503.0,67.0,0,personal auto,two-door car,216.173135
gd87742,oregon,f,college,1414055.89,58988.0,118.0,0,personal auto,luxury,566.4
md14027,nevada,f,bachelor,765422.71,0.0,74.0,1,personal auto,two-door car,355.2
xa32915,nevada,m,high school or below,219973.95,0.0,64.0,0,personal auto,two-door car,685.456738
xr52852,oregon,f,college,200435.07,0.0,66.0,4,special auto,four-door car,316.8
ez48947,nevada,m,college,1311111.32,67197.0,111.0,0,special auto,suv,147.948783
oj50322,nevada,m,high school or below,1576260.35,39032.0,198.0,0,personal auto,suv,950.4
xb77333,oregon,f,college,1319792.89,0.0,68.0,3,personal auto,four-door car,326.4
qb58745,california,m,high school or below,278753.98,34927.0,70.0,0,personal auto,two-door car,242.491357
ig62421,nevada,m,doctor,343613.43,30817.0,88.0,0,personal auto,four-door car,91.834668
sf29724,california,f,bachelor,271336.8,31535.0,70.0,0,personal auto,four-door car,90.525716
wm95454,california,f,bachelor,286731.22,23376.0,78.0,0,personal auto,four-door car,374.4
cb96381,california,f,college,1459024.58,46244.0,62.0,0,corporate auto,four-door car,255.285875
mj60422,arizona,m,bachelor,665247.45,34886.0,84.0,0,personal auto,two-door car,403.2
nc63295,arizona,m,high school or below,244462.11,0.0,66.0,0,corporate auto,four-door car,316.8
cm55703,washington,f,college,289691.88,33746.0,74.0,1,personal auto,two-door car,355.2
ze76673,oregon,m,doctor,1097206.78,24164.0,137.0,0,personal auto,luxury,657.6
to60700,washington,f,bachelor,0.0,25859.0,74.0,0,special auto,four-door car,355.2
wf34690,oregon,f,bachelor,1935737.2,0.0,68.0,1,personal auto,four-door car,326.4
zm28138,arizona,f,bachelor,722712.04,40153.0,61.0,0,personal auto,four-door car,340.07498
fi14842,nevada,f,college,785730.39,0.0,104.0,0,personal auto,suv,499.2
kc32511,oregon,f,master,518162.09,97131.0,64.0,0,personal auto,four-door car,307.2
ne10467,arizona,f,high school or below,428106.22,23712.0,106.0,0,corporate auto,suv,508.8
pt93474,oregon,f,bachelor,1151316.29,0.0,64.0,0,personal auto,four-door car,307.2
rl74454,nevada,f,bachelor,514711.02,33171.0,65.0,0,personal auto,four-door car,236.643695
dq31994,nevada,f,college,866349.76,0.0,83.0,1,corporate auto,four-door car,398.4
dn98431,oregon,f,high school or below,253532.17,0.0,68.0,0,corporate auto,four-door car,326.4
ev53200,nevada,m,college,2150433.88,60228.0,112.0,1,personal auto,suv,286.102971
aj89107,arizona,m,high school or below,734932.85,27072.0,93.0,0,personal auto,four-door car,565.336931
ws25565,california,m,master,850985.09,26057.0,74.0,0,personal auto,four-door car,523.888845
zy33234,nevada,f,high school or below,429718.91,66331.0,107.0,0,personal auto,two-door car,513.6
ps69748,washington,m,college,871704.98,83846.0,74.0,3,personal auto,four-door car,355.2
hl33607,washington,m,college,871704.98,83846.0,74.0,3,personal auto,four-door car,355.2
dg90902,california,f,college,1747664.14,45106.0,73.0,0,personal auto,four-door car,350.4
sw96063,arizona,f,bachelor,1047989.97,78435.0,130.0,0,personal auto,suv,553.61131
cp19929,california,f,bachelor,224257.44,0.0,63.0,1,corporate auto,two-door car,453.6
kr50062,oregon,m,college,275445.68,79507.0,70.0,3,personal auto,two-door car,442.199439
cu19735,arizona,m,high school or below,804120.06,44986.0,101.0,0,corporate auto,suv,624.023564
st52914,arizona,m,college,604291.19,25899.0,79.0,0,personal auto,two-door car,568.8
wq68301,oregon,m,bachelor,282743.89,13610.0,74.0,0,personal auto,four-door car,355.2
lr33381,nevada,m,doctor,2204185.64,0.0,65.0,0,personal auto,four-door car,312.0
ur36912,california,m,bachelor,279680.22,77362.0,70.0,0,personal auto,two-door car,386.599797
sk46419,california,m,high school or below,407284.94,96443.0,102.0,0,personal auto,suv,489.6
by88757,california,m,master,518246.23,0.0,135.0,1,personal auto,suv,939.528475
er65086,nevada,m,doctor,613166.32,90778.0,76.0,0,personal auto,four-door car,62.291009
tp87527,california,f,high school or below,239213.11,0.0,65.0,0,corporate auto,four-door car,361.181122
vl80291,nevada,f,master,320966.3,78494.0,79.0,0,personal auto,two-door car,122.305677
wl45773,california,f,doctor,280860.6,83497.0,69.0,0,special auto,four-door car,196.523187
tt36693,nevada,m,college,436293.12,58842.0,110.0,0,personal auto,four-door car,528.0
pt12544,arizona,m,college,688046.89,63935.0,87.0,0,personal auto,four-door car,221.61885
ci24326,oregon,m,bachelor,359106.67,0.0,96.0,0,personal auto,four-door car,460.8
yq73717,california,m,high school or below,520125.22,0.0,69.0,0,personal auto,four-door car,331.2
fg99706,oregon,f,college,552154.26,0.0,77.0,0,personal auto,four-door car,369.6
om63414,arizona,f,bachelor,507165.15,62258.0,65.0,0,personal auto,two-door car,117.450428
jq74890,nevada,m,bachelor,292168.14,0.0,80.0,0,corporate auto,four-door car,739.310493
fp93662,california,f,master,1580653.4,58516.0,98.0,0,corporate auto,two-door car,470.4
sa40041,washington,f,bachelor,574988.38,22814.0,73.0,0,personal auto,four-door car,360.773462
ew82164,california,f,bachelor,416741.96,56901.0,104.0,0,personal auto,suv,499.2
kv99550,california,m,high school or below,651495.4,0.0,61.0,1,personal auto,four-door car,292.8
ca96230,california,m,doctor,918951.83,99443.0,117.0,4,personal auto,suv,228.049424
qn17712,oregon,f,college,823122.34,0.0,113.0,0,personal auto,suv,373.073162
km79894,arizona,m,master,309517.54,88246.0,77.0,1,corporate auto,four-door car,428.608683
kr25511,washington,m,high school or below,600521.48,26876.0,76.0,0,corporate auto,four-door car,364.8
dz45471,nevada,m,college,758211.38,64801.0,64.0,0,personal auto,four-door car,268.471802
de18949,oregon,f,college,1634460.81,57029.0,68.0,0,corporate auto,two-door car,135.788525
bn74268,arizona,f,college,1176315.25,28045.0,99.0,0,personal auto,four-door car,475.2
qj93301,nevada,m,master,405337.38,44661.0,101.0,0,personal auto,two-door car,436.836944
oo92815,arizona,f,high school or below,331115.79,21246.0,83.0,0,personal auto,four-door car,398.4
hv50891,nevada,m,doctor,352804.43,31278.0,92.0,4,personal auto,two-door car,441.6
rk59543,california,f,high school or below,559538.99,74454.0,71.0,0,personal auto,four-door car,340.8
ih54239,california,m,master,508969.43,62474.0,63.0,0,personal auto,four-door car,112.120881
gb14456,nevada,m,high school or below,2233716.31,0.0,130.0,0,personal auto,suv,1376.910777
rc95515,arizona,m,college,479283.05,20647.0,63.0,0,personal auto,four-door car,185.061408
ti61458,california,f,bachelor,2778969.24,33806.0,89.0,0,personal auto,four-door car,395.729716
rb49468,oregon,f,bachelor,751166.06,0.0,70.0,0,personal auto,four-door car,340.201412
sj18454,oregon,m,high school or below,1876755.16,0.0,111.0,0,personal auto,luxury,900.14526
kc19420,california,f,college,498764.31,19589.0,127.0,0,personal auto,suv,1027.010512
tp12241,california,f,college,512319.68,22338.0,67.0,1,personal auto,two-door car,307.801098
bd89564,nevada,m,college,598977.39,66839.0,154.0,0,personal auto,luxury,739.2
ec71986,washington,f,high school or below,242928.05,26736.0,63.0,0,personal auto,four-door car,367.92773
cj97736,oregon,f,college,582818.22,31364.0,74.0,0,personal auto,four-door car,461.269135
qf59448,washington,m,college,283158.77,17752.0,77.0,0,personal auto,four-door car,369.6
yb70005,oregon,m,college,976793.69,36225.0,123.0,0,special auto,suv,221.048602
qi40455,oregon,f,doctor,1209791.22,0.0,107.0,0,personal auto,suv,271.014511
yl72747,california,m,high school or below,226531.86,0.0,61.0,0,personal auto,four-door car,292.8
fl18392,california,f,bachelor,571908.87,77601.0,71.0,0,personal auto,two-door car,276.640352
al21967,oregon,m,master,1017147.78,74243.0,84.0,0,corporate auto,four-door car,71.311211
kc67431,california,f,college,1051715.64,46707.0,133.0,0,personal auto,luxury,80.70505
eg40823,oregon,f,bachelor,430347.14,0.0,116.0,0,personal auto,suv,765.566699
qo89177,california,m,college,1192675.33,50234.0,101.0,0,personal auto,four-door car,484.8
av72430,oregon,m,master,1653170.38,75526.0,103.0,1,personal auto,four-door car,494.4
tl18087,washington,m,bachelor,305928.21,65083.0,77.0,0,personal auto,four-door car,369.6
wi29961,nevada,m,high school or below,543744.37,28343.0,69.0,0,personal auto,two-door car,331.2
zr11692,california,m,bachelor,510329.66,74948.0,64.0,0,corporate auto,four-door car,216.744457
no36572,oregon,m,high school or below,458310.09,22728.0,116.0,0,personal auto,four-door car,556.8
yz56105,california,f,high school or below,640962.75,0.0,99.0,2,personal auto,two-door car,712.8
mn62189,california,f,high school or below,899198.45,17331.0,117.0,0,personal auto,suv,1138.255325
mq32284,california,f,college,1223277.63,35133.0,102.0,0,personal auto,suv,692.962785
ns38229,nevada,f,college,512603.89,63147.0,64.0,0,personal auto,four-door car,87.565229
ib41597,california,f,college,1101416.36,67575.0,91.0,0,personal auto,four-door car,401.60781
ip68868,oregon,m,high school or below,381961.95,0.0,111.0,0,personal auto,two-door car,799.2
el70257,california,f,high school or below,840439.51,48315.0,71.0,0,personal auto,four-door car,340.8
nb27041,arizona,f,high school or below,903567.11,34337.0,113.0,0,corporate auto,four-door car,542.4
bm28359,oregon,m,high school or below,545370.76,33818.0,72.0,4,personal auto,four-door car,341.878002
vb77950,california,f,high school or below,376636.66,22439.0,98.0,0,personal auto,four-door car,470.4
pe47967,oregon,f,college,728393.44,79055.0,186.0,1,personal auto,luxury,177.635183
qr47308,nevada,f,college,274524.98,45191.0,69.0,0,personal auto,four-door car,330.782934
yu49449,california,m,bachelor,262627.94,41990.0,66.0,0,personal auto,four-door car,316.8
kn25124,oregon,f,master,245681.66,50979.0,61.0,1,personal auto,two-door car,262.842655
hi51182,oregon,f,college,845367.77,59888.0,106.0,0,personal auto,four-door car,712.682559
ms18916,california,m,college,350856.95,20978.0,98.0,1,personal auto,four-door car,1176.2788
ie40701,california,m,high school or below,287735.43,32807.0,73.0,0,personal auto,four-door car,350.4
ut48216,nevada,m,college,784016.58,58414.0,210.0,2,personal auto,luxury,1008.0
vn92740,arizona,f,college,277104.5,50071.0,71.0,0,corporate auto,two-door car,18.918935
iz55070,nevada,f,high school or below,533948.83,67796.0,69.0,4,personal auto,four-door car,331.2
hi74419,washington,m,college,809287.7,50825.0,102.0,0,personal auto,suv,369.614729
mp76478,washington,f,high school or below,864650.41,64125.0,108.0,0,corporate auto,suv,369.818708
dy30071,oregon,m,bachelor,565923.84,69387.0,71.0,0,personal auto,four-door car,71.517444
zn24083,oregon,m,doctor,553246.23,29084.0,71.0,1,corporate auto,four-door car,492.088331
ju74347,oregon,m,bachelor,794351.33,60214.0,100.0,1,corporate auto,luxury,291.287905
yj35850,oregon,m,high school or below,977460.58,96018.0,122.0,0,personal auto,suv,390.88142
ie15348,washington,f,high school or below,406700.47,28466.0,102.0,0,personal auto,suv,371.802628
gp67816,california,f,high school or below,2320839.42,60233.0,116.0,0,personal auto,two-door car,481.265179
pw51793,oregon,m,bachelor,732589.27,52920.0,93.0,0,personal auto,four-door car,1101.05432
uf59346,california,m,bachelor,417034.07,90310.0,104.0,0,personal auto,suv,166.355491
fg29932,california,m,college,784016.58,58414.0,210.0,2,special auto,luxury,1008.0
ux71137,washington,f,doctor,887596.55,69205.0,110.0,0,personal auto,four-door car,372.362565
by54111,oregon,m,high school or below,1937890.78,21159.0,73.0,0,personal auto,four-door car,350.4
rm83767,washington,m,college,597099.57,64008.0,85.0,5,personal auto,four-door car,372.893812
pt15464,arizona,f,bachelor,914887.79,68236.0,114.0,0,personal auto,suv,20.725611
bp92643,arizona,f,high school or below,1377097.62,59207.0,116.0,0,personal auto,four-door car,556.8
bw94308,washington,f,high school or below,2009689.34,92766.0,71.0,0,personal auto,two-door car,379.029102
gq46925,arizona,m,high school or below,582168.43,77563.0,143.0,0,personal auto,luxury,545.999699
rf14806,arizona,f,college,309580.34,33415.0,78.0,0,personal auto,four-door car,374.4
kj23009,california,f,bachelor,1059854.25,20179.0,133.0,1,corporate auto,suv,638.4
ib81655,california,m,bachelor,769512.3,50147.0,101.0,0,personal auto,suv,484.8
sv62436,washington,unknown,bachelor,304179.16,13789.0,79.0,0,personal auto,four-door car,379.2
hr64684,oregon,m,master,868982.25,0.0,99.0,5,personal auto,four-door car,475.2
qs96715,nevada,f,high school or below,813177.92,93715.0,102.0,2,personal auto,suv,254.83769
sw55711,oregon,m,high school or below,381532.16,23540.0,103.0,2,corporate auto,two-door car,494.4
lz19268,california,f,college,1163889.95,25370.0,102.0,0,personal auto,luxury,489.6
fu74983,nevada,f,bachelor,2280053.54,68771.0,96.0,0,personal auto,four-door car,276.268778
kb99097,california,f,bachelor,446299.7,0.0,73.0,3,special auto,two-door car,350.4
ap52126,oregon,f,college,1315183.2,68562.0,108.0,0,personal auto,suv,228.498823
ex61844,arizona,m,high school or below,1401997.55,36733.0,71.0,0,personal auto,four-door car,327.078047
qc30857,nevada,f,college,293115.52,45768.0,73.0,0,personal auto,two-door car,191.934494
rt69513,california,f,bachelor,477475.17,0.0,64.0,0,personal auto,four-door car,307.2
hv85198,arizona,m,master,847141.75,63513.0,70.0,0,personal auto,four-door car,185.667213
bs91566,arizona,f,college,543121.91,58161.0,68.0,0,corporate auto,four-door car,140.747286
il40123,nevada,f,college,568964.41,83640.0,70.0,0,corporate auto,two-door car,471.050488
my32149,california,f,master,368672.38,0.0,96.0,0,personal auto,two-door car,28.460568
sa91515,california,m,bachelor,399258.39,0.0,111.0,0,personal auto,suv,700.349052
sa25987,washington,m,high school or below,3479.137523,0.0,104.0,0,personal auto,two-door car,499.2
tb86706,arizona,m,master,2502.637401,0.0,66.0,0,personal auto,two-door car,3.468912
zl73902,nevada,f,bachelor,3265.156348,25820.0,82.0,0,personal auto,four-door car,393.6
kx23516,california,f,high school or below,4455.843406,0.0,121.0,0,personal auto,suv,699.615192
fn77294,california,m,high school or below,7704.95848,30366.0,101.0,2,personal auto,suv,484.8
vi78454,arizona,m,college,2750.705045,51789.0,70.0,0,personal auto,four-door car,336.0
fp59138,oregon,m,master,13024.13012,0.0,125.0,0,personal auto,suv,900.0
xn62489,oregon,m,bachelor,2538.62632,18608.0,71.0,0,corporate auto,four-door car,340.8
gp66031,california,f,college,2585.955652,83758.0,64.0,0,corporate auto,two-door car,106.591949
ix68587,nevada,f,master,5096.673223,22886.0,65.0,0,personal auto,four-door car,312.0
hx17929,california,f,high school or below,10083.48688,11828.0,90.0,0,personal auto,four-door car,571.479602
ic59236,california,f,college,4943.386117,44762.0,62.0,0,corporate auto,four-door car,114.51444
vg31922,nevada,f,bachelor,6516.214888,0.0,175.0,0,personal auto,suv,1221.143438
hp87787,arizona,m,bachelor,8838.085637,82664.0,114.0,3,corporate auto,suv,133.425609
al78075,oregon,m,high school or below,3810.238281,0.0,108.0,0,personal auto,four-door car,777.6
wa97671,arizona,m,bachelor,6334.466403,0.0,63.0,0,personal auto,four-door car,302.4
qz77637,washington,f,college,11665.09779,84978.0,72.0,1,corporate auto,four-door car,166.77296
fp11777,california,m,doctor,10972.06778,24164.0,137.0,0,corporate auto,luxury,657.6
id45268,california,f,college,6006.963446,0.0,80.0,0,personal auto,four-door car,488.910614
ax86150,washington,m,high school or below,2656.713092,62777.0,67.0,0,personal auto,two-door car,101.288069
mw57614,arizona,f,bachelor,2359.423599,19864.0,63.0,0,personal auto,four-door car,352.394515
tj30081,arizona,m,bachelor,12036.62051,44428.0,104.0,0,personal auto,suv,499.2
fw44940,california,f,bachelor,8467.387317,21139.0,113.0,0,personal auto,luxury,656.798232
cs55808,california,m,college,9392.557553,0.0,88.0,0,personal auto,four-door car,851.146266
wz61178,california,f,bachelor,5227.230377,11896.0,69.0,0,personal auto,two-door car,476.254583
iv55977,oregon,m,bachelor,2693.75925,0.0,73.0,1,personal auto,two-door car,350.4
yc67208,california,m,high school or below,2227.072755,27972.0,61.0,0,personal auto,four-door car,292.8
lz89773,california,m,doctor,2326.864833,0.0,62.0,0,personal auto,four-door car,624.711448
ip52990,oregon,f,high school or below,16794.31422,38399.0,106.0,0,personal auto,suv,368.890904
vf73104,arizona,f,high school or below,5016.827946,20868.0,63.0,0,personal auto,four-door car,134.629643
oc80343,oregon,m,bachelor,7757.924239,49682.0,101.0,0,personal auto,suv,198.84453
el89222,california,f,bachelor,8609.158215,79090.0,107.0,0,personal auto,suv,289.040734
qb14114,oregon,f,high school or below,5275.056933,81850.0,132.0,0,personal auto,luxury,429.860895
hm41195,arizona,m,high school or below,5746.32619,22906.0,76.0,0,personal auto,four-door car,519.883102
jt41591,washington,m,college,2705.987629,0.0,83.0,1,personal auto,four-door car,398.4
he15857,washington,m,bachelor,6186.265217,37138.0,83.0,2,personal auto,two-door car,417.28389
ki64666,nevada,f,bachelor,22445.28088,0.0,71.0,0,personal auto,four-door car,511.2
jc33752,oregon,f,college,6277.844624,21024.0,82.0,1,personal auto,two-door car,450.129276
ja25453,california,m,high school or below,7215.821106,0.0,103.0,0,personal auto,four-door car,741.6
aj69778,oregon,f,high school or below,6514.430592,77135.0,84.0,3,personal auto,four-door car,98.372265
fq83162,washington,m,college,34708.87261,0.0,109.0,0,personal auto,luxury,718.700718
ey89842,arizona,m,bachelor,4216.19522,0.0,114.0,0,corporate auto,suv,820.8
tg69238,oregon,f,bachelor,13158.37206,72845.0,108.0,0,personal auto,suv,463.000336
ui63465,oregon,f,high school or below,2917.539465,51622.0,74.0,0,corporate auto,four-door car,355.2
wx33904,arizona,m,bachelor,6355.678846,0.0,61.0,0,special auto,two-door car,292.8
ha20933,oregon,f,bachelor,13269.59942,15616.0,114.0,1,personal auto,suv,547.2
bu16704,oregon,f,high school or below,5880.256499,0.0,82.0,0,personal auto,four-door car,590.4
jv68002,washington,m,college,5926.729379,23091.0,96.0,5,corporate auto,four-door car,460.8
pm78410,oregon,f,bachelor,4121.252137,0.0,67.0,3,personal auto,two-door car,482.4
pu92298,arizona,f,bachelor,7956.152761,22699.0,74.0,4,personal auto,four-door car,355.2
aa16582,washington,m,bachelor,24127.50402,14072.0,71.0,0,personal auto,four-door car,511.2
az87715,california,f,high school or below,26864.20332,81713.0,74.0,0,personal auto,four-door car,332.224293
gi89160,california,f,bachelor,31934.62164,56516.0,199.0,0,personal auto,luxury,955.2
wv57813,oregon,f,bachelor,5132.684537,0.0,73.0,0,personal auto,four-door car,525.6
ew86465,arizona,m,high school or below,4759.624343,26747.0,61.0,0,corporate auto,four-door car,404.074203
uw70224,oregon,f,college,2637.942355,63422.0,66.0,0,personal auto,four-door car,355.922452
lu12532,california,f,high school or below,6503.397049,22081.0,84.0,0,personal auto,two-door car,451.670309
wd48852,oregon,f,college,12786.66898,0.0,180.0,0,special auto,luxury,1296.0
bh43379,oregon,f,bachelor,3147.973444,29698.0,83.0,2,personal auto,four-door car,215.884804
gv59387,california,f,college,5618.485357,24518.0,74.0,0,personal auto,two-door car,241.656325
lq76410,arizona,m,college,3230.576665,62873.0,81.0,0,special auto,four-door car,207.75186
mf19231,california,m,master,7434.675149,28377.0,94.0,0,personal auto,four-door car,451.2
xs47087,oregon,m,college,11714.78278,21102.0,100.0,0,personal auto,suv,480.0
il56791,oregon,m,bachelor,2009.772923,0.0,65.0,2,personal auto,two-door car,312.0
uv88036,nevada,f,high school or below,6625.472768,0.0,88.0,0,personal auto,four-door car,539.280951
se76116,california,m,bachelor,9567.711298,81410.0,119.0,0,personal auto,suv,221.188327
gj63103,oregon,f,high school or below,18474.71111,27869.0,67.0,0,personal auto,two-door car,482.4
pl78574,arizona,m,high school or below,12157.32992,57449.0,103.0,0,personal auto,four-door car,494.4
nv69875,oregon,m,high school or below,2956.358303,40901.0,74.0,0,corporate auto,four-door car,13.628274
mc38650,nevada,m,high school or below,3963.394851,88701.0,99.0,0,personal auto,two-door car,171.830049
no73819,california,f,master,10896.04838,29365.0,137.0,0,personal auto,luxury,657.6
ow84864,california,f,college,6081.048248,0.0,82.0,0,personal auto,four-door car,393.6
bv91898,arizona,f,bachelor,30141.61738,0.0,103.0,0,personal auto,suv,1060.310769
wq54314,oregon,f,bachelor,5737.233278,56455.0,73.0,2,personal auto,four-door car,350.4
nm57315,california,m,bachelor,16979.79757,35095.0,73.0,0,special auto,two-door car,525.6
jb51220,oregon,f,high school or below,10915.35877,0.0,155.0,1,corporate auto,luxury,1116.0
en77569,oregon,f,college,3808.122147,94903.0,94.0,0,special auto,two-door car,451.2
yp47665,washington,m,doctor,5408.911507,80192.0,67.0,0,personal auto,four-door car,95.193157
qo54008,oregon,m,master,13419.39623,0.0,122.0,0,personal auto,suv,827.786203
eq59908,california,m,master,3237.996209,60244.0,83.0,3,corporate auto,four-door car,326.281835
yu72540,arizona,f,college,10357.62776,52735.0,65.0,0,personal auto,four-door car,123.512596
bz50261,arizona,f,high school or below,11619.91802,78275.0,72.0,0,personal auto,two-door car,25.336642
qe92747,oregon,f,bachelor,8209.054963,77282.0,102.0,0,corporate auto,four-door car,489.6
kg83280,california,f,college,3096.511217,21604.0,79.0,0,personal auto,four-door car,379.2
il42365,arizona,f,high school or below,4804.35851,51962.0,125.0,4,personal auto,luxury,788.206874
fi86516,oregon,f,bachelor,4786.054889,0.0,68.0,0,corporate auto,four-door car,489.6
fv14881,california,f,doctor,15886.03136,56362.0,197.0,1,personal auto,luxury,945.6
rr54950,arizona,m,college,5285.079293,85753.0,66.0,1,special auto,four-door car,316.8
fc70869,arizona,f,high school or below,2945.370362,36167.0,76.0,3,personal auto,two-door car,364.8
pb60303,oregon,f,master,18089.79629,68568.0,223.0,1,personal auto,luxury,1070.4
ho50571,california,f,college,10208.92761,35482.0,129.0,0,personal auto,suv,619.2
bh86846,washington,m,high school or below,20708.25881,92079.0,65.0,1,corporate auto,four-door car,114.798771
pc42162,oregon,m,bachelor,5247.852585,0.0,77.0,0,personal auto,two-door car,554.4
kd21661,california,m,college,5179.55248,0.0,165.0,2,personal auto,suv,1188.0
fz73016,california,f,bachelor,4513.435299,34558.0,113.0,0,personal auto,suv,376.529086
hj19927,nevada,m,master,5297.625945,14775.0,69.0,0,personal auto,four-door car,170.939409
rj99408,california,m,high school or below,5377.014781,35637.0,68.0,0,personal auto,four-door car,326.4
el81968,oregon,m,bachelor,7661.388132,66726.0,97.0,1,personal auto,two-door car,335.840529
wu86174,california,f,bachelor,2677.279707,0.0,72.0,0,personal auto,four-door car,345.6
dn21342,oregon,f,college,6877.817669,0.0,96.0,0,personal auto,four-door car,460.8
pb60406,california,f,doctor,5714.232848,79719.0,71.0,0,personal auto,four-door car,425.924132
iy37465,arizona,m,bachelor,4929.549699,25632.0,63.0,0,corporate auto,two-door car,351.270869
lf55270,oregon,f,college,10484.91535,61108.0,89.0,0,personal auto,four-door car,49.451117
uv69038,california,m,college,9490.406534,0.0,137.0,0,corporate auto,suv,657.6
is63925,arizona,f,college,7805.31287,21073.0,106.0,1,personal auto,suv,508.8
cq21583,oregon,m,doctor,21274.34205,17932.0,79.0,0,personal auto,four-door car,379.2
pr21713,nevada,m,high school or below,5838.89915,81082.0,73.0,0,personal auto,four-door car,281.295903
xe10977,oregon,f,high school or below,2677.495763,71684.0,66.0,0,personal auto,two-door car,196.065149
jg87029,oregon,m,high school or below,2374.798861,57338.0,61.0,0,personal auto,two-door car,292.8
bk21146,arizona,m,college,22103.5072,0.0,102.0,0,personal auto,suv,489.6
we19034,oregon,m,college,2427.770513,24409.0,62.0,0,corporate auto,four-door car,297.6
df62718,california,f,high school or below,7294.40195,83488.0,90.0,0,personal auto,four-door car,432.784577
ms59254,washington,m,high school or below,11360.46496,0.0,104.0,0,corporate auto,two-door car,773.346065
wc65050,california,f,master,2811.956395,62537.0,71.0,1,personal auto,two-door car,354.199664
st27958,washington,m,college,4386.277558,10621.0,67.0,0,personal auto,four-door car,321.6
xz81226,arizona,f,bachelor,6446.918637,43478.0,80.0,0,personal auto,four-door car,384.0
tu53781,oregon,f,bachelor,8427.172486,46503.0,215.0,1,corporate auto,luxury,1032.0
gc93551,oregon,f,high school or below,5290.127299,27179.0,66.0,0,personal auto,four-door car,344.201601
mo33279,california,f,college,5592.455266,62229.0,70.0,0,personal auto,two-door car,336.0
ld20926,arizona,f,bachelor,18892.19767,0.0,92.0,1,personal auto,two-door car,441.6
pw90662,oregon,m,college,13623.62257,67060.0,126.0,4,personal auto,suv,339.000467
ws53288,oregon,f,college,25464.82059,13663.0,97.0,0,personal auto,four-door car,465.6
he84643,california,f,high school or below,2175.624856,0.0,63.0,0,personal auto,four-door car,453.6
cl37990,arizona,f,bachelor,6699.222525,0.0,99.0,1,corporate auto,four-door car,699.67536
hr87252,california,f,bachelor,9043.678095,97745.0,113.0,0,personal auto,luxury,695.136477
sb27146,oregon,f,high school or below,4369.041685,26026.0,116.0,1,personal auto,two-door car,283.670312
ki58952,california,f,college,51337.90677,72794.0,164.0,1,personal auto,suv,50.454459
rm21896,oregon,f,college,28699.89392,47730.0,91.0,0,personal auto,four-door car,219.440024
js38272,arizona,m,college,4270.034394,0.0,122.0,0,personal auto,suv,725.870693
nj15094,washington,f,bachelor,5345.994644,0.0,72.0,0,personal auto,four-door car,345.6
mz88454,oregon,f,bachelor,4774.747415,0.0,70.0,0,personal auto,four-door car,336.0
po27978,oregon,f,doctor,14727.50526,97785.0,73.0,0,personal auto,two-door car,236.614219
vt28596,california,f,high school or below,4755.47946,0.0,66.0,0,personal auto,four-door car,712.309237
ti19722,washington,m,doctor,3436.134281,30817.0,88.0,0,corporate auto,four-door car,91.834668
do83038,california,f,college,8355.774443,64502.0,70.0,0,personal auto,two-door car,39.336222
ag62087,california,m,bachelor,3412.566597,30335.0,87.0,0,corporate auto,four-door car,326.132867
ba56812,oregon,m,master,6185.337641,21020.0,80.0,0,corporate auto,four-door car,178.371281
qf74147,california,f,college,8456.722498,84574.0,70.0,0,special auto,four-door car,167.459769
rn88075,washington,f,bachelor,3021.938522,0.0,84.0,0,personal auto,two-door car,700.725788
og71924,oregon,f,master,6966.142868,0.0,93.0,0,personal auto,four-door car,436.143226
yf87007,oregon,f,high school or below,10083.48688,11828.0,90.0,0,corporate auto,four-door car,571.479602
zl18631,arizona,f,college,2539.990699,54889.0,63.0,0,personal auto,four-door car,302.4
bz71120,oregon,f,college,8456.455313,89918.0,105.0,0,personal auto,suv,367.230882
up60200,california,m,bachelor,26576.31541,87002.0,110.0,0,personal auto,two-door car,199.851173
xz64172,oregon,m,high school or below,10963.95723,55687.0,276.0,0,corporate auto,luxury,1324.8
ca47176,oregon,m,bachelor,9671.98323,17103.0,87.0,0,personal auto,two-door car,417.6
ci68869,arizona,f,college,1898.683686,0.0,70.0,5,personal auto,two-door car,702.020904
xt10744,arizona,m,college,8595.146838,28441.0,73.0,0,special auto,two-door car,686.020135
ht48275,oregon,m,bachelor,5532.753182,91212.0,69.0,0,personal auto,two-door car,270.311239
hb48073,arizona,f,bachelor,9371.773682,66325.0,117.0,0,corporate auto,suv,497.719213
md43085,oregon,f,doctor,3975.321516,67895.0,101.0,4,personal auto,four-door car,403.937672
nj11986,arizona,f,master,4456.016549,29550.0,114.0,1,corporate auto,two-door car,118.750512
hh55884,arizona,m,college,3495.891476,10275.0,97.0,0,personal auto,four-door car,465.6
jp69867,nevada,m,college,8512.13221,61725.0,106.0,0,personal auto,four-door car,508.8
ft86104,california,m,college,4650.063763,28215.0,65.0,0,corporate auto,two-door car,468.0
gv39658,arizona,f,college,13523.12989,10563.0,121.0,0,corporate auto,suv,109.814874
gb66110,california,m,bachelor,4422.409799,0.0,62.0,0,personal auto,two-door car,722.432062
vd51297,california,m,college,7320.98824,99722.0,61.0,0,personal auto,four-door car,292.8
ep29567,washington,m,master,7031.463693,16224.0,93.0,0,corporate auto,four-door car,498.452698
pe59368,washington,f,bachelor,5123.484988,72096.0,64.0,0,personal auto,two-door car,252.330905
dq50538,nevada,m,bachelor,9050.756606,63800.0,113.0,0,personal auto,suv,542.4
wp58340,arizona,m,high school or below,10963.95723,55687.0,276.0,0,personal auto,luxury,1324.8
tm23788,california,m,high school or below,6039.020697,0.0,89.0,1,personal auto,four-door car,640.8
uf44021,california,m,bachelor,2108.493744,0.0,61.0,0,personal auto,two-door car,351.85681
wb96917,california,m,college,9875.092794,29598.0,87.0,0,personal auto,two-door car,150.926696
mn95006,california,m,bachelor,6928.601611,22907.0,180.0,2,personal auto,luxury,49.18776
np60037,oregon,m,bachelor,14318.44839,22697.0,186.0,1,corporate auto,luxury,892.8
nq71171,california,m,bachelor,5107.071054,70174.0,64.0,0,personal auto,four-door car,128.90032
sm58898,california,f,high school or below,17223.89108,85378.0,107.0,0,corporate auto,suv,513.6
fn98595,nevada,f,high school or below,7516.831717,31477.0,94.0,0,special auto,four-door car,146.950756
tw94555,nevada,m,college,5389.499465,66429.0,136.0,0,personal auto,luxury,57.712985
xw60886,california,m,high school or below,6275.155361,0.0,90.0,0,personal auto,four-door car,900.242038
ie84844,nevada,f,high school or below,4722.237214,0.0,65.0,0,personal auto,four-door car,655.489027
hy76810,oregon,f,bachelor,6282.317743,0.0,172.0,0,corporate auto,suv,141.460349
jl41129,california,m,bachelor,7986.191274,74217.0,100.0,0,personal auto,suv,418.005524
oq41280,nevada,m,high school or below,6503.219978,46298.0,88.0,3,corporate auto,four-door car,128.292466
ap65984,oregon,f,college,4881.753428,0.0,135.0,0,personal auto,suv,648.0
ee99484,washington,f,high school or below,2514.59196,43860.0,65.0,0,corporate auto,four-door car,156.124914
xm39121,arizona,f,college,7955.442668,0.0,69.0,0,personal auto,four-door car,331.2
dk49336,arizona,m,college,4809.21696,48029.0,61.0,0,corporate auto,four-door car,292.8
hb43486,washington,f,college,9696.548818,86830.0,123.0,0,personal auto,suv,480.533246
kb15252,arizona,f,college,8709.321889,0.0,77.0,0,personal auto,two-door car,509.100577
bn83547,nevada,f,high school or below,2858.452328,40706.0,71.0,0,personal auto,four-door car,166.123172
mc55901,california,f,high school or below,5233.949019,69231.0,65.0,0,personal auto,four-door car,193.243084
pz98142,arizona,f,college,13494.76017,0.0,132.0,0,personal auto,suv,950.4
gb43363,oregon,m,college,6870.607058,0.0,105.0,0,personal auto,four-door car,756.0
th67541,arizona,f,high school or below,5652.72374,16171.0,74.0,0,corporate auto,four-door car,311.004168
wc21901,arizona,m,college,2345.262087,51397.0,61.0,0,personal auto,four-door car,292.8
cl38124,oregon,f,bachelor,19688.31898,83879.0,69.0,0,personal auto,four-door car,212.148485
xh89851,california,f,college,7247.206475,63267.0,92.0,0,personal auto,four-door car,530.340202
ka58700,nevada,m,college,6085.304178,44712.0,82.0,2,corporate auto,four-door car,537.78416
zb40259,california,m,doctor,5480.070226,59311.0,69.0,0,corporate auto,four-door car,14.812808
jv63229,arizona,m,bachelor,6876.309925,81957.0,86.0,0,personal auto,four-door car,433.426544
si31035,arizona,m,doctor,5368.887709,59601.0,67.0,0,personal auto,four-door car,321.6
jw30054,oregon,m,high school or below,8283.066678,71034.0,103.0,0,corporate auto,four-door car,494.4
ap56340,washington,m,bachelor,5384.671725,13103.0,72.0,0,personal auto,four-door car,458.003651
fn44127,oregon,m,college,3508.569533,20978.0,98.0,1,personal auto,four-door car,1176.2788
qe79527,california,f,bachelor,8427.172486,46503.0,215.0,1,personal auto,luxury,1032.0
up36767,california,m,college,4553.809528,61064.0,113.0,0,personal auto,suv,539.774172
pg43749,oregon,f,college,4318.433036,17572.0,110.0,0,personal auto,two-door car,639.769748
ll96228,oregon,m,master,14091.19449,99823.0,116.0,0,corporate auto,suv,250.183388
ov40993,nevada,f,college,8693.631249,17453.0,118.0,1,personal auto,suv,566.4
ma80983,oregon,m,college,6661.181553,55663.0,166.0,0,personal auto,suv,194.739777
sa54664,washington,m,master,2654.380994,73196.0,66.0,1,personal auto,four-door car,85.809817
tw12556,oregon,f,high school or below,4428.031583,58577.0,110.0,0,personal auto,suv,303.872752
tc88451,nevada,f,high school or below,5738.277584,88055.0,71.0,0,personal auto,four-door car,337.727542
bl93659,california,m,bachelor,5815.049178,0.0,80.0,0,personal auto,four-door car,384.0
si20178,california,m,high school or below,4425.905071,80892.0,110.0,0,personal auto,suv,528.0
kc50464,arizona,f,master,2574.020376,34990.0,65.0,0,corporate auto,four-door car,42.689135
hg64216,california,m,college,2832.513487,37124.0,72.0,0,personal auto,two-door car,430.518791
xm91056,california,f,high school or below,4876.315707,22236.0,62.0,0,personal auto,two-door car,409.425049
kn13494,washington,f,master,5181.620895,97131.0,64.0,0,personal auto,four-door car,307.2
oc47565,oregon,f,college,5947.215835,67760.0,74.0,0,special auto,four-door car,465.278453
hh14259,arizona,f,bachelor,2563.863345,0.0,69.0,0,personal auto,four-door car,97.691104
qf66741,nevada,m,college,15144.40954,0.0,62.0,1,personal auto,two-door car,307.649586
ly46898,california,m,high school or below,5558.304507,37473.0,70.0,0,corporate auto,four-door car,336.0
mk73855,washington,f,high school or below,8109.364607,32314.0,68.0,0,personal auto,four-door car,326.4
hu82227,arizona,m,college,15638.57599,49214.0,102.0,3,corporate auto,four-door car,371.322406
ff75737,oregon,f,high school or below,8334.317162,49851.0,69.0,1,personal auto,four-door car,331.2
kj50265,washington,m,high school or below,10418.31143,27951.0,91.0,0,personal auto,four-door car,436.8
oq82364,nevada,f,bachelor,6846.150323,0.0,95.0,0,corporate auto,two-door car,456.0
so47345,arizona,f,master,9403.875138,56410.0,117.0,0,personal auto,suv,523.99823
jn51592,arizona,f,bachelor,16985.49688,22497.0,212.0,0,special auto,luxury,1017.6
fh36069,arizona,f,college,21101.21422,61347.0,106.0,0,personal auto,suv,604.237801
zw32080,nevada,f,bachelor,2914.955295,37803.0,74.0,0,personal auto,four-door car,355.2
zh98656,nevada,f,master,8593.866533,91276.0,105.0,0,personal auto,suv,504.0
gz31904,oregon,m,college,6861.745956,30816.0,87.0,0,personal auto,two-door car,237.57033
pn47493,oregon,f,college,2680.900678,41968.0,67.0,0,corporate auto,four-door car,183.207703
cx18273,arizona,m,master,15797.98978,35754.0,199.0,0,personal auto,luxury,612.973779
ig80173,california,f,master,2863.312165,36706.0,71.0,0,personal auto,four-door car,435.606086
jg76775,washington,m,high school or below,30061.69259,48258.0,249.0,0,personal auto,luxury,1195.2
jr82641,arizona,m,master,10682.7619,52965.0,134.0,3,personal auto,suv,83.815183
nw41789,oregon,m,bachelor,2746.90319,0.0,84.0,0,personal auto,four-door car,604.8
vg74039,oregon,f,bachelor,2388.949198,0.0,65.0,0,personal auto,four-door car,455.644704
dv27428,oregon,m,high school or below,13776.74135,62634.0,116.0,0,personal auto,suv,122.017931
an57220,oregon,f,bachelor,17263.64048,96917.0,61.0,0,special auto,four-door car,71.942176
vd62056,arizona,f,high school or below,4669.22664,76157.0,116.0,0,personal auto,two-door car,556.8
ah92481,california,f,college,4673.196379,53219.0,117.0,0,corporate auto,suv,561.6
lx97765,arizona,f,college,4347.591949,81412.0,109.0,0,personal auto,two-door car,344.294164
jp82211,california,f,college,33873.18123,59744.0,105.0,0,personal auto,suv,476.486416
si88726,california,f,college,9100.787395,38898.0,117.0,0,corporate auto,suv,561.6
mg46007,california,m,high school or below,6358.251692,0.0,94.0,2,personal auto,four-door car,17.938979
gl69461,oregon,f,college,2628.468543,99961.0,66.0,2,personal auto,four-door car,316.8
ra63927,oregon,m,high school or below,7193.101159,30886.0,91.0,0,personal auto,two-door car,103.424766
ue76013,washington,f,master,5039.869278,35984.0,128.0,3,personal auto,suv,275.577631
ri35792,nevada,f,college,3962.825542,0.0,125.0,4,personal auto,suv,539.5622
wl63802,california,m,high school or below,6425.709981,0.0,181.0,0,personal auto,luxury,1303.2
kz29413,oregon,m,master,15672.69696,0.0,139.0,0,personal auto,suv,667.2
sn23932,arizona,m,master,3237.996209,60244.0,83.0,3,personal auto,four-door car,326.281835
yw26148,california,f,high school or below,12992.27561,0.0,72.0,0,personal auto,four-door car,518.4
ls51818,california,f,college,22217.96796,37553.0,187.0,0,personal auto,luxury,897.6
zg47195,nevada,m,college,4931.258363,0.0,73.0,0,personal auto,four-door car,525.6
no50634,oregon,m,college,4330.38602,60475.0,107.0,0,personal auto,four-door car,513.6
gc42314,arizona,m,doctor,8296.176276,0.0,111.0,0,personal auto,suv,672.91665
sd77009,california,m,college,8334.359986,0.0,136.0,2,personal auto,suv,979.2
ow85480,california,m,master,5348.071007,25545.0,69.0,0,personal auto,four-door car,331.2
sw93780,arizona,m,master,2398.740007,24182.0,66.0,0,personal auto,four-door car,316.8
zw51071,oregon,f,high school or below,6622.05254,80979.0,84.0,2,personal auto,four-door car,25.961213
ck74127,arizona,m,bachelor,4155.946211,0.0,62.0,0,corporate auto,four-door car,446.4
km52241,arizona,f,high school or below,8430.059143,0.0,74.0,0,personal auto,four-door car,47.502366
pe66545,oregon,m,bachelor,2545.518369,29250.0,64.0,0,personal auto,two-door car,308.240792
gg70928,california,f,master,5004.583872,33566.0,63.0,1,personal auto,four-door car,205.043307
gi36262,washington,f,college,2899.702858,65247.0,72.0,0,corporate auto,four-door car,381.238176
mh85165,california,m,high school or below,6767.806751,39650.0,86.0,0,personal auto,four-door car,922.335972
am26717,california,m,bachelor,3123.080994,0.0,101.0,4,personal auto,suv,960.115399
cv90092,oregon,m,college,8184.691323,82680.0,68.0,0,corporate auto,four-door car,326.4
cl70684,california,m,high school or below,7636.279594,0.0,111.0,0,corporate auto,two-door car,799.2
gk13851,oregon,m,college,9227.567263,0.0,129.0,0,personal auto,suv,619.2
tq73726,oregon,m,bachelor,7587.337272,0.0,69.0,0,personal auto,two-door car,460.741097
rw65977,arizona,m,college,2191.133237,0.0,61.0,1,special auto,four-door car,439.2
ey74093,nevada,m,high school or below,5004.135361,86834.0,64.0,0,corporate auto,four-door car,0.099007
yg11074,arizona,f,bachelor,4794.931261,46143.0,122.0,0,personal auto,suv,223.028356
hw65139,california,m,doctor,26730.06042,21275.0,240.0,0,personal auto,luxury,1152.0
bt49333,arizona,m,high school or below,4260.765808,47746.0,106.0,0,personal auto,suv,246.696768
kn78424,california,m,college,15477.27854,51675.0,196.0,0,corporate auto,luxury,940.8
th68648,california,m,college,5126.836814,85522.0,64.0,0,personal auto,four-door car,165.002742
gz22403,oregon,m,high school or below,4068.092649,0.0,63.0,4,personal auto,two-door car,753.22565
nu26460,oregon,f,college,17712.20524,0.0,84.0,0,corporate auto,four-door car,633.294203
pb21909,oregon,m,bachelor,9775.816061,55632.0,123.0,0,personal auto,suv,478.609999
ta78865,nevada,m,high school or below,20534.39224,0.0,93.0,0,special auto,four-door car,669.6
fp23103,oregon,m,bachelor,5800.188903,0.0,78.0,0,special auto,two-door car,374.4
yk43172,arizona,m,bachelor,3319.620511,69152.0,89.0,4,personal auto,four-door car,221.359492
yz36062,oregon,m,bachelor,6529.431827,13476.0,67.0,2,corporate auto,four-door car,433.588181
sj29837,washington,f,high school or below,7602.663689,0.0,105.0,0,personal auto,suv,914.538629
rc72799,oregon,f,college,2839.808041,33252.0,71.0,0,personal auto,four-door car,407.668083
an67558,nevada,m,college,3288.209809,0.0,102.0,1,personal auto,suv,734.4
eq62488,oregon,f,college,15031.5645,59456.0,189.0,0,personal auto,luxury,907.2
oa92714,california,f,bachelor,5055.902381,88989.0,63.0,1,personal auto,four-door car,232.745161
qs76805,arizona,m,high school or below,8012.917253,0.0,107.0,0,corporate auto,suv,513.6
pq46798,california,f,college,8300.70769,17034.0,113.0,0,personal auto,luxury,542.4
ia56290,arizona,f,college,2516.103555,88435.0,62.0,0,personal auto,four-door car,136.263492
xu35186,california,f,high school or below,2749.407985,71445.0,70.0,2,personal auto,four-door car,336.0
dr84620,california,m,bachelor,8071.334962,72149.0,101.0,0,personal auto,suv,69.310166
qg27547,oregon,f,bachelor,2867.312197,23376.0,78.0,0,personal auto,four-door car,374.4
nm95102,oregon,m,high school or below,7285.030983,44788.0,61.0,0,personal auto,four-door car,386.031248
kz26788,washington,f,bachelor,4118.588554,69379.0,103.0,0,personal auto,two-door car,494.4
gw25077,oregon,f,bachelor,5293.368089,38521.0,134.0,0,personal auto,suv,557.184015
zu91897,california,m,high school or below,13265.96256,34482.0,67.0,0,personal auto,four-door car,83.830109
zk38095,california,f,bachelor,2369.439009,0.0,68.0,0,personal auto,four-door car,487.345606
ty84623,california,m,college,9816.528302,37256.0,62.0,0,corporate auto,four-door car,128.969729
ip69763,washington,f,college,21914.40548,77311.0,181.0,0,personal auto,suv,113.609508
nf90665,oregon,m,bachelor,5143.88351,39268.0,66.0,1,personal auto,four-door car,188.870427
kg53186,nevada,m,college,3136.698216,59644.0,79.0,0,corporate auto,four-door car,379.2
kv57104,oregon,f,high school or below,7713.819259,0.0,68.0,0,personal auto,four-door car,326.4
zx93551,arizona,f,bachelor,2867.312197,23376.0,78.0,0,personal auto,four-door car,374.4
tr18337,nevada,f,college,11516.40557,50854.0,73.0,0,personal auto,four-door car,101.489422
xv22744,oregon,f,bachelor,15025.19126,35158.0,76.0,0,personal auto,four-door car,165.958605
kk27683,nevada,f,high school or below,4013.849907,15413.0,106.0,0,personal auto,suv,508.8
hx11651,oregon,m,college,3288.825448,17860.0,99.0,2,personal auto,two-door car,656.122925
fd73388,arizona,f,master,13736.1325,16181.0,181.0,0,personal auto,suv,1261.319869
kf70569,nevada,m,high school or below,3890.87081,91182.0,96.0,0,personal auto,four-door car,249.140907
cc94413,oregon,f,bachelor,5701.277221,41154.0,72.0,1,personal auto,four-door car,345.6
qo59138,arizona,m,high school or below,2590.214327,18746.0,68.0,0,personal auto,four-door car,326.4
jw58698,oregon,f,college,3223.331519,70277.0,80.0,0,personal auto,four-door car,84.818806
gt57081,oregon,f,bachelor,4912.025292,0.0,66.0,0,personal auto,four-door car,668.158687
gu82475,california,m,college,6532.010543,24919.0,84.0,1,personal auto,four-door car,420.420755
bg60187,oregon,m,bachelor,8012.124825,0.0,79.0,0,personal auto,four-door car,335.234102
tn73558,arizona,f,high school or below,3731.504584,0.0,96.0,0,personal auto,four-door car,460.8
kk15032,arizona,f,high school or below,2702.380487,46370.0,68.0,1,personal auto,two-door car,326.4
ka95160,arizona,f,master,23207.24981,89918.0,115.0,0,personal auto,suv,423.116739
kd52867,oregon,f,high school or below,3347.028677,37138.0,85.0,0,personal auto,two-door car,612.0
wy53775,arizona,m,high school or below,8382.630118,19683.0,117.0,1,personal auto,luxury,561.6
hs94778,oregon,f,college,11793.12528,32214.0,100.0,0,personal auto,suv,296.560998
ej96266,california,f,college,2965.71995,26472.0,74.0,0,personal auto,four-door car,355.2
rk53289,california,f,bachelor,5646.323845,39841.0,72.0,0,personal auto,two-door car,440.128707
tx39594,arizona,f,high school or below,2452.491364,51085.0,62.0,1,personal auto,two-door car,406.902001
jm93892,arizona,m,college,5953.213546,61006.0,74.0,0,corporate auto,four-door car,73.919629
py51000,california,m,bachelor,12883.81001,34148.0,109.0,0,personal auto,four-door car,451.566751
hx74855,washington,m,high school or below,2471.528431,95697.0,61.0,0,personal auto,two-door car,114.273025
ve64781,arizona,f,bachelor,2927.07045,75685.0,73.0,0,personal auto,four-door car,369.918482
ky57676,california,m,high school or below,8400.788878,20870.0,72.0,0,personal auto,four-door car,345.6
jl42497,nevada,f,high school or below,2729.126448,66900.0,68.0,0,personal auto,four-door car,326.4
wq91717,arizona,f,college,7643.068919,0.0,106.0,1,special auto,suv,508.8
wo39817,oregon,m,high school or below,2493.591571,37043.0,68.0,3,personal auto,two-door car,30.984936
hw20940,california,m,bachelor,4170.572119,42837.0,106.0,0,personal auto,suv,290.580543
ke60943,california,m,bachelor,4908.207958,33305.0,62.0,0,special auto,four-door car,353.77899
zi48518,nevada,f,high school or below,3891.583881,0.0,103.0,0,personal auto,luxury,558.281543
ki17749,oregon,f,high school or below,2682.423898,24823.0,69.0,0,personal auto,four-door car,229.279059
ds50601,nevada,m,bachelor,10003.24729,98192.0,84.0,1,personal auto,four-door car,403.2
pu78245,arizona,f,bachelor,13094.60875,88249.0,108.0,0,personal auto,suv,244.803741
mp96373,washington,m,master,5719.785738,54585.0,71.0,1,personal auto,two-door car,340.8
qk62680,oregon,f,master,9393.968332,39770.0,117.0,0,personal auto,two-door car,561.6
hn63935,arizona,m,master,3433.82408,85367.0,85.0,0,personal auto,four-door car,67.975243
on30714,california,m,college,4932.878744,74809.0,61.0,0,personal auto,two-door car,283.787384
fm61329,california,m,college,13610.10746,50144.0,114.0,0,personal auto,suv,786.934186
nk91656,oregon,m,master,2913.323811,20075.0,79.0,1,personal auto,two-door car,483.731784
ms94619,california,f,high school or below,5111.304579,76448.0,63.0,0,personal auto,four-door car,302.4
mo38507,california,m,high school or below,4540.381153,59556.0,113.0,0,personal auto,luxury,681.505066
pq36549,arizona,m,bachelor,5598.273622,14174.0,72.0,0,personal auto,four-door car,345.6
wg91434,oregon,m,high school or below,9638.066778,35230.0,61.0,1,personal auto,four-door car,16.214764
wr43077,california,m,high school or below,9801.287358,0.0,91.0,0,corporate auto,four-door car,436.8
lr10110,washington,f,bachelor,5504.139033,0.0,73.0,0,corporate auto,four-door car,350.4
xz58588,arizona,m,high school or below,8447.801005,0.0,114.0,0,corporate auto,four-door car,547.2
fx12602,oregon,m,high school or below,19927.63513,51352.0,66.0,3,personal auto,four-door car,95.661376
bl55947,california,m,college,5815.261714,76675.0,72.0,0,personal auto,four-door car,141.718568
la60344,arizona,m,college,18690.34066,0.0,68.0,0,personal auto,four-door car,326.4
kq44803,arizona,m,college,7224.235434,0.0,72.0,2,personal auto,two-door car,297.419028
qy81331,arizona,f,high school or below,8595.982289,94242.0,71.0,1,personal auto,four-door car,41.229484
np33989,oregon,f,bachelor,12362.08766,0.0,113.0,0,personal auto,four-door car,217.92632
cp30637,california,f,high school or below,4916.303715,71153.0,122.0,0,corporate auto,luxury,209.019238
rw50070,arizona,m,high school or below,8935.274872,63326.0,225.0,0,personal auto,luxury,1080.0
lo42325,california,f,bachelor,5433.214031,29629.0,71.0,4,special auto,four-door car,228.443418
yq50209,arizona,m,high school or below,4847.24253,0.0,69.0,0,corporate auto,four-door car,599.152722
jp35025,california,f,master,5714.165863,23726.0,74.0,0,corporate auto,four-door car,355.2
wz13788,nevada,f,high school or below,10097.68732,48999.0,86.0,3,corporate auto,four-door car,412.8
is21172,oregon,f,bachelor,4726.869327,13037.0,124.0,0,personal auto,suv,839.348464
cl10476,arizona,m,college,7079.790277,24245.0,63.0,0,corporate auto,two-door car,302.4
wo83615,nevada,m,bachelor,5395.434909,44047.0,137.0,0,corporate auto,luxury,969.232217
zj77881,oregon,f,bachelor,9452.996411,91942.0,117.0,0,personal auto,four-door car,561.6
gt37101,oregon,f,high school or below,5284.312599,37640.0,67.0,0,personal auto,two-door car,174.046849
we13528,california,f,high school or below,20215.3918,77058.0,63.0,0,personal auto,four-door car,119.331041
bt78503,oregon,m,high school or below,2510.054168,0.0,73.0,0,corporate auto,four-door car,525.6
wm19967,california,f,college,19884.91592,63755.0,62.0,0,personal auto,two-door car,291.860708
ew13798,california,f,doctor,4014.453113,37384.0,99.0,0,personal auto,four-door car,475.2
ro18530,washington,m,master,2540.689797,42557.0,65.0,0,personal auto,four-door car,57.562324
ay18433,washington,f,high school or below,27382.81893,45473.0,76.0,0,special auto,two-door car,188.938397
cs29328,nevada,m,bachelor,4875.31604,10743.0,70.0,2,personal auto,two-door car,336.0
ql75176,oregon,f,high school or below,12324.2654,0.0,113.0,0,personal auto,four-door car,813.6
io25161,arizona,f,college,2280.386988,0.0,61.0,0,personal auto,four-door car,283.881697
fa82777,arizona,f,high school or below,4165.994433,0.0,64.0,3,personal auto,four-door car,575.890362
gr49281,california,m,bachelor,4974.801539,75644.0,65.0,3,personal auto,two-door car,467.803638
zw19492,oregon,m,bachelor,2404.917967,63455.0,61.0,0,personal auto,two-door car,287.654819
uw88168,oregon,m,bachelor,3032.816016,73782.0,76.0,0,special auto,four-door car,111.622054
xx53620,oregon,f,bachelor,2891.272351,80590.0,71.0,0,corporate auto,four-door car,134.158389
im90123,california,f,bachelor,15261.41386,59797.0,127.0,0,personal auto,suv,609.6
be33446,arizona,f,bachelor,5015.009472,48567.0,130.0,0,personal auto,suv,624.0
yw11227,california,m,bachelor,5325.394799,62470.0,66.0,0,personal auto,two-door car,243.766542
uf32671,washington,f,college,5291.395332,57338.0,66.0,0,personal auto,four-door car,316.8
zw10467,arizona,f,high school or below,16107.19004,63288.0,199.0,0,personal auto,luxury,558.433218
kk95092,arizona,m,bachelor,7605.637524,55281.0,192.0,1,personal auto,luxury,921.6
hz43637,arizona,f,college,3065.365332,22985.0,77.0,0,special auto,four-door car,458.056054
fy82691,california,f,college,6245.575806,39608.0,78.0,1,corporate auto,four-door car,22.961216
so40738,california,f,high school or below,9406.381948,99189.0,117.0,0,corporate auto,suv,75.302707
mb83471,oregon,m,high school or below,7815.46882,0.0,112.0,0,personal auto,four-door car,574.102379
ga63091,california,m,college,9747.99401,0.0,92.0,0,personal auto,four-door car,514.360634
au75025,oregon,m,college,4686.469674,58089.0,118.0,0,personal auto,suv,566.4
xf15789,arizona,f,college,8869.619888,81350.0,110.0,0,personal auto,suv,228.185834
sh13204,california,f,high school or below,4741.808942,0.0,65.0,0,personal auto,two-door car,731.289267
fx48006,oregon,m,college,24178.68478,43704.0,201.0,0,personal auto,luxury,1064.482165
hs69837,oregon,m,college,7951.777533,75497.0,100.0,0,personal auto,suv,71.773341
gl49408,california,m,doctor,6762.082924,40372.0,85.0,0,corporate auto,four-door car,76.975713
pk51938,oregon,f,college,3044.78946,17489.0,85.0,0,corporate auto,four-door car,587.689075
je62426,arizona,f,high school or below,5908.16294,86277.0,74.0,0,personal auto,four-door car,212.039619
ia31850,arizona,f,college,4574.547243,0.0,63.0,0,personal auto,four-door car,453.6
pp50567,california,m,bachelor,8377.499751,0.0,74.0,0,corporate auto,four-door car,355.2
cs26667,washington,m,college,22332.43946,49078.0,97.0,0,special auto,four-door car,484.013411
uf73578,california,m,high school or below,5838.89915,81082.0,73.0,0,personal auto,four-door car,281.295903
my23958,california,m,bachelor,7577.065297,0.0,116.0,2,personal auto,luxury,835.2
op75571,arizona,f,college,8012.841201,40635.0,102.0,0,personal auto,suv,489.6
si60881,oregon,f,bachelor,9217.978125,26351.0,119.0,0,personal auto,suv,571.2
dq15807,oregon,m,high school or below,2749.189304,0.0,80.0,0,personal auto,four-door car,824.487259
wu15684,nevada,f,college,3588.87609,42836.0,89.0,0,corporate auto,four-door car,244.580023
kr17533,oregon,m,doctor,3954.538361,40175.0,102.0,1,personal auto,suv,154.721555
im98086,california,m,college,3230.576665,62873.0,81.0,0,personal auto,four-door car,207.75186
xy48850,nevada,f,high school or below,5158.648497,0.0,74.0,0,personal auto,two-door car,588.936956
yt25875,california,f,college,2776.582901,50985.0,71.0,0,personal auto,two-door car,307.68931
tl59568,arizona,m,high school or below,12836.00951,0.0,116.0,0,personal auto,two-door car,835.2
ue52886,arizona,m,bachelor,28421.57022,42803.0,245.0,0,personal auto,luxury,889.288242
tm28833,oregon,m,college,2276.392936,0.0,69.0,1,personal auto,two-door car,624.980751
sq60915,arizona,m,high school or below,3895.961837,35970.0,98.0,0,corporate auto,four-door car,470.4
gu42084,arizona,m,bachelor,4247.683347,44537.0,106.0,0,corporate auto,luxury,441.907057
zh93283,arizona,m,college,6005.847375,13528.0,86.0,0,personal auto,four-door car,412.8
wf51811,arizona,f,college,2719.506996,14030.0,72.0,0,personal auto,two-door car,345.6
rl51023,arizona,m,college,4185.757242,0.0,64.0,0,corporate auto,four-door car,492.644465
nq67659,nevada,f,bachelor,33473.34946,33190.0,106.0,0,personal auto,suv,508.8
ki45566,nevada,m,college,7331.508054,0.0,100.0,0,personal auto,luxury,61.580247
wb68229,arizona,f,bachelor,9320.284812,21033.0,118.0,0,personal auto,two-door car,738.975495
uf84144,washington,m,college,3312.323945,26285.0,84.0,0,corporate auto,four-door car,403.2
zh28312,california,f,bachelor,5560.278162,0.0,74.0,0,corporate auto,four-door car,65.953005
gk48045,washington,f,college,8214.602384,73245.0,68.0,0,personal auto,four-door car,305.121363
hz67642,california,m,bachelor,8647.139152,0.0,119.0,0,personal auto,suv,244.816163
he12295,california,m,high school or below,4446.738622,0.0,61.0,0,personal auto,four-door car,616.279356
xl66550,oregon,m,bachelor,7769.841954,74365.0,193.0,0,corporate auto,luxury,926.4
al27471,oregon,m,doctor,3911.118202,30821.0,97.0,0,personal auto,four-door car,451.319227
ng94479,arizona,f,high school or below,2731.520409,69844.0,68.0,0,corporate auto,four-door car,184.379697
wr58220,oregon,m,bachelor,8401.788653,0.0,124.0,0,personal auto,suv,595.2
rt64920,oregon,m,master,5875.038074,55836.0,73.0,0,personal auto,four-door car,314.936185
ir58695,oregon,m,high school or below,6188.379423,40352.0,77.0,0,corporate auto,four-door car,406.367233
as93181,arizona,f,bachelor,4506.577736,14985.0,116.0,0,personal auto,luxury,571.319514
ml23548,arizona,f,doctor,10548.53703,27458.0,131.0,1,personal auto,luxury,730.373515
pu71194,oregon,f,bachelor,35203.57475,56343.0,295.0,0,personal auto,luxury,1612.962321
qt46430,california,f,college,8193.750001,12780.0,111.0,2,personal auto,luxury,225.437098
wp83694,california,f,bachelor,5313.436344,68558.0,131.0,0,personal auto,suv,280.903779
ue19977,california,f,college,4379.770178,47747.0,111.0,0,personal auto,two-door car,165.588524
wc83942,oregon,m,bachelor,20885.55547,16113.0,81.0,0,corporate auto,four-door car,494.890996
hz62410,oregon,m,bachelor,2771.963072,0.0,79.0,0,personal auto,four-door car,379.2
ce72177,california,f,high school or below,5461.548993,39626.0,69.0,0,personal auto,four-door car,485.705851
yi89801,california,f,high school or below,2570.235172,49304.0,65.0,0,corporate auto,four-door car,312.0
kb53430,oregon,m,high school or below,2227.072755,27972.0,61.0,0,personal auto,four-door car,292.8
kb50999,california,f,college,5394.000979,27568.0,68.0,0,personal auto,two-door car,278.689331
jo17193,washington,m,bachelor,2300.691547,25905.0,63.0,0,personal auto,four-door car,302.4
bo42776,washington,m,bachelor,25360.10404,21442.0,108.0,0,corporate auto,suv,518.4
oz19432,nevada,f,high school or below,4374.038985,34516.0,113.0,3,special auto,four-door car,42.950852
vt34834,nevada,m,high school or below,4953.358432,0.0,68.0,0,personal auto,four-door car,342.468248
mi65698,oregon,f,college,4590.811214,28354.0,118.0,0,personal auto,two-door car,320.327775
ig85969,arizona,f,college,5062.37379,0.0,72.0,0,personal auto,two-door car,345.6
se72928,california,m,master,9075.768214,37722.0,116.0,0,personal auto,luxury,158.077504
qv47358,arizona,f,bachelor,8133.157212,32021.0,70.0,0,personal auto,four-door car,336.0
hr50405,oregon,f,bachelor,2869.301319,13393.0,73.0,0,personal auto,four-door car,34.708194
mn53151,oregon,m,college,27937.75093,13624.0,117.0,0,personal auto,luxury,561.6
vd64777,nevada,f,college,2606.186321,27800.0,67.0,0,personal auto,two-door car,321.6
eg21289,california,f,college,7764.273102,58419.0,191.0,0,personal auto,luxury,202.468807
yi85251,nevada,m,high school or below,18380.39026,50407.0,92.0,0,personal auto,four-door car,352.060768
rd61361,arizona,f,bachelor,6102.953572,0.0,84.0,0,personal auto,four-door car,856.347474
pg26401,washington,m,high school or below,9191.672825,77603.0,114.0,0,personal auto,suv,547.2
nv91476,california,f,college,9581.281433,75606.0,119.0,0,personal auto,four-door car,571.2
sj16410,arizona,m,bachelor,7532.262392,41458.0,98.0,0,personal auto,four-door car,191.100227
bi17208,oregon,m,college,2795.321353,0.0,74.0,0,personal auto,two-door car,420.765993
wr70403,washington,m,high school or below,5673.840992,0.0,82.0,0,personal auto,two-door car,445.001296
zz22858,arizona,f,bachelor,15016.18511,70619.0,187.0,0,personal auto,luxury,293.948632
ez75048,california,m,doctor,3087.249746,41273.0,77.0,0,personal auto,four-door car,221.226696
cn31328,arizona,f,college,5480.701059,46946.0,70.0,0,personal auto,four-door car,336.0
zp91150,oregon,m,college,7944.973807,0.0,113.0,0,corporate auto,four-door car,542.4
lc77957,oregon,m,bachelor,8543.247323,99180.0,106.0,0,personal auto,suv,33.751887
pt34656,california,f,college,5380.898636,55350.0,67.0,0,personal auto,four-door car,321.6
mi99404,california,m,college,4650.063763,28215.0,65.0,0,personal auto,two-door car,468.0
ai58313,nevada,f,college,36946.06393,75425.0,116.0,1,personal auto,luxury,663.643801
va60020,nevada,f,high school or below,3314.55133,63583.0,83.0,0,special auto,four-door car,167.39959
tw53467,california,m,bachelor,4566.377261,0.0,66.0,0,personal auto,four-door car,475.2
ic11062,nevada,f,high school or below,5597.12496,37995.0,139.0,0,personal auto,suv,667.2
oo11531,nevada,f,master,2540.551456,37125.0,63.0,0,personal auto,four-door car,290.911693
jv80614,california,m,college,2939.330187,53357.0,73.0,0,personal auto,four-door car,55.320014
ic70693,california,f,bachelor,16068.34838,70140.0,199.0,0,corporate auto,luxury,955.2
jy45326,oregon,m,college,7360.873696,52380.0,186.0,2,personal auto,luxury,892.8
qw17940,california,m,high school or below,2700.985899,79292.0,67.0,0,corporate auto,four-door car,55.394702
av25133,oregon,f,college,3095.705571,0.0,92.0,1,personal auto,two-door car,774.892461
qj57215,nevada,f,college,4383.751482,0.0,123.0,0,personal auto,suv,1480.336748
ig94072,oregon,f,high school or below,9928.874825,75425.0,123.0,0,personal auto,luxury,823.798803
wc28543,arizona,m,bachelor,2399.17815,20992.0,64.0,0,personal auto,two-door car,307.2
dh13219,washington,m,bachelor,3402.777293,57428.0,85.0,1,corporate auto,four-door car,414.649796
et80689,california,m,college,8711.302422,92606.0,109.0,0,special auto,suv,287.437831
jd10245,california,m,high school or below,4358.762008,86001.0,109.0,1,personal auto,suv,523.2
xo96556,arizona,m,master,2551.226692,79751.0,63.0,0,personal auto,two-door car,392.235698
uj61336,arizona,f,bachelor,5642.747998,68654.0,71.0,2,personal auto,four-door car,208.048487
xs94482,arizona,f,master,4151.667368,0.0,61.0,3,personal auto,two-door car,208.892861
qx57337,oregon,f,doctor,2842.025913,92629.0,72.0,3,personal auto,four-door car,60.845685
cz35936,california,f,high school or below,8791.444942,54094.0,112.0,0,corporate auto,suv,502.994931
im41800,nevada,m,college,8268.272933,95419.0,70.0,3,personal auto,four-door car,336.0
gi70742,oregon,f,high school or below,8581.637267,66466.0,71.0,0,personal auto,four-door car,293.016168
hq32112,arizona,m,high school or below,5244.40475,68131.0,130.0,0,personal auto,suv,226.607648
cc85895,nevada,f,bachelor,8509.019846,56481.0,106.0,0,personal auto,suv,273.250112
cf40646,california,m,college,4743.615503,70082.0,119.0,0,personal auto,suv,571.2
rf39856,nevada,m,bachelor,22754.66137,51437.0,115.0,0,corporate auto,suv,244.086665
vt85216,nevada,m,high school or below,5335.015944,0.0,73.0,0,personal auto,four-door car,525.6
sw69117,oregon,m,college,6966.319103,27972.0,90.0,0,corporate auto,two-door car,240.318607
ei58852,arizona,f,high school or below,21205.37785,24930.0,76.0,0,personal auto,four-door car,364.8
fn61865,nevada,f,master,4271.200049,26245.0,110.0,0,personal auto,two-door car,44.284642
li11560,california,f,bachelor,5580.818466,57883.0,69.0,0,personal auto,four-door car,431.847824
ny12562,nevada,f,college,2224.089639,0.0,64.0,0,corporate auto,four-door car,483.25721
ge46404,oregon,f,college,2709.539796,58828.0,68.0,0,personal auto,four-door car,446.751243
pp26786,arizona,m,college,2890.338106,51906.0,73.0,0,corporate auto,four-door car,374.864662
be55425,oregon,m,college,6403.577368,28095.0,82.0,0,personal auto,four-door car,393.6
sh75038,california,f,bachelor,5981.381645,88723.0,74.0,0,personal auto,two-door car,355.2
ld22387,california,f,high school or below,6225.022266,53078.0,79.0,2,corporate auto,four-door car,200.97608
ff94034,california,f,bachelor,8496.358981,88895.0,106.0,0,personal auto,luxury,209.863509
yk16362,arizona,f,bachelor,10213.99111,60078.0,127.0,0,corporate auto,suv,140.819942
dn10177,california,m,college,4547.162694,0.0,67.0,0,personal auto,two-door car,321.6
iv35546,nevada,f,master,5741.696078,45820.0,71.0,0,corporate auto,four-door car,249.742856
sk12432,arizona,m,bachelor,2388.353882,0.0,73.0,0,personal auto,four-door car,677.970934
df71709,california,m,college,12624.96121,12439.0,115.0,0,corporate auto,two-door car,552.0
ut61518,california,m,bachelor,8382.478392,25998.0,71.0,0,personal auto,four-door car,791.878042
pu75847,arizona,m,college,4964.666365,98451.0,62.0,0,personal auto,four-door car,316.546868
xa47378,california,f,bachelor,2871.437451,23803.0,72.0,0,corporate auto,two-door car,410.548521
ne22677,california,m,college,13080.78528,0.0,124.0,0,special auto,suv,595.2
hv62406,oregon,f,high school or below,2482.411991,26100.0,67.0,0,personal auto,four-door car,482.4
vs20668,nevada,f,bachelor,2726.834065,0.0,73.0,0,personal auto,four-door car,376.923839
yz79232,oregon,m,master,4776.186527,0.0,67.0,0,personal auto,four-door car,315.215329
nd87457,nevada,m,bachelor,6091.89923,65252.0,78.0,0,personal auto,four-door car,482.48791
ty59231,california,f,bachelor,5015.009472,48567.0,130.0,0,personal auto,suv,624.0
da54619,oregon,f,high school or below,9035.671134,34337.0,113.0,0,personal auto,four-door car,542.4
ol27257,nevada,f,college,4381.880534,20394.0,115.0,0,personal auto,two-door car,508.614758
th86528,washington,f,high school or below,5775.517825,0.0,76.0,0,personal auto,two-door car,784.611446
ds34823,arizona,f,high school or below,4250.282624,0.0,61.0,1,personal auto,four-door car,292.8
hb24005,california,m,college,2347.048112,31617.0,62.0,1,personal auto,four-door car,244.269407
zv96574,california,f,high school or below,6940.069184,0.0,62.0,1,corporate auto,four-door car,297.6
jc80093,washington,m,master,2572.506605,21104.0,66.0,0,personal auto,four-door car,118.454974
kn24990,arizona,m,college,41491.74481,37748.0,181.0,2,personal auto,luxury,868.8
rr39751,california,f,bachelor,3571.346578,0.0,96.0,0,personal auto,four-door car,438.661509
bn80677,oregon,m,bachelor,12734.21253,25023.0,82.0,0,corporate auto,two-door car,397.139856
wl74893,oregon,f,college,4529.112791,0.0,62.0,0,special auto,four-door car,271.164139
zn59196,oregon,f,bachelor,4177.876779,14108.0,109.0,0,personal auto,four-door car,523.2
pf77449,washington,f,high school or below,9824.745841,23923.0,82.0,1,personal auto,four-door car,393.6
ho38996,oregon,m,high school or below,2430.801647,0.0,67.0,0,special auto,four-door car,321.6
yu86361,washington,f,master,19160.98994,22705.0,239.0,0,personal auto,luxury,1294.700423
pj13204,california,f,high school or below,3301.518961,0.0,89.0,0,corporate auto,two-door car,427.2
sp63623,oregon,m,college,4692.098956,0.0,69.0,0,personal auto,four-door car,506.92275
dp33625,arizona,m,college,8092.87696,50825.0,102.0,0,personal auto,suv,369.614729
bj18904,arizona,m,college,3964.534974,14616.0,106.0,0,personal auto,suv,575.260213
tr26615,oregon,m,high school or below,2497.531509,0.0,69.0,0,corporate auto,two-door car,272.381465
zd44648,arizona,m,college,9656.212573,29504.0,125.0,0,personal auto,suv,1224.56345
qw60568,california,m,college,8888.143979,58789.0,111.0,0,corporate auto,four-door car,215.438825
xs78545,oregon,f,college,7347.410517,29491.0,61.0,0,personal auto,four-door car,292.8
eu19773,arizona,f,high school or below,8578.364528,78077.0,107.0,2,personal auto,four-door car,438.069458
zl45417,california,f,high school or below,3467.323976,0.0,96.0,0,personal auto,two-door car,799.251165
js58659,nevada,m,bachelor,8901.468512,76558.0,74.0,0,special auto,four-door car,216.980413
xk84089,california,m,bachelor,2619.337376,78618.0,66.0,0,personal auto,two-door car,225.578841
lh91968,oregon,m,bachelor,8838.085637,82664.0,114.0,3,corporate auto,suv,133.425609
nx63627,oregon,m,doctor,10127.77087,23053.0,132.0,0,personal auto,luxury,780.941649
nd62955,nevada,m,bachelor,4633.452912,50250.0,117.0,0,personal auto,suv,561.6
yq11786,oregon,m,high school or below,7796.000083,32169.0,199.0,0,personal auto,luxury,785.82348
tm13955,washington,m,master,2993.024583,0.0,80.0,0,corporate auto,four-door car,286.115778
ia91291,arizona,f,college,7985.472561,99069.0,66.0,0,corporate auto,four-door car,77.442722
ro89785,oregon,m,college,3508.569533,20978.0,98.0,1,personal auto,four-door car,1176.2788
qw40898,arizona,f,college,2722.210707,17576.0,71.0,0,personal auto,four-door car,398.502948
zd40816,nevada,m,bachelor,2783.583044,42297.0,71.0,0,personal auto,four-door car,200.38673
pd82395,arizona,f,bachelor,8649.997286,0.0,115.0,0,special auto,four-door car,824.597262
nw23827,california,f,college,4652.91278,0.0,63.0,0,personal auto,four-door car,151.231247
gg61186,nevada,f,doctor,8395.806331,0.0,110.0,0,personal auto,four-door car,161.092415
tb31268,arizona,f,college,8804.53711,48990.0,74.0,0,personal auto,four-door car,355.2
sx98462,oregon,m,college,7155.337765,16916.0,64.0,0,personal auto,four-door car,377.512951
ol82456,oregon,m,bachelor,3954.344534,18375.0,103.0,0,personal auto,luxury,535.080276
dn14211,oregon,m,college,15032.9003,17150.0,65.0,0,personal auto,two-door car,689.800891
zg12619,washington,f,bachelor,8257.666512,23815.0,73.0,0,personal auto,four-door car,424.330166
vh31071,arizona,f,college,9256.918609,21947.0,118.0,0,personal auto,suv,566.4
sp36555,arizona,m,bachelor,6507.751779,0.0,97.0,0,personal auto,four-door car,863.219668
me83611,nevada,f,bachelor,2530.705137,89451.0,63.0,0,personal auto,four-door car,61.769564
ph85036,washington,f,bachelor,5482.549359,79325.0,68.0,0,corporate auto,four-door car,251.294821
pe54870,oregon,m,college,4050.506193,88454.0,101.0,0,personal auto,suv,308.749796
dt52189,california,f,high school or below,6326.679236,0.0,87.0,0,personal auto,four-door car,417.6
xn48526,california,f,college,2627.76229,20943.0,69.0,0,personal auto,four-door car,240.00056
kw52227,california,m,bachelor,7814.604545,51972.0,66.0,0,personal auto,four-door car,316.8
jc98569,oregon,f,college,6314.579645,54408.0,79.0,0,personal auto,four-door car,288.329793
bg48083,nevada,f,bachelor,6386.278164,23751.0,82.0,1,personal auto,two-door car,586.921708
pd19551,california,f,bachelor,2537.969253,37612.0,64.0,0,personal auto,four-door car,307.2
bj13380,oregon,f,bachelor,5335.375586,91603.0,69.0,2,personal auto,four-door car,472.67262
hy25004,arizona,f,high school or below,4549.079221,0.0,62.0,0,personal auto,two-door car,639.758314
wf50693,oregon,m,high school or below,4836.21886,16450.0,128.0,0,corporate auto,suv,871.484565
ma45099,oregon,m,bachelor,6478.801192,50864.0,83.0,1,corporate auto,four-door car,158.362972
zc69696,arizona,f,college,35440.14262,74560.0,110.0,0,personal auto,suv,528.0
vo43359,california,m,high school or below,2404.380963,62488.0,62.0,2,personal auto,four-door car,200.689331
om63954,california,f,bachelor,9264.565015,55837.0,117.0,0,personal auto,two-door car,741.867506
gv71044,oregon,f,college,2433.024631,0.0,66.0,0,personal auto,two-door car,475.2
tm79451,california,f,college,5367.089817,97742.0,67.0,0,personal auto,four-door car,67.648392
pa84292,oregon,f,bachelor,2452.360892,0.0,69.0,0,personal auto,four-door car,496.8
qx67584,nevada,f,high school or below,8646.504109,64125.0,108.0,0,personal auto,suv,369.818708
jk90180,arizona,m,college,4340.086445,0.0,62.0,0,personal auto,four-door car,446.4
bh35482,washington,m,doctor,4930.949334,70412.0,61.0,0,corporate auto,two-door car,136.291083
vu84949,washington,f,bachelor,5292.632491,0.0,70.0,0,personal auto,two-door car,336.0
sf46129,california,m,high school or below,8986.610653,66267.0,111.0,0,personal auto,four-door car,1093.708851
oh35544,nevada,f,college,5619.967791,0.0,82.0,0,corporate auto,four-door car,863.935307
zf82387,oregon,m,high school or below,10340.45566,40882.0,89.0,0,corporate auto,two-door car,393.637436
md40054,oregon,m,high school or below,6369.262355,34498.0,83.0,0,personal auto,two-door car,398.4
le96510,oregon,f,high school or below,2767.5949,0.0,74.0,0,personal auto,four-door car,355.2
mc11907,california,f,high school or below,4831.421687,23228.0,64.0,1,corporate auto,four-door car,307.2
da57177,oregon,f,college,4282.947971,40864.0,109.0,1,personal auto,suv,166.937747
su77646,oregon,m,master,5718.276608,46133.0,73.0,0,personal auto,four-door car,19.626306
yz19736,arizona,m,college,2580.849899,46900.0,66.0,0,personal auto,four-door car,316.8
jz69749,washington,f,high school or below,6481.382268,0.0,92.0,0,personal auto,four-door car,441.6
bj22117,washington,m,master,5133.414764,53390.0,64.0,0,personal auto,four-door car,278.999409
uq60825,california,f,college,9369.639891,99185.0,115.0,0,corporate auto,suv,449.428182
zz89380,oregon,f,bachelor,3196.578455,62815.0,80.0,0,special auto,two-door car,47.061469
lu87443,oregon,f,college,4720.608872,26277.0,61.0,0,personal auto,four-door car,292.8
dg33206,washington,f,doctor,8861.900439,41854.0,110.0,0,personal auto,four-door car,481.269644
ab98823,arizona,m,college,6032.737631,0.0,86.0,0,personal auto,two-door car,412.8
ms34991,arizona,m,high school or below,6832.36853,66627.0,85.0,0,personal auto,four-door car,733.21126
ee53627,oregon,m,high school or below,2242.090803,12131.0,64.0,1,personal auto,four-door car,251.44949
xy39691,arizona,f,high school or below,4157.698118,0.0,110.0,0,personal auto,suv,528.0
zu96776,california,m,bachelor,6189.122455,0.0,90.0,0,personal auto,two-door car,648.0
ff84784,california,m,college,5643.724704,33317.0,72.0,1,personal auto,two-door car,345.6
qt90140,arizona,f,doctor,5332.462694,68931.0,66.0,0,personal auto,four-door car,309.577946
to71844,oregon,m,college,2121.313061,0.0,67.0,1,personal auto,four-door car,321.6
hv69023,california,f,high school or below,8281.740124,19189.0,108.0,0,personal auto,suv,518.4
re32481,california,f,master,7835.929299,49390.0,195.0,0,personal auto,luxury,738.05105
ca79988,oregon,m,college,2552.913868,33124.0,67.0,0,personal auto,four-door car,80.119997
do48071,california,f,college,2795.410029,40516.0,70.0,0,personal auto,two-door car,137.168874
mw48891,washington,f,high school or below,8007.399376,0.0,112.0,0,personal auto,luxury,537.6
jc37277,oregon,m,college,6886.324494,34615.0,87.0,0,personal auto,four-door car,417.6
yu80673,california,f,college,5106.781547,29894.0,72.0,4,personal auto,four-door car,16.510134
bv69462,oregon,f,bachelor,5612.375586,0.0,79.0,0,corporate auto,two-door car,379.2
dw86238,washington,m,high school or below,5658.912313,0.0,84.0,0,personal auto,four-door car,847.490817
bq51616,oregon,f,high school or below,7263.599744,86732.0,180.0,0,personal auto,luxury,204.373113
xx89213,nevada,f,master,8712.157741,68516.0,216.0,0,corporate auto,luxury,95.693949
jc96695,california,m,doctor,9198.685111,31562.0,115.0,0,personal auto,suv,552.0
rn55306,oregon,f,high school or below,5162.370678,0.0,74.0,0,personal auto,four-door car,582.420512
wh36609,arizona,f,bachelor,6289.946999,24477.0,79.0,0,personal auto,four-door car,379.2
uo43395,oregon,m,master,3649.708655,0.0,100.0,0,personal auto,suv,480.0
ds32060,california,m,college,6766.558551,20046.0,87.0,0,personal auto,two-door car,417.6
lk51056,arizona,m,bachelor,4631.011293,78152.0,114.0,0,corporate auto,suv,547.2
px71218,arizona,m,bachelor,6810.52531,0.0,65.0,0,personal auto,four-door car,733.522405
ns19456,oregon,f,college,9378.634228,36067.0,117.0,0,personal auto,luxury,561.6
mr60878,oregon,f,bachelor,15762.53198,44362.0,66.0,0,corporate auto,four-door car,142.113373
mb32944,nevada,m,master,2635.505781,77350.0,66.0,0,personal auto,four-door car,316.8
fe70473,oregon,f,college,5741.72743,86641.0,71.0,0,personal auto,two-door car,161.752532
xb64251,oregon,m,college,8414.942855,72258.0,105.0,0,personal auto,suv,12.497538
wi38796,oregon,m,bachelor,9123.911266,70737.0,114.0,0,corporate auto,suv,741.655597
ks12294,california,m,bachelor,15994.008,0.0,159.0,0,personal auto,suv,1410.16929
us89453,california,m,college,9022.08313,0.0,125.0,0,personal auto,suv,988.535078
xk39439,california,m,college,4759.664624,0.0,81.0,3,personal auto,four-door car,388.8
vj71087,arizona,m,bachelor,3993.882994,17672.0,110.0,0,personal auto,suv,792.0
fm54600,washington,f,high school or below,18853.73945,0.0,173.0,0,corporate auto,suv,1245.6
uv43859,oregon,f,high school or below,8840.193762,47297.0,115.0,4,personal auto,suv,796.130111
jp28293,california,f,doctor,6696.903521,57240.0,83.0,0,corporate auto,four-door car,83.652384
uv48189,california,m,bachelor,8476.082867,28181.0,109.0,0,personal auto,suv,523.2
za34848,arizona,f,bachelor,5205.748188,31275.0,66.0,0,personal auto,two-door car,316.8
fa57012,california,m,college,6141.961623,0.0,182.0,0,special auto,luxury,1310.4
gu82757,california,f,bachelor,4376.363592,63774.0,111.0,0,corporate auto,four-door car,60.036683
kw12214,oregon,m,high school or below,12375.02163,78441.0,103.0,0,personal auto,suv,613.866905
eg97649,oregon,f,college,3451.10244,0.0,104.0,2,personal auto,suv,499.2
yb42706,nevada,m,college,8107.26533,0.0,76.0,0,corporate auto,two-door car,364.8
wv74449,washington,f,college,8662.048958,0.0,117.0,0,personal auto,suv,511.422666
az77669,oregon,m,high school or below,8696.907111,91423.0,109.0,1,personal auto,suv,435.796252
fm25704,oregon,m,bachelor,2535.266473,86933.0,63.0,0,corporate auto,two-door car,269.563038
ur34922,california,m,doctor,5633.741543,65255.0,72.0,2,personal auto,four-door car,321.457124
ra17555,oregon,m,high school or below,5176.730072,41533.0,65.0,0,corporate auto,four-door car,232.879766
aw71157,california,m,college,5531.723723,50097.0,71.0,0,personal auto,four-door car,17.484679
in91592,california,f,bachelor,2810.671023,73858.0,72.0,3,personal auto,four-door car,422.59237
wx37953,oregon,f,college,2780.729047,94943.0,69.0,0,personal auto,four-door car,387.545055
nl85206,california,f,college,2572.452634,72685.0,68.0,5,personal auto,four-door car,14.464783
pr23514,california,m,college,7664.219255,60184.0,199.0,1,personal auto,luxury,161.61574
xz23352,california,f,high school or below,3839.746159,0.0,106.0,0,corporate auto,suv,763.2
mx80067,california,m,high school or below,2509.268453,74045.0,64.0,0,personal auto,four-door car,307.2
hr10835,nevada,m,high school or below,14566.09246,52564.0,122.0,0,personal auto,suv,42.131925
fr15942,washington,m,bachelor,3220.775528,19098.0,87.0,0,personal auto,two-door car,417.6
gx22886,arizona,m,college,3199.824902,78784.0,80.0,0,personal auto,four-door car,239.964694
hq70429,washington,f,college,16045.10952,0.0,65.0,0,personal auto,two-door car,163.046956
yt84266,oregon,m,college,4918.916267,29256.0,63.0,0,personal auto,four-door car,302.4
gh48715,arizona,f,high school or below,5623.757656,77912.0,71.0,1,corporate auto,four-door car,23.89816
bn46866,oregon,m,college,5677.465907,45345.0,72.0,0,personal auto,four-door car,99.039453
cg94611,oregon,m,college,3016.444225,25630.0,86.0,0,corporate auto,two-door car,412.8
gk94889,california,m,college,5279.124682,22280.0,68.0,0,personal auto,four-door car,169.414572
qn62538,nevada,m,high school or below,4803.935174,0.0,69.0,0,corporate auto,four-door car,496.8
uq13133,nevada,m,master,2608.786334,61567.0,65.0,0,personal auto,four-door car,39.532978
di65961,arizona,m,high school or below,7832.569008,34644.0,66.0,0,personal auto,four-door car,316.8
wq85760,california,m,college,4260.33573,26991.0,119.0,0,corporate auto,suv,856.8
no35621,arizona,m,bachelor,2369.369299,49746.0,61.0,0,personal auto,two-door car,624.42874
ia11644,california,m,high school or below,20604.01627,0.0,72.0,1,special auto,two-door car,723.010515
tv53243,arizona,f,college,2652.067994,49625.0,66.0,0,corporate auto,two-door car,261.549577
wv53081,arizona,f,college,2597.864075,49308.0,65.0,0,corporate auto,four-door car,150.235884
ll57541,california,f,master,7712.436971,63624.0,95.0,0,personal auto,four-door car,175.243467
rp27249,oregon,f,master,4698.88415,80358.0,116.0,0,personal auto,suv,443.637243
ot85112,washington,m,college,3403.919366,38460.0,88.0,1,personal auto,four-door car,91.55098
gv47847,california,m,high school or below,4355.702301,0.0,64.0,0,personal auto,two-door car,460.8
bb48165,california,f,bachelor,11095.97445,0.0,101.0,0,personal auto,suv,727.2
hh80006,oregon,f,high school or below,3300.684961,0.0,92.0,0,personal auto,four-door car,711.323244
th70115,california,m,college,6981.081694,34835.0,89.0,2,personal auto,two-door car,294.691896
we64781,oregon,f,bachelor,16922.12519,93836.0,139.0,0,corporate auto,luxury,497.353106
kn27565,oregon,m,master,7639.670244,34075.0,196.0,0,special auto,luxury,451.896687
le85123,oregon,m,bachelor,19237.77089,35624.0,66.0,2,personal auto,four-door car,227.44626
qf76244,oregon,f,doctor,2915.649943,83218.0,72.0,0,personal auto,four-door car,245.103885
pu73561,arizona,f,bachelor,4196.429642,24641.0,105.0,0,personal auto,suv,504.0
hm38744,oregon,m,bachelor,16473.16905,22828.0,106.0,0,corporate auto,suv,508.8
st59524,oregon,m,college,2657.570431,0.0,71.0,0,personal auto,four-door car,340.8
ez77297,california,m,master,3267.709691,28729.0,90.0,3,personal auto,four-door car,338.744392
dr84843,arizona,m,bachelor,2584.532849,72731.0,65.0,0,personal auto,four-door car,125.704164
mv54498,california,f,college,5503.919257,59932.0,71.0,1,personal auto,four-door car,116.600107
em85557,washington,f,college,8021.067105,54292.0,67.0,0,personal auto,four-door car,321.6
fy73682,california,m,bachelor,19606.35999,0.0,194.0,0,personal auto,luxury,931.2
xt54610,california,f,bachelor,1904.000852,0.0,63.0,3,personal auto,four-door car,302.4
ce16324,nevada,f,college,7288.297591,59414.0,91.0,0,personal auto,two-door car,340.32278
kx75698,oregon,m,high school or below,5553.521059,96587.0,138.0,0,personal auto,suv,749.244062
uv82770,california,m,bachelor,11702.34819,0.0,111.0,0,personal auto,suv,532.8
mx95450,oregon,f,college,36897.79765,0.0,133.0,0,personal auto,suv,638.4
xf96605,california,m,college,2957.102851,94362.0,74.0,0,personal auto,two-door car,195.405949
wq75856,oregon,f,bachelor,19643.54421,84488.0,61.0,0,personal auto,four-door car,208.885686
jg35886,california,f,college,4111.888285,65085.0,103.0,0,personal auto,four-door car,480.073548
xy66810,california,f,bachelor,15122.99194,0.0,72.0,0,personal auto,two-door car,518.4
on50913,california,f,college,12807.09083,0.0,69.0,0,special auto,four-door car,450.760925
ls59408,arizona,m,high school or below,2500.241685,0.0,67.0,0,personal auto,four-door car,664.128009
xq14689,nevada,m,college,4260.709139,0.0,62.0,0,personal auto,four-door car,446.4
qf55724,california,m,bachelor,2609.533154,60798.0,66.0,0,personal auto,four-door car,316.8
fd79560,arizona,f,high school or below,10796.44832,30761.0,69.0,2,special auto,two-door car,331.2
km18818,arizona,f,college,2590.654042,25981.0,65.0,0,personal auto,two-door car,77.54669
xa28126,california,m,bachelor,29199.81072,67739.0,149.0,0,personal auto,suv,270.373444
lj93770,arizona,f,doctor,4194.659772,25581.0,105.0,0,personal auto,suv,429.695284
mk52711,california,f,high school or below,10314.52484,99759.0,65.0,3,personal auto,two-door car,74.463101
az68184,washington,m,high school or below,9028.307862,76514.0,112.0,0,personal auto,suv,573.941286
nn52789,arizona,m,bachelor,3954.344534,18375.0,103.0,0,personal auto,luxury,535.080276
xc68458,california,m,bachelor,6089.517361,21832.0,84.0,0,personal auto,four-door car,403.2
af49027,arizona,f,college,12827.42831,0.0,117.0,0,personal auto,two-door car,842.4
pr22184,california,f,college,9135.291575,95330.0,113.0,0,corporate auto,luxury,542.4
gm98732,california,f,college,7902.681227,0.0,106.0,0,personal auto,suv,634.396608
np66209,california,f,college,14827.91055,0.0,68.0,2,personal auto,two-door car,326.4
ga46608,oregon,m,bachelor,2500.834374,25899.0,63.0,0,personal auto,four-door car,302.4
fz79470,arizona,f,bachelor,5395.346288,0.0,74.0,0,personal auto,four-door car,355.2
kr10942,oregon,f,bachelor,2651.615963,33201.0,66.0,0,personal auto,two-door car,314.044227
aw86033,california,m,college,2119.894333,18287.0,61.0,4,personal auto,two-door car,292.8
lm79063,arizona,f,doctor,7155.471967,76506.0,89.0,0,personal auto,two-door car,427.2
nb30963,california,m,high school or below,5994.226432,41859.0,76.0,0,personal auto,two-door car,166.1306
ao40386,oregon,m,college,22647.21772,27504.0,91.0,0,personal auto,four-door car,436.8
bn74259,arizona,m,high school or below,2833.797966,45360.0,73.0,0,corporate auto,four-door car,350.4
xv69290,california,m,college,22332.43946,49078.0,97.0,0,corporate auto,four-door car,484.013411
re97741,california,m,high school or below,5846.41534,0.0,90.0,2,personal auto,four-door car,648.0
hn69035,arizona,f,college,2867.211836,91810.0,71.0,0,corporate auto,four-door car,165.520952
si48717,oregon,m,college,14435.66453,70600.0,122.0,1,personal auto,suv,636.982333
pj67250,arizona,f,college,5237.477743,33554.0,131.0,0,special auto,suv,934.656068
sh85263,california,m,bachelor,7710.912153,77642.0,64.0,0,personal auto,two-door car,282.146354
wv37081,california,m,college,5158.576449,25963.0,66.0,0,personal auto,four-door car,298.954932
no61408,california,f,bachelor,5414.897604,57452.0,136.0,1,personal auto,suv,652.8
de91458,washington,f,master,2903.749709,0.0,77.0,0,personal auto,four-door car,491.66348
ep83939,arizona,m,high school or below,5575.751228,91416.0,69.0,0,personal auto,four-door car,109.904496
iu17657,california,m,bachelor,2616.409509,22000.0,69.0,0,personal auto,two-door car,383.224514
eo95166,oregon,m,bachelor,4617.838205,41167.0,118.0,0,personal auto,four-door car,554.957693
kx79225,oregon,m,high school or below,20123.86854,0.0,70.0,0,personal auto,four-door car,504.0
ez60033,california,f,bachelor,3200.795405,0.0,86.0,0,corporate auto,four-door car,412.8
kk58047,oregon,m,college,8583.854913,53944.0,71.0,0,personal auto,two-door car,340.8
jw62354,nevada,f,college,4349.30875,75648.0,108.0,0,personal auto,suv,112.660916
tt18939,california,m,bachelor,4729.593583,29414.0,64.0,0,personal auto,four-door car,71.303109
ij21010,arizona,f,bachelor,5015.009472,48567.0,130.0,0,personal auto,suv,624.0
pz31902,arizona,f,bachelor,5797.604861,69276.0,74.0,2,personal auto,two-door car,201.327931
wd88540,california,m,high school or below,3475.07136,0.0,96.0,0,personal auto,two-door car,460.8
il67915,arizona,f,college,8542.218196,50117.0,107.0,0,corporate auto,four-door car,462.654347
vq76590,arizona,m,bachelor,16473.16905,22828.0,106.0,0,personal auto,suv,508.8
fj60600,oregon,f,high school or below,6776.353402,0.0,96.0,0,personal auto,four-door car,818.730215
mp53132,oregon,f,high school or below,9713.156737,0.0,136.0,0,corporate auto,suv,979.2
xp96549,oregon,f,high school or below,4429.193391,20868.0,112.0,0,personal auto,suv,537.6
vc34797,california,f,bachelor,2435.535995,40921.0,62.0,2,corporate auto,four-door car,10.560419
qv30663,nevada,f,master,9863.502214,99654.0,121.0,0,personal auto,suv,272.788141
ak90865,oregon,f,high school or below,8207.858272,0.0,110.0,0,special auto,luxury,686.90827
bx51438,arizona,m,bachelor,2781.446975,56218.0,72.0,2,personal auto,four-door car,302.942519
du38713,arizona,f,high school or below,5807.994569,70717.0,72.0,0,personal auto,two-door car,37.28874
wq13284,california,m,college,8395.272249,62989.0,71.0,1,personal auto,four-door car,319.131547
jb36584,arizona,m,master,14333.92489,41459.0,71.0,0,personal auto,four-door car,340.8
wq23548,california,f,master,11003.54385,0.0,102.0,1,personal auto,suv,489.6
wz98067,oregon,m,college,4049.807215,42512.0,105.0,1,personal auto,four-door car,77.479316
aq11656,arizona,m,bachelor,2141.750757,0.0,61.0,0,personal auto,four-door car,437.040616
kl14426,nevada,f,doctor,5079.843625,83288.0,124.0,0,personal auto,suv,353.397699
pg48617,california,m,high school or below,2895.522489,46267.0,72.0,0,personal auto,four-door car,231.969205
qb24570,oregon,f,master,9031.214859,0.0,122.0,0,corporate auto,luxury,650.52179
ni68379,oregon,m,master,6554.390004,74424.0,81.0,0,personal auto,four-door car,388.8
rs92763,oregon,f,college,7487.744636,0.0,72.0,0,personal auto,four-door car,693.084662
pa75237,nevada,m,doctor,15118.89548,58883.0,62.0,0,corporate auto,two-door car,432.480275
lr35392,oregon,m,high school or below,9007.431501,41539.0,116.0,0,personal auto,four-door car,556.8
kc22636,california,f,high school or below,5488.931031,33881.0,68.0,0,personal auto,four-door car,65.659137
ij98317,california,f,bachelor,7234.142952,86448.0,90.0,0,personal auto,four-door car,59.853369
dy49235,arizona,f,college,5205.751205,25237.0,69.0,0,personal auto,four-door car,378.345883
eg94409,nevada,f,high school or below,4697.152892,0.0,67.0,0,special auto,four-door car,482.4
gb59748,arizona,f,college,6207.171358,49419.0,77.0,0,personal auto,four-door car,203.296071
mp68135,oregon,m,college,6615.815683,90414.0,83.0,1,personal auto,four-door car,398.4
cz56843,california,m,college,9708.504642,39930.0,86.0,1,personal auto,four-door car,412.8
dj47372,california,m,doctor,10831.13004,23202.0,96.0,0,personal auto,four-door car,460.8
xz51937,california,f,master,4626.801093,79487.0,114.0,0,personal auto,suv,547.2
iz27630,oregon,m,master,6748.231188,68423.0,85.0,0,personal auto,two-door car,324.413656
im14119,arizona,f,bachelor,2542.06388,84495.0,63.0,0,special auto,two-door car,302.4
pn53766,california,m,doctor,5450.394878,43091.0,69.0,1,corporate auto,four-door car,330.138332
dq93036,arizona,m,high school or below,7243.865476,41951.0,91.0,0,personal auto,four-door car,40.536151
wa70405,nevada,m,college,8306.550901,89834.0,105.0,0,personal auto,suv,504.0
nf51705,nevada,m,high school or below,2734.514945,92157.0,69.0,0,corporate auto,two-door car,270.381385
lr37068,oregon,f,college,11030.66148,35773.0,93.0,0,personal auto,four-door car,446.4
ec18611,nevada,m,high school or below,3402.39442,0.0,99.0,0,personal auto,two-door car,475.2
np88319,oregon,f,high school or below,6945.016955,15850.0,61.0,0,corporate auto,two-door car,314.528138
aa11235,nevada,f,bachelor,2568.843396,11167.0,73.0,3,personal auto,two-door car,350.4
dl55489,oregon,m,high school or below,5764.648599,21195.0,72.0,0,corporate auto,four-door car,345.6
uu53919,oregon,f,master,5403.546122,27430.0,68.0,0,personal auto,two-door car,184.955105
ji11950,california,f,high school or below,4899.231772,0.0,63.0,0,personal auto,two-door car,302.4
qb82117,oregon,m,high school or below,9048.983447,0.0,119.0,0,personal auto,luxury,571.2
mr33456,washington,m,high school or below,8093.898245,59839.0,107.0,2,personal auto,suv,513.6
yn17362,california,m,college,2496.766693,0.0,73.0,0,corporate auto,two-door car,350.4
ur73910,california,m,college,2602.24525,38166.0,67.0,1,corporate auto,four-door car,236.842746
kg63751,washington,m,high school or below,6751.437153,0.0,95.0,0,personal auto,four-door car,456.0
nk39001,oregon,f,bachelor,3621.68883,13457.0,94.0,0,personal auto,two-door car,285.825083
hr85493,california,m,college,6896.088021,0.0,68.0,0,personal auto,two-door car,326.4
qc50643,california,f,bachelor,5438.696611,52721.0,136.0,0,personal auto,suv,550.127548
lo90345,oregon,f,college,14472.583,22012.0,185.0,0,corporate auto,luxury,75.698305
wk64739,arizona,f,bachelor,2359.423599,19864.0,63.0,0,corporate auto,four-door car,352.394515
qk88438,arizona,f,college,5323.267311,55289.0,67.0,0,personal auto,four-door car,134.124254
qx42433,california,m,college,7390.903278,30449.0,92.0,0,personal auto,four-door car,501.092992
bh52611,california,f,bachelor,11447.5071,27362.0,144.0,0,personal auto,suv,422.78411
sa77508,oregon,f,high school or below,5754.853121,29460.0,72.0,0,personal auto,four-door car,29.303915
hd99234,oregon,f,college,10244.2435,0.0,94.0,0,personal auto,four-door car,451.2
de37110,california,m,master,4645.569555,42532.0,118.0,0,personal auto,luxury,200.641734
dj93289,california,f,high school or below,4887.344366,66707.0,61.0,0,personal auto,two-door car,71.980757
ac40767,washington,m,bachelor,2497.808174,68041.0,64.0,0,personal auto,two-door car,165.570243
ga79817,arizona,m,bachelor,2369.111588,0.0,65.0,0,corporate auto,four-door car,468.0
qh62059,california,m,bachelor,4490.597249,0.0,64.0,1,personal auto,four-door car,307.2
zs35053,arizona,m,high school or below,3719.247732,40968.0,97.0,1,personal auto,four-door car,465.6
ii37804,nevada,m,bachelor,4198.030023,39913.0,106.0,0,personal auto,suv,344.765129
ge63585,california,m,bachelor,2420.711888,31710.0,62.0,0,corporate auto,two-door car,199.551735
uv86903,california,f,bachelor,4462.997006,0.0,73.0,3,personal auto,two-door car,350.4
jl71713,california,f,bachelor,6291.655714,89113.0,78.0,0,personal auto,four-door car,219.362643
do60145,arizona,m,college,4270.034394,0.0,122.0,0,personal auto,suv,725.870693
fc59209,california,f,bachelor,2460.665175,0.0,67.0,0,personal auto,four-door car,321.6
xq74827,arizona,f,high school or below,19435.62924,38688.0,249.0,0,special auto,luxury,2294.631639
ey13576,oregon,f,college,7374.077921,0.0,110.0,4,personal auto,suv,528.0
us82810,california,f,bachelor,18269.53692,0.0,127.0,0,corporate auto,suv,609.6
rc61383,oregon,m,high school or below,11925.71535,28014.0,104.0,0,personal auto,suv,631.594469
po80505,nevada,f,college,4223.274671,14170.0,109.0,0,personal auto,suv,523.2
md17521,oregon,m,high school or below,10298.38586,64825.0,129.0,0,personal auto,suv,359.484342
yv93921,california,m,bachelor,5229.741907,77357.0,67.0,0,personal auto,four-door car,29.884537
jp64518,nevada,m,bachelor,2402.81597,21629.0,62.0,0,corporate auto,two-door car,298.626189
oi98135,washington,m,high school or below,3933.813993,25927.0,103.0,0,personal auto,suv,674.973614
xs97845,oregon,m,college,4299.838835,44388.0,113.0,1,personal auto,four-door car,496.843023
dl20327,oregon,f,college,7635.554626,54539.0,63.0,0,personal auto,four-door car,287.453171
gd86131,california,f,college,2722.210707,17576.0,71.0,0,corporate auto,four-door car,398.502948
id21061,arizona,f,master,7291.599536,84629.0,90.0,0,personal auto,four-door car,411.671832
en65835,arizona,f,bachelor,58753.88046,24964.0,185.0,0,personal auto,suv,888.0
be65350,oregon,f,high school or below,5261.037541,43573.0,66.0,0,personal auto,two-door car,409.684798
gi82721,arizona,f,college,16938.29858,0.0,69.0,0,corporate auto,four-door car,340.780156
yr84813,oregon,m,college,10575.94816,0.0,105.0,0,special auto,four-door car,756.0
jz28301,oregon,f,college,5552.331515,35011.0,70.0,0,personal auto,four-door car,215.728468
hl40930,oregon,m,bachelor,7150.225367,63651.0,92.0,0,personal auto,four-door car,224.711836
hl33607,washington,m,college,8717.049833,83846.0,74.0,3,personal auto,four-door car,355.2
wu21638,california,m,bachelor,6847.588918,0.0,191.0,0,personal auto,luxury,1317.008182
ag32304,nevada,f,college,5418.726537,39133.0,67.0,0,personal auto,four-door car,90.524457
jx26859,california,m,doctor,3528.044252,31278.0,92.0,4,personal auto,two-door car,441.6
kc75958,california,f,high school or below,16468.22079,0.0,63.0,0,personal auto,four-door car,685.12694
zv32968,oregon,m,high school or below,7285.030983,44788.0,61.0,0,personal auto,four-door car,386.031248
gu45597,oregon,f,bachelor,16963.83934,0.0,117.0,0,corporate auto,suv,561.6
so95845,california,f,college,5807.659307,62447.0,74.0,0,personal auto,two-door car,133.977857
gl32197,oregon,m,college,5068.264582,31475.0,64.0,1,personal auto,four-door car,22.962412
sc11374,nevada,f,college,8797.829644,80780.0,109.0,0,corporate auto,suv,3.55
rt29777,oregon,f,bachelor,4439.900652,88613.0,111.0,0,personal auto,suv,359.36848
ob73235,california,m,college,2404.459452,45949.0,62.0,0,corporate auto,two-door car,110.556062
mv41462,arizona,f,bachelor,5066.634057,35596.0,64.0,0,personal auto,two-door car,307.2
fm67585,california,m,high school or below,5890.528762,76875.0,73.0,0,personal auto,four-door car,17.375878
kg57925,california,m,bachelor,2410.498573,41842.0,61.0,0,corporate auto,two-door car,292.8
iy24560,california,m,bachelor,5288.240125,28884.0,72.0,1,corporate auto,four-door car,518.4
bv33510,arizona,f,high school or below,26413.54751,24631.0,83.0,1,personal auto,four-door car,398.4
xa77673,nevada,f,college,16236.47626,0.0,74.0,2,personal auto,four-door car,680.753091
xn90861,arizona,f,bachelor,5534.576395,71560.0,69.0,0,personal auto,two-door car,178.700204
ws84995,nevada,m,master,9202.638441,0.0,80.0,0,personal auto,four-door car,384.0
zz49347,oregon,m,high school or below,2592.437797,72421.0,65.0,0,personal auto,four-door car,312.0
xx85323,arizona,f,master,8019.856041,54702.0,199.0,0,personal auto,suv,955.2
jo64487,california,f,high school or below,6943.741598,0.0,76.0,5,special auto,four-door car,547.2
to55363,oregon,f,high school or below,13367.86562,57335.0,67.0,0,personal auto,two-door car,407.887715
ue67791,arizona,m,college,5885.335302,0.0,67.0,3,personal auto,two-door car,482.4
jn69287,california,m,high school or below,3479.760165,35033.0,87.0,0,personal auto,two-door car,490.638202
at55072,arizona,m,college,9103.8997,65733.0,113.0,0,personal auto,four-door car,684.948527
lv34368,california,m,bachelor,4813.284447,0.0,69.0,0,special auto,four-door car,472.611522
qu40939,arizona,f,college,9575.7578,0.0,88.0,0,personal auto,four-door car,633.6
ip94270,arizona,f,master,13736.1325,16181.0,181.0,0,personal auto,suv,1261.319869
kw33804,nevada,m,high school or below,8090.884414,86180.0,69.0,4,personal auto,four-door car,48.051339
ia42992,arizona,m,high school or below,8267.119555,36881.0,104.0,0,special auto,suv,499.2
cz19025,oregon,f,high school or below,2489.16729,47888.0,64.0,1,personal auto,four-door car,545.083116
en54716,oregon,f,doctor,2395.57,21986.0,63.0,0,personal auto,two-door car,333.696228
uf27940,washington,f,college,3863.309585,47199.0,100.0,3,corporate auto,suv,480.0
qd36118,oregon,f,college,5173.485319,0.0,69.0,0,personal auto,four-door car,331.2
xi52305,california,m,bachelor,4984.618655,86305.0,62.0,0,personal auto,four-door car,80.73124
hz25580,washington,f,high school or below,2396.192355,39062.0,61.0,0,corporate auto,two-door car,346.991025
jy97451,california,f,college,2631.87754,16976.0,69.0,0,personal auto,four-door car,238.952528
us78266,california,f,high school or below,6993.838856,0.0,65.0,2,corporate auto,four-door car,468.0
sx25962,arizona,m,college,15055.53836,83283.0,193.0,1,personal auto,luxury,273.702709
xq12791,california,m,high school or below,3401.881747,41972.0,86.0,0,personal auto,four-door car,691.709371
eu59853,california,m,college,4126.61326,34080.0,107.0,1,personal auto,four-door car,220.644418
qr21417,california,f,bachelor,4462.997006,0.0,73.0,3,corporate auto,two-door car,350.4
ci27304,california,m,college,9320.090224,40269.0,81.0,2,personal auto,four-door car,329.980754
wj52097,oregon,f,bachelor,3663.740198,61894.0,91.0,0,corporate auto,four-door car,436.8
ft65961,california,f,college,4962.208409,23300.0,63.0,1,corporate auto,four-door car,339.906034
dp87594,oregon,f,bachelor,2816.758764,66023.0,70.0,0,personal auto,two-door car,265.629611
kp96020,arizona,f,bachelor,4330.769101,39660.0,107.0,0,corporate auto,luxury,416.8496
hq15974,nevada,f,college,8262.879764,0.0,76.0,1,personal auto,four-door car,32.508635
ve98553,oregon,m,bachelor,4666.643522,60466.0,117.0,0,personal auto,four-door car,784.186389
me44353,oregon,f,college,5876.054314,32848.0,74.0,0,personal auto,four-door car,250.454012
ae62631,oregon,m,bachelor,8427.723769,20662.0,72.0,0,personal auto,two-door car,373.324673
gx29162,arizona,f,high school or below,13023.9329,64985.0,108.0,0,personal auto,two-door car,16.425514
ly69932,oregon,m,high school or below,8209.59982,68022.0,103.0,0,personal auto,luxury,494.4
yy74036,california,m,college,2464.238061,72834.0,65.0,3,corporate auto,four-door car,91.941259
dp92488,washington,f,doctor,2727.520769,74592.0,67.0,0,personal auto,two-door car,321.6
fo74055,california,f,college,3086.013544,73938.0,76.0,0,personal auto,two-door car,53.095599
gt97121,california,m,college,22067.728,15999.0,83.0,0,personal auto,four-door car,398.4
vf83291,oregon,f,college,4836.054291,0.0,69.0,0,personal auto,four-door car,632.081402
ou76593,oregon,m,college,6912.03963,0.0,96.0,0,personal auto,four-door car,460.8
ho40387,california,m,master,2570.761765,0.0,72.0,3,personal auto,two-door car,345.6
gr37045,nevada,f,bachelor,2991.696011,0.0,80.0,0,corporate auto,four-door car,576.0
kz84621,nevada,f,high school or below,8253.266591,62375.0,103.0,1,personal auto,suv,411.228571
fr82361,arizona,m,doctor,10477.77713,61427.0,88.0,0,personal auto,four-door car,422.4
um14883,california,m,high school or below,16373.7273,64396.0,103.0,0,special auto,suv,355.409311
ux32931,california,f,college,5184.94945,49312.0,65.0,1,corporate auto,four-door car,230.104769
qa68548,california,f,high school or below,10634.83711,0.0,61.0,0,personal auto,two-door car,292.8
qv40364,california,f,high school or below,15114.40241,28513.0,100.0,1,personal auto,suv,480.0
ty87896,california,m,high school or below,11875.89915,0.0,108.0,0,personal auto,suv,518.4
cv75841,california,m,college,4369.496687,97321.0,110.0,0,personal auto,four-door car,74.744643
yo62357,california,f,college,7432.856752,58839.0,65.0,3,personal auto,two-door car,18.965718
yn19139,nevada,m,high school or below,2558.762931,0.0,72.0,0,corporate auto,four-door car,518.4
pe63707,nevada,m,bachelor,5452.171237,88567.0,67.0,0,personal auto,four-door car,321.6
ns74173,nevada,m,college,2968.077571,91646.0,74.0,0,corporate auto,two-door car,57.678779
zi73222,california,m,high school or below,15700.28436,0.0,211.0,0,personal auto,luxury,1012.8
ac24378,arizona,f,high school or below,7477.176362,48552.0,94.0,0,corporate auto,four-door car,262.746281
xr71687,oregon,m,bachelor,9407.452895,31485.0,118.0,0,personal auto,suv,294.905685
gj70481,arizona,m,high school or below,4428.038374,0.0,64.0,0,personal auto,four-door car,628.801638
ji94264,arizona,m,college,10053.55227,16511.0,135.0,0,personal auto,suv,972.0
yi95434,california,f,college,2907.898828,51020.0,73.0,0,personal auto,four-door car,350.4
rl34830,california,m,college,7644.763153,43838.0,97.0,0,corporate auto,four-door car,465.6
ca96568,oregon,m,college,9709.746073,0.0,133.0,0,corporate auto,suv,827.085431
uo16539,washington,m,bachelor,8439.615236,22454.0,110.0,2,personal auto,suv,556.097027
np18074,arizona,f,bachelor,4209.682602,57933.0,105.0,0,personal auto,suv,533.255723
tw45475,nevada,m,college,8556.418397,0.0,124.0,3,personal auto,suv,595.2
cm66204,arizona,f,college,26770.44534,26335.0,113.0,1,personal auto,suv,355.818306
dx80961,arizona,f,bachelor,16265.58682,85322.0,134.0,0,personal auto,suv,735.491986
jz15681,california,m,high school or below,3624.901612,37843.0,92.0,0,personal auto,four-door car,354.455466
zz31825,oregon,m,bachelor,2519.918897,0.0,67.0,0,personal auto,four-door car,482.4
tf77410,arizona,m,college,4819.183706,74730.0,61.0,0,personal auto,four-door car,421.235276
hi16452,oregon,m,high school or below,3028.780121,0.0,94.0,1,special auto,four-door car,483.881752
cw98845,oregon,m,bachelor,2316.796105,0.0,64.0,0,personal auto,four-door car,307.2
ni99807,oregon,m,college,13869.92705,28432.0,118.0,0,personal auto,suv,612.300581
ql45827,washington,f,college,25807.063,71210.0,214.0,1,personal auto,luxury,1027.2
gu60969,arizona,m,bachelor,2342.01381,19581.0,67.0,0,corporate auto,four-door car,321.6
fs67103,oregon,m,bachelor,2747.771656,0.0,80.0,0,special auto,two-door car,576.0
fq24929,oregon,m,master,5479.555081,56005.0,68.0,1,personal auto,four-door car,326.4
ya12007,california,f,college,9199.539814,0.0,80.0,0,personal auto,four-door car,572.847549
ew46828,arizona,m,high school or below,8060.161694,23671.0,69.0,0,personal auto,four-door car,331.2
yp67379,arizona,m,high school or below,6686.128629,22244.0,84.0,0,personal auto,four-door car,114.815893
kh16079,washington,f,high school or below,4709.52218,0.0,66.0,0,personal auto,four-door car,470.576119
sj87277,arizona,m,high school or below,2685.425957,75329.0,67.0,0,corporate auto,four-door car,45.905292
dw14769,arizona,f,high school or below,3920.511337,0.0,108.0,1,personal auto,two-door car,525.392239
cn13435,california,f,college,5493.698779,44369.0,68.0,0,personal auto,four-door car,185.291566
ko95143,california,m,high school or below,8521.738901,37910.0,108.0,0,personal auto,four-door car,518.4
gt66241,california,m,high school or below,2414.072446,0.0,71.0,0,personal auto,four-door car,511.2
pp97061,nevada,f,college,4282.947971,40864.0,109.0,1,personal auto,suv,166.937747
kp97208,oregon,f,college,5918.330563,94846.0,73.0,0,corporate auto,two-door car,305.031114
sb24397,california,m,high school or below,7519.133631,96306.0,95.0,1,personal auto,four-door car,185.355353
em32982,arizona,f,doctor,4472.334422,53519.0,111.0,0,corporate auto,suv,520.036279
lb97434,arizona,m,bachelor,5531.627731,50648.0,69.0,1,personal auto,two-door car,331.2
rr37715,oregon,m,bachelor,8435.176463,64692.0,70.0,0,corporate auto,two-door car,336.0
tc81636,arizona,m,high school or below,10196.1106,0.0,100.0,0,corporate auto,suv,720.0
ic55961,arizona,f,high school or below,20552.62128,0.0,187.0,1,corporate auto,luxury,1430.336183
hr48520,oregon,m,bachelor,3915.798108,0.0,109.0,0,personal auto,suv,784.8
vi42566,oregon,m,master,6010.502178,49311.0,74.0,0,personal auto,four-door car,355.2
nu84299,arizona,m,high school or below,2854.114491,71126.0,71.0,0,personal auto,four-door car,324.739746
rt63209,california,f,master,5994.255419,74284.0,74.0,0,personal auto,four-door car,268.130863
am52614,oregon,f,bachelor,4477.45201,41402.0,119.0,4,personal auto,luxury,571.2
uo40192,nevada,m,high school or below,5544.909083,79619.0,71.0,3,personal auto,four-door car,280.89705
sd67101,nevada,f,high school or below,3600.934326,25147.0,101.0,0,personal auto,suv,694.598288
ew35231,oregon,f,high school or below,9934.865795,56379.0,125.0,1,corporate auto,suv,600.0
ct18212,california,f,bachelor,6874.84827,0.0,96.0,0,personal auto,four-door car,691.2
yl91587,arizona,m,high school or below,2374.147419,48911.0,61.0,0,personal auto,two-door car,292.8
hs14476,washington,m,college,9162.063169,29723.0,80.0,0,personal auto,four-door car,20.985105
da28072,arizona,f,master,7380.086414,21841.0,91.0,0,corporate auto,four-door car,436.8
jo98946,oregon,m,bachelor,2655.996158,31796.0,68.0,0,personal auto,four-door car,377.442796
ba26944,nevada,m,bachelor,7591.109246,0.0,105.0,0,corporate auto,suv,504.0
ar47849,nevada,f,bachelor,5015.009472,48567.0,130.0,0,personal auto,suv,624.0
fo82261,oregon,m,college,4603.975141,66161.0,118.0,0,personal auto,suv,457.593764
qo56662,arizona,m,master,2551.226692,79751.0,63.0,0,personal auto,two-door car,392.235698
uf74084,arizona,m,bachelor,5641.35916,39469.0,71.0,0,personal auto,two-door car,315.560161
ox75108,arizona,f,master,5463.913828,44305.0,67.0,0,personal auto,four-door car,214.772284
qg25195,oregon,f,bachelor,4866.647452,0.0,68.0,0,personal auto,four-door car,444.030724
ht50748,oregon,f,doctor,2779.85389,38893.0,69.0,0,personal auto,two-door car,279.960213
hc42288,california,f,college,4563.018085,39187.0,118.0,1,corporate auto,suv,566.4
tc69546,arizona,m,college,14376.55039,70341.0,179.0,0,personal auto,suv,253.511935
gj63345,arizona,f,bachelor,2279.747148,0.0,64.0,0,personal auto,four-door car,460.8
rk45396,california,m,bachelor,5380.316469,0.0,73.0,0,corporate auto,four-door car,350.4
ya71207,california,f,high school or below,8708.27928,30090.0,73.0,0,corporate auto,two-door car,329.517492
fk95213,california,f,master,18611.45356,49673.0,232.0,0,personal auto,luxury,1021.654003
mc53402,washington,m,college,2215.912948,0.0,66.0,0,personal auto,two-door car,389.944994
vu18023,california,f,high school or below,7780.903354,0.0,70.0,0,personal auto,four-door car,504.0
vn37592,arizona,m,high school or below,2860.864563,50332.0,72.0,0,personal auto,four-door car,345.6
kl58949,california,m,bachelor,5577.942343,70190.0,71.0,0,corporate auto,two-door car,15.169017
ku14261,arizona,f,master,7268.096004,38179.0,90.0,1,personal auto,four-door car,374.716271
rl97327,washington,m,bachelor,4060.956163,0.0,115.0,1,personal auto,four-door car,699.823461
to60700,washington,f,bachelor,7813.411572,25859.0,74.0,0,special auto,four-door car,355.2
cr33417,washington,f,master,4762.156975,36529.0,118.0,0,personal auto,suv,255.005116
zk90062,arizona,m,bachelor,14166.20344,67588.0,118.0,0,personal auto,luxury,566.4
jp44710,nevada,m,high school or below,4354.398727,0.0,121.0,0,personal auto,suv,871.2
rr93140,california,f,college,2880.348532,81565.0,71.0,0,personal auto,four-door car,190.642833
hw56522,arizona,m,bachelor,19185.0725,35322.0,244.0,0,personal auto,luxury,76.826503
lr27773,california,f,bachelor,5329.075482,43671.0,67.0,0,corporate auto,four-door car,190.649902
ct88432,arizona,f,bachelor,4883.805481,58682.0,61.0,0,corporate auto,four-door car,206.810286
ok86731,oregon,m,college,4510.194071,44230.0,114.0,0,personal auto,luxury,738.222494
gb75821,oregon,m,bachelor,15304.51777,40269.0,193.0,0,personal auto,luxury,926.4
kl48832,nevada,f,college,5237.935672,31756.0,66.0,0,corporate auto,four-door car,160.855921
ca54112,nevada,m,doctor,15119.55539,47725.0,63.0,0,personal auto,two-door car,142.205246
vc43751,arizona,f,bachelor,5860.01804,38684.0,74.0,0,personal auto,two-door car,376.760016
bc87551,california,f,high school or below,32306.28587,36301.0,118.0,0,corporate auto,suv,647.954067
td58354,nevada,m,high school or below,4655.392106,0.0,67.0,0,personal auto,four-door car,482.4
xm19715,oregon,f,college,5326.501981,22268.0,67.0,0,personal auto,two-door car,294.803913
kh19280,arizona,f,college,6513.612638,50037.0,81.0,0,special auto,four-door car,303.384527
ge50763,washington,m,bachelor,3491.741616,0.0,104.0,0,corporate auto,four-door car,748.8
vw63894,california,m,master,7870.360084,75740.0,98.0,0,personal auto,four-door car,46.702524
yx36936,arizona,m,college,4274.618943,39621.0,109.0,1,corporate auto,suv,25.292113
af49625,oregon,f,bachelor,7189.106255,75838.0,90.0,0,corporate auto,two-door car,428.907968
qn30162,oregon,f,bachelor,11315.20373,11885.0,101.0,0,special auto,four-door car,484.8
ui21548,california,f,high school or below,2480.529264,29444.0,63.0,0,personal auto,two-door car,302.4
in52645,oregon,f,high school or below,7344.836277,64371.0,181.0,0,personal auto,suv,868.8
cq76030,oregon,m,high school or below,6974.922464,26514.0,91.0,0,personal auto,four-door car,655.2
bw94308,washington,f,high school or below,20096.89337,92766.0,71.0,0,personal auto,two-door car,379.029102
pp39078,california,f,college,5623.611187,31504.0,71.0,0,special auto,four-door car,340.8
lm86393,oregon,f,high school or below,2828.095211,98680.0,72.0,2,personal auto,four-door car,345.6
nb81923,washington,f,college,7294.492993,0.0,113.0,2,personal auto,luxury,733.737214
sz61347,california,m,college,5583.575264,76927.0,138.0,0,personal auto,suv,114.743547
vm53683,nevada,f,bachelor,25763.41423,78804.0,71.0,0,personal auto,four-door car,389.636991
ba38428,arizona,m,high school or below,5639.941974,73168.0,70.0,0,corporate auto,four-door car,425.800112
fx80133,california,f,master,4576.759564,48569.0,114.0,0,personal auto,four-door car,434.7579
mt41386,washington,m,bachelor,2875.43239,84768.0,72.0,0,personal auto,two-door car,110.484661
kv53202,california,f,high school or below,3031.399321,0.0,86.0,0,corporate auto,two-door car,619.2
db79694,arizona,f,high school or below,5979.724161,57693.0,76.0,0,corporate auto,four-door car,547.2
vy75186,california,m,college,2242.244448,0.0,65.0,0,personal auto,four-door car,85.612463
ir57729,california,m,high school or below,16547.63728,46593.0,70.0,0,corporate auto,two-door car,129.151543
fg16885,arizona,m,college,15814.74557,0.0,146.0,0,personal auto,suv,1055.43784
nw21079,washington,f,master,4879.384813,67163.0,61.0,2,personal auto,two-door car,33.192803
fr81224,oregon,m,master,5494.87251,89205.0,68.0,0,personal auto,two-door car,165.523154
yk92213,oregon,m,doctor,5060.303189,0.0,138.0,0,personal auto,luxury,570.777441
jv99867,california,f,bachelor,11269.23099,65448.0,94.0,0,special auto,four-door car,451.2
tn66124,california,m,high school or below,10552.87837,77627.0,88.0,0,corporate auto,two-door car,205.169178
nt78297,oregon,f,bachelor,7517.378484,37695.0,96.0,0,personal auto,two-door car,460.8
kg49115,california,f,college,6298.177143,89411.0,78.0,0,personal auto,four-door car,116.237322
wc77067,nevada,m,college,7821.945982,0.0,114.0,0,corporate auto,suv,914.31553
dw62397,oregon,f,master,22806.46912,10337.0,67.0,0,personal auto,four-door car,321.6
gk67747,washington,m,college,4386.277558,10621.0,67.0,0,special auto,four-door car,321.6
qm39493,california,m,high school or below,3499.988408,16711.0,91.0,1,personal auto,four-door car,580.622219
jd11661,oregon,f,college,7528.092744,0.0,106.0,0,personal auto,suv,508.8
pt73521,california,m,college,2732.613084,42968.0,69.0,0,personal auto,four-door car,331.2
tc99043,california,f,master,13736.1325,16181.0,181.0,0,personal auto,suv,1261.319869
py50779,arizona,m,high school or below,7060.212867,85412.0,88.0,0,personal auto,four-door car,134.684555
fk97285,california,f,high school or below,3732.305945,75774.0,92.0,1,corporate auto,four-door car,441.6
jg12505,nevada,f,master,4064.182317,26599.0,101.0,0,personal auto,suv,254.380731
fx65946,arizona,m,bachelor,5754.746414,34847.0,73.0,0,personal auto,four-door car,525.6
ou88023,california,f,high school or below,8460.80939,0.0,115.0,0,personal auto,suv,552.0
xn32623,oregon,m,bachelor,5638.150224,85896.0,70.0,0,personal auto,four-door car,48.629646
ev78251,oregon,f,doctor,7163.540342,0.0,66.0,0,personal auto,two-door car,316.8
hc80108,california,f,college,2803.796963,43775.0,70.0,0,personal auto,four-door car,310.744656
lg45661,nevada,f,high school or below,20940.30306,0.0,67.0,0,personal auto,four-door car,482.4
zj22132,oregon,f,high school or below,3130.67843,42056.0,78.0,0,personal auto,four-door car,221.951098
lg53863,oregon,f,high school or below,3741.570763,13093.0,100.0,0,personal auto,suv,514.507039
kr87696,california,f,college,3439.089657,98278.0,85.0,0,personal auto,four-door car,367.577872
ln44535,washington,f,college,7284.445594,44605.0,91.0,0,personal auto,four-door car,436.8
fu63281,arizona,m,bachelor,5278.528037,32365.0,67.0,0,personal auto,four-door car,193.147858
kv17007,california,m,college,5680.276365,82255.0,71.0,0,personal auto,four-door car,145.004323
gr42174,oregon,m,college,2194.668123,0.0,62.0,0,personal auto,four-door car,623.525433
sr71812,california,f,high school or below,6473.32562,0.0,88.0,0,personal auto,four-door car,468.492761
ca29908,oregon,m,high school or below,18522.29433,65903.0,66.0,0,personal auto,four-door car,316.8
ob98149,washington,f,college,4700.007467,11417.0,63.0,0,personal auto,two-door car,302.4
fx30915,arizona,f,high school or below,21295.51371,0.0,96.0,0,corporate auto,two-door car,677.616967
oc39051,california,m,college,6158.846901,0.0,67.0,2,personal auto,four-door car,321.6
lw80918,oregon,m,doctor,8653.562027,69704.0,72.0,0,personal auto,two-door car,89.921281
ec94366,oregon,m,doctor,3776.320768,20101.0,96.0,0,corporate auto,four-door car,291.536748
pi92163,nevada,m,bachelor,4897.041423,24383.0,69.0,2,corporate auto,four-door car,331.2
lz68649,washington,m,bachelor,14947.9173,22139.0,100.0,0,personal auto,suv,480.0
ib39821,arizona,m,bachelor,9011.129467,88708.0,112.0,0,personal auto,luxury,499.663591
wi75766,arizona,f,high school or below,10083.48688,11828.0,90.0,0,personal auto,four-door car,571.479602
dr27120,washington,f,bachelor,2938.728161,0.0,80.0,1,corporate auto,two-door car,384.0
uq67668,nevada,m,high school or below,5639.941974,73168.0,70.0,0,personal auto,four-door car,425.800112
pr64751,nevada,m,bachelor,2606.045519,0.0,71.0,0,corporate auto,two-door car,409.459488
cl79250,nevada,m,bachelor,52811.49112,0.0,182.0,0,corporate auto,luxury,873.6
zr72236,nevada,m,master,5226.286197,76646.0,65.0,0,personal auto,two-door car,263.844471
sg52649,washington,m,high school or below,8382.630118,19683.0,117.0,1,corporate auto,luxury,561.6
sg96896,oregon,m,high school or below,14703.13246,0.0,71.0,1,personal auto,four-door car,819.576016
qj50723,oregon,f,master,18948.34795,0.0,124.0,0,personal auto,suv,595.2
nu64028,nevada,m,bachelor,12265.60041,35693.0,103.0,0,personal auto,luxury,494.4
pm63319,washington,f,college,4529.976333,0.0,65.0,0,personal auto,four-door car,438.369382
yg46815,arizona,m,high school or below,9220.013197,0.0,136.0,0,personal auto,suv,979.2
xf94149,california,m,college,4087.512572,24123.0,104.0,0,personal auto,suv,748.8
me99882,arizona,m,bachelor,9247.547393,85654.0,116.0,0,personal auto,two-door car,346.265295
yz67161,oregon,m,master,13024.13012,0.0,125.0,0,personal auto,suv,900.0
wa45944,arizona,f,college,25807.063,71210.0,214.0,1,corporate auto,luxury,1027.2
um53032,california,m,college,6104.723142,84822.0,76.0,0,corporate auto,four-door car,219.879452
lw43115,california,f,master,2725.356404,36650.0,69.0,1,personal auto,four-door car,56.60333
yk93229,oregon,m,high school or below,3260.74476,0.0,90.0,0,personal auto,two-door car,432.0
fh65253,oregon,m,high school or below,23740.12142,28025.0,87.0,0,personal auto,four-door car,611.40108
ih43245,nevada,m,college,7599.895827,52113.0,97.0,0,corporate auto,four-door car,465.6
to20795,washington,m,doctor,32467.66151,37675.0,104.0,0,corporate auto,four-door car,731.970027
to14996,oregon,m,high school or below,5633.949267,37595.0,70.0,0,personal auto,four-door car,501.994635
xn34686,oregon,m,high school or below,5640.021911,41396.0,70.0,0,special auto,four-door car,336.0
ka13067,oregon,m,high school or below,8370.401649,77512.0,104.0,0,corporate auto,suv,433.608534
lq76461,oregon,f,high school or below,5170.450306,35334.0,65.0,0,personal auto,four-door car,468.0
bh60627,oregon,m,college,7521.194691,0.0,104.0,0,personal auto,four-door car,499.2
cd48033,oregon,m,doctor,12731.95161,40870.0,105.0,0,personal auto,suv,504.0
ac58002,california,f,bachelor,5666.867962,53907.0,71.0,0,corporate auto,four-door car,189.907577
vm21699,oregon,f,bachelor,4436.806209,77609.0,111.0,0,corporate auto,luxury,62.935952
ym24654,washington,f,high school or below,17966.28765,0.0,70.0,0,personal auto,four-door car,504.0
rr66500,california,m,master,2436.005997,87462.0,61.0,1,corporate auto,four-door car,51.294615
gj31412,oregon,m,bachelor,6650.816974,99494.0,83.0,0,personal auto,four-door car,398.4
wo64354,california,f,bachelor,2751.365822,42585.0,69.0,0,personal auto,two-door car,288.295744
ug37492,california,m,college,4362.931238,58842.0,110.0,0,personal auto,four-door car,528.0
pr51268,arizona,f,doctor,4014.453113,37384.0,99.0,0,personal auto,four-door car,475.2
nj10602,washington,f,college,8459.053233,92717.0,70.0,0,personal auto,two-door car,224.27582
op60201,oregon,m,college,2203.439795,0.0,72.0,2,personal auto,four-door car,518.715288
qk69627,washington,f,high school or below,9388.162927,75264.0,78.0,0,personal auto,four-door car,343.340301
dp63956,arizona,f,bachelor,6791.215414,0.0,101.0,1,corporate auto,suv,727.2
mv89967,oregon,f,college,23142.1509,0.0,105.0,0,personal auto,four-door car,564.947278
mq37971,arizona,f,bachelor,3038.114641,31532.0,79.0,0,personal auto,four-door car,241.077843
co12132,california,f,high school or below,8879.790017,52583.0,113.0,0,personal auto,suv,528.20086
ug19550,california,m,high school or below,21590.44235,62477.0,183.0,0,personal auto,luxury,40.287304
sq18525,arizona,f,college,8457.461231,26023.0,72.0,1,personal auto,four-door car,79.463916
vg11458,california,m,bachelor,4770.73904,28666.0,64.0,0,personal auto,four-door car,307.2
tg75223,california,m,bachelor,4312.869599,21004.0,62.0,0,personal auto,two-door car,297.6
ww85018,washington,m,bachelor,6293.963716,45430.0,81.0,0,personal auto,two-door car,388.8
my11682,california,m,bachelor,7098.017093,37511.0,185.0,2,personal auto,luxury,579.467191
ni49607,oregon,f,college,4395.885525,28719.0,110.0,0,personal auto,suv,792.0
nx18821,oregon,m,master,5564.735366,49833.0,69.0,0,personal auto,four-door car,331.2
jz63423,arizona,m,college,5321.108879,67431.0,136.0,1,personal auto,suv,652.8
dg30586,oregon,f,bachelor,2867.312197,23376.0,78.0,0,personal auto,four-door car,374.4
qs79556,arizona,f,college,9414.119587,20455.0,84.0,2,corporate auto,two-door car,564.922034
sw74846,washington,f,bachelor,7414.436023,62473.0,185.0,0,personal auto,luxury,1298.853615
fz24763,california,m,bachelor,5078.451231,35289.0,65.0,0,personal auto,four-door car,123.945627
tw73441,nevada,f,high school or below,2773.455358,73478.0,68.0,0,personal auto,four-door car,241.88878
fp60372,nevada,m,bachelor,8072.746442,30584.0,68.0,0,personal auto,two-door car,51.662597
xs17260,oregon,m,college,12280.76661,88340.0,102.0,0,personal auto,two-door car,489.6
hx77930,washington,f,college,3136.432103,49532.0,79.0,1,personal auto,four-door car,220.186677
op47206,arizona,m,college,5232.333113,0.0,154.0,0,corporate auto,luxury,1140.523821
ki25980,washington,m,master,14722.22122,43982.0,126.0,1,personal auto,suv,604.8
sm88270,california,m,high school or below,30118.6554,68906.0,187.0,0,personal auto,luxury,1053.300143
rm83767,washington,m,college,5970.995737,64008.0,85.0,5,personal auto,four-door car,372.893812
ye45848,california,f,bachelor,8026.278333,87421.0,99.0,0,corporate auto,two-door car,475.2
qo77034,california,m,bachelor,3567.503755,0.0,102.0,0,personal auto,suv,660.430456
fq66070,california,m,college,8491.020256,62076.0,71.0,0,personal auto,four-door car,227.225113
yq44187,oregon,f,bachelor,2545.220272,26746.0,66.0,0,personal auto,two-door car,165.75305
pw65305,california,m,college,8870.673845,91580.0,73.0,0,personal auto,two-door car,290.70096
kb44286,oregon,f,high school or below,46770.94705,64403.0,198.0,0,corporate auto,luxury,111.173021
jv89183,oregon,m,bachelor,9378.900706,51425.0,119.0,0,personal auto,four-door car,560.154132
is75141,oregon,f,high school or below,5645.513529,44162.0,71.0,0,personal auto,two-door car,160.825045
xo90806,california,f,college,8406.763319,67128.0,105.0,0,personal auto,suv,339.017729
qn44699,oregon,f,bachelor,4655.209814,30383.0,119.0,0,personal auto,two-door car,803.686321
bv98316,arizona,f,bachelor,6520.824777,93721.0,80.0,0,personal auto,four-door car,489.594642
jj66819,oregon,f,bachelor,2989.963139,79867.0,74.0,1,personal auto,four-door car,78.172321
km72596,arizona,m,doctor,32677.34284,39393.0,121.0,0,personal auto,suv,491.151197
hx72126,nevada,f,bachelor,21112.53624,0.0,81.0,0,personal auto,four-door car,136.848554
wx48434,arizona,m,college,4270.034394,0.0,122.0,0,corporate auto,suv,725.870693
lw12893,california,f,high school or below,7911.626107,43916.0,68.0,2,personal auto,four-door car,326.4
xo94933,california,f,bachelor,3944.231185,33282.0,100.0,1,personal auto,suv,207.510821
ns92256,oregon,f,master,23777.81427,33032.0,86.0,1,personal auto,two-door car,87.080119
ir62720,nevada,m,bachelor,6842.580052,25259.0,87.0,0,personal auto,four-door car,417.6
xp81320,oregon,f,college,2521.161048,19637.0,67.0,0,personal auto,four-door car,333.138214
ca52541,california,f,college,3808.122147,94903.0,94.0,0,corporate auto,two-door car,451.2
ib59831,oregon,m,college,15512.56424,39794.0,133.0,0,corporate auto,suv,638.4
vo61192,oregon,m,high school or below,6751.782327,42433.0,85.0,0,personal auto,four-door car,410.946167
uv17888,california,f,bachelor,7405.420506,22044.0,65.0,0,corporate auto,four-door car,10.393016
wx31658,arizona,f,doctor,7218.015592,32312.0,61.0,3,personal auto,two-door car,276.590788
rq79244,california,f,college,3362.551989,0.0,97.0,0,personal auto,four-door car,698.4
ul90124,oregon,f,high school or below,5038.979968,72919.0,130.0,5,personal auto,suv,936.0
pn12718,california,m,bachelor,8681.046339,0.0,86.0,2,personal auto,two-door car,541.217743
cn63432,arizona,f,college,13197.92893,0.0,68.0,3,personal auto,four-door car,326.4
wa24038,oregon,m,bachelor,4595.457544,76357.0,117.0,1,personal auto,suv,4.074222
tr40401,oregon,m,doctor,5073.282126,57709.0,125.0,0,personal auto,suv,600.0
uq73252,arizona,m,college,4636.54647,26802.0,66.0,1,personal auto,two-door car,316.8
lk91880,california,f,college,8376.332294,26448.0,105.0,0,personal auto,luxury,75.330276
ua50747,washington,f,high school or below,25997.74996,62262.0,72.0,0,corporate auto,four-door car,193.505325
rv22056,oregon,f,bachelor,4971.353586,98784.0,124.0,1,personal auto,luxury,155.412984
fw92569,arizona,m,college,13270.9446,28727.0,113.0,0,corporate auto,suv,350.877502
as26192,oregon,m,high school or below,5519.078475,50406.0,70.0,0,corporate auto,four-door car,132.208612
px72779,arizona,m,master,7942.174213,41832.0,66.0,0,personal auto,four-door car,402.749918
pz47901,arizona,f,bachelor,5504.139033,0.0,73.0,0,corporate auto,four-door car,350.4
le41874,nevada,f,high school or below,5140.11289,0.0,138.0,0,corporate auto,suv,900.617364
wt10649,oregon,m,bachelor,6583.205691,0.0,97.0,0,personal auto,four-door car,465.6
sp80065,california,f,high school or below,7899.217251,40032.0,99.0,0,special auto,four-door car,475.2
ww37525,california,m,high school or below,7659.499583,95701.0,98.0,3,personal auto,four-door car,99.697769
mf15503,nevada,m,bachelor,7055.962564,0.0,108.0,1,special auto,two-door car,777.6
gj52970,california,m,high school or below,7238.504049,0.0,66.0,1,personal auto,four-door car,393.645615
gx84338,washington,f,doctor,3824.431298,62530.0,95.0,0,personal auto,four-door car,61.693771
ql54532,california,m,master,3870.356928,0.0,106.0,0,personal auto,suv,508.8
wy43888,washington,m,high school or below,16525.38067,24414.0,104.0,0,personal auto,suv,499.2
tn51356,oregon,m,bachelor,2450.880954,82695.0,62.0,0,personal auto,four-door car,217.945243
qj21876,california,f,college,5666.69628,48156.0,143.0,0,personal auto,suv,686.4
mm49431,washington,m,bachelor,7298.583562,74069.0,63.0,2,personal auto,two-door car,275.516438
dy38083,california,m,bachelor,8838.085637,82664.0,114.0,3,personal auto,suv,133.425609
kz95954,arizona,m,high school or below,5375.657146,0.0,80.0,1,personal auto,four-door car,749.134686
dc70690,arizona,f,college,5598.00838,51737.0,71.0,0,personal auto,four-door car,430.163277
qi31659,california,f,bachelor,16953.08411,76797.0,71.0,0,personal auto,four-door car,234.771653
ju72142,oregon,m,bachelor,14002.75508,61225.0,117.0,0,personal auto,suv,442.374873
qs26062,california,m,high school or below,2807.049427,80915.0,70.0,0,corporate auto,four-door car,187.854818
lf61343,california,m,high school or below,10529.01236,12688.0,140.0,0,personal auto,suv,672.0
yk23193,nevada,m,bachelor,6057.07208,27681.0,83.0,0,personal auto,two-door car,398.4
id40186,oregon,f,bachelor,12904.94336,27778.0,109.0,0,personal auto,four-door car,523.2
as17174,oregon,m,high school or below,2471.528431,95697.0,61.0,0,personal auto,two-door car,114.273025
iq95180,oregon,m,bachelor,5651.396772,44634.0,71.0,1,personal auto,four-door car,396.035334
rs59102,california,m,college,12885.78676,37050.0,110.0,1,personal auto,luxury,528.0
oi83286,oregon,f,college,5551.394979,56872.0,69.0,0,personal auto,two-door car,192.879457
xh93021,nevada,m,high school or below,5439.342442,0.0,82.0,0,personal auto,four-door car,590.4
qj22057,nevada,f,college,4454.104455,0.0,68.0,1,personal auto,four-door car,326.4
nr49426,nevada,m,college,5195.824739,69488.0,68.0,3,personal auto,four-door car,326.4
bm39234,oregon,m,high school or below,4551.060479,0.0,62.0,0,personal auto,two-door car,446.4
mj95558,california,m,bachelor,16570.09009,23589.0,211.0,0,special auto,luxury,1012.8
wc21120,california,f,college,8002.308333,0.0,107.0,0,personal auto,suv,513.6
eu81458,oregon,f,doctor,2743.553584,95782.0,68.0,1,personal auto,four-door car,247.847239
jo32686,arizona,f,bachelor,8139.001346,24992.0,106.0,0,personal auto,suv,508.8
yy27420,arizona,m,bachelor,10507.69496,20043.0,92.0,0,personal auto,four-door car,516.088544
sx22647,california,m,college,7218.085486,0.0,104.0,0,personal auto,suv,748.8
ht31871,arizona,m,high school or below,4861.369008,36305.0,61.0,0,personal auto,four-door car,292.8
zb81881,california,m,bachelor,5786.49398,44784.0,73.0,0,personal auto,two-door car,395.386573
xy91562,oregon,f,college,7707.806541,0.0,113.0,0,personal auto,four-door car,542.4
cq72935,arizona,m,bachelor,4974.801539,75644.0,65.0,3,personal auto,two-door car,467.803638
xr36002,california,f,high school or below,10626.80746,27339.0,97.0,2,personal auto,two-door car,44.730323
rw70500,oregon,f,master,7996.604028,43657.0,66.0,0,personal auto,two-door car,316.8
vk53354,washington,m,bachelor,27945.89465,0.0,95.0,0,special auto,two-door car,684.0
oi77877,oregon,m,high school or below,7498.290823,31134.0,96.0,0,personal auto,four-door car,666.5271
eh13261,california,m,master,2637.148672,50512.0,67.0,0,personal auto,four-door car,351.403677
gw14698,arizona,f,college,4882.493829,80604.0,61.0,0,corporate auto,four-door car,255.982609
po56357,california,f,high school or below,5363.528173,64604.0,67.0,1,personal auto,four-door car,272.445607
ic47914,california,m,college,3548.397966,0.0,103.0,0,corporate auto,four-door car,741.6
ik12576,oregon,f,bachelor,4233.56878,95647.0,106.0,0,personal auto,two-door car,508.8
nc68853,oregon,m,high school or below,11293.98192,0.0,104.0,0,personal auto,suv,499.2
tg40558,oregon,m,high school or below,7258.992716,60969.0,61.0,0,corporate auto,four-door car,146.119178
nb40107,arizona,m,high school or below,2695.455483,0.0,76.0,0,corporate auto,four-door car,547.2
xd86462,oregon,m,college,6063.19979,20676.0,79.0,0,personal auto,four-door car,379.2
ha45220,california,f,high school or below,5258.251562,37874.0,65.0,0,corporate auto,four-door car,41.016038
ot24208,california,m,bachelor,12390.47778,14382.0,66.0,0,personal auto,four-door car,316.8
lm93586,arizona,m,high school or below,3677.784051,32314.0,92.0,0,personal auto,four-door car,662.4
ca70404,california,m,high school or below,6104.849081,62455.0,77.0,1,personal auto,two-door car,338.144854
uy94269,oregon,f,master,2991.423685,35605.0,74.0,0,personal auto,two-door car,355.2
fm59265,washington,f,bachelor,8034.520139,0.0,103.0,0,personal auto,suv,741.6
tz51184,arizona,m,college,9778.984109,0.0,137.0,0,corporate auto,suv,986.4
bz85280,oregon,m,college,7284.262288,10334.0,64.0,0,personal auto,four-door car,296.962938
bl93527,arizona,m,high school or below,2728.03759,44025.0,69.0,0,personal auto,two-door car,331.2
fl77069,california,f,bachelor,7519.029686,32397.0,190.0,0,corporate auto,luxury,334.626758
hx31231,arizona,f,bachelor,8183.592208,24345.0,106.0,0,corporate auto,four-door car,637.695945
oo11998,oregon,m,master,4583.748377,94804.0,115.0,4,personal auto,suv,764.592151
cw12066,oregon,f,college,11638.89947,25370.0,102.0,0,corporate auto,luxury,489.6
gd17919,arizona,f,college,14455.86021,0.0,78.0,0,special auto,four-door car,561.6
ha40978,california,m,college,8478.278069,53234.0,109.0,0,personal auto,four-door car,1212.988796
do80363,arizona,m,high school or below,3923.265453,0.0,108.0,0,personal auto,four-door car,912.581597
uh79890,oregon,m,high school or below,5201.707743,0.0,70.0,0,personal auto,four-door car,336.0
ha82735,arizona,f,bachelor,3857.947176,0.0,121.0,2,personal auto,suv,1032.204305
dq71306,oregon,m,high school or below,3649.658983,19013.0,95.0,0,corporate auto,four-door car,456.0
gn64199,oregon,f,doctor,2652.289648,0.0,73.0,0,personal auto,four-door car,490.690995
ou78642,arizona,f,master,7583.56435,81568.0,186.0,0,personal auto,luxury,737.442295
pr59105,oregon,f,high school or below,8535.108303,53223.0,72.0,0,personal auto,four-door car,299.788806
tm94572,arizona,m,bachelor,4152.652599,0.0,123.0,0,personal auto,suv,885.6
ap63665,oregon,f,bachelor,7166.343469,59253.0,89.0,0,personal auto,four-door car,67.801384
az64856,california,f,high school or below,5048.051359,34452.0,126.0,0,personal auto,suv,604.8
ic12985,arizona,m,bachelor,4579.605586,40160.0,118.0,1,personal auto,four-door car,566.4
kh81863,oregon,f,college,4605.036646,22571.0,63.0,0,corporate auto,four-door car,302.4
ee49066,oregon,f,high school or below,4969.529102,62365.0,62.0,0,corporate auto,four-door car,297.6
iz37104,california,m,doctor,2267.604038,0.0,61.0,0,personal auto,four-door car,292.8
ba66627,nevada,f,bachelor,36229.40842,22220.0,105.0,0,personal auto,luxury,22.45383
xz54522,nevada,f,bachelor,8810.89555,76266.0,110.0,1,personal auto,two-door car,155.708627
ve46465,oregon,m,master,4656.488488,0.0,128.0,1,personal auto,luxury,1548.310532
ld71221,oregon,f,bachelor,4318.088108,0.0,68.0,3,personal auto,two-door car,230.109964
yb66933,washington,f,bachelor,5382.752045,77552.0,68.0,1,corporate auto,four-door car,45.215059
eq15944,oregon,f,doctor,2953.617963,76474.0,74.0,2,personal auto,four-door car,355.2
cr92272,arizona,f,doctor,8051.56643,57664.0,100.0,0,personal auto,suv,344.92729
jj94311,oregon,m,bachelor,6627.148927,82377.0,83.0,0,personal auto,four-door car,498.335261
eo42272,california,f,bachelor,10148.41973,44856.0,66.0,1,corporate auto,four-door car,316.8
la34671,arizona,m,college,7628.749434,0.0,77.0,0,personal auto,four-door car,369.6
zf73834,california,f,bachelor,2582.408525,76731.0,64.0,0,personal auto,four-door car,201.455005
um14135,nevada,f,bachelor,3265.156348,25820.0,82.0,0,personal auto,four-door car,393.6
ya14448,arizona,f,college,5996.065073,0.0,83.0,0,personal auto,four-door car,398.4
ql10321,california,f,doctor,5768.830622,92509.0,71.0,0,personal auto,four-door car,109.296118
zl17677,washington,f,master,21480.81781,15505.0,68.0,0,personal auto,two-door car,383.890867
we57129,washington,m,master,2891.717971,21979.0,73.0,0,personal auto,two-door car,518.686584
so57563,arizona,m,college,7381.914168,54878.0,96.0,3,personal auto,four-door car,204.953947
so38188,oregon,m,bachelor,5308.617246,40178.0,136.0,0,special auto,suv,652.8
yd65161,california,f,bachelor,2912.59798,65436.0,73.0,0,personal auto,four-door car,40.752864
qh12810,oregon,f,bachelor,11814.47532,0.0,106.0,0,personal auto,suv,763.2
ou81877,oregon,m,high school or below,4726.963307,0.0,64.0,0,personal auto,four-door car,307.2
cn49086,california,m,doctor,5073.282126,57709.0,125.0,0,corporate auto,suv,600.0
bd53342,washington,f,college,3096.511217,21604.0,79.0,0,personal auto,four-door car,379.2
fi75266,oregon,m,bachelor,7891.584409,28422.0,68.0,1,corporate auto,four-door car,453.909559
gh86762,california,f,bachelor,19454.40847,59853.0,124.0,0,special auto,suv,570.847354
hp55853,california,m,college,22332.43946,49078.0,97.0,0,corporate auto,four-door car,484.013411
wb43408,oregon,f,college,4598.235733,51523.0,116.0,0,personal auto,suv,738.840818
mf41879,oregon,m,doctor,8215.388242,0.0,110.0,0,personal auto,suv,601.021286
yu21725,washington,f,high school or below,4903.152748,0.0,66.0,1,corporate auto,four-door car,475.2
ay98473,arizona,f,college,24186.88247,32989.0,102.0,0,personal auto,suv,489.6
tx34322,oregon,m,college,2419.306466,0.0,70.0,1,personal auto,two-door car,336.0
ak61491,oregon,m,doctor,2491.317024,36631.0,62.0,0,personal auto,four-door car,67.530904
xc32316,arizona,m,high school or below,9657.579498,0.0,131.0,0,corporate auto,suv,628.8
wn59735,california,f,college,2621.116054,26477.0,66.0,0,personal auto,four-door car,144.987956
ww99844,oregon,f,high school or below,4944.088762,53607.0,61.0,0,personal auto,four-door car,93.891207
yg38576,arizona,m,college,5206.761563,21594.0,71.0,3,personal auto,four-door car,340.8
at62618,oregon,f,bachelor,6109.135438,0.0,85.0,0,personal auto,four-door car,612.0
ee48429,nevada,f,high school or below,2601.468833,80584.0,65.0,0,personal auto,two-door car,312.0
sx95355,oregon,f,bachelor,5849.486464,67511.0,73.0,0,personal auto,four-door car,350.4
iu54219,oregon,f,master,16301.9676,19614.0,85.0,0,special auto,two-door car,574.024018
wx65636,arizona,f,bachelor,26462.75908,0.0,82.0,2,corporate auto,four-door car,511.320391
ze71012,nevada,m,bachelor,26199.52707,20346.0,74.0,0,corporate auto,two-door car,358.643521
pu36617,arizona,m,college,6470.535463,48638.0,82.0,0,personal auto,four-door car,183.104441
pa18731,oregon,f,college,9501.005425,46855.0,119.0,0,personal auto,suv,472.391125
ic51895,arizona,f,college,10970.13221,38873.0,92.0,0,personal auto,two-door car,599.811172
fu43761,nevada,f,doctor,2435.619979,25703.0,62.0,0,personal auto,four-door car,297.6
bg51419,washington,m,college,4362.931238,58842.0,110.0,0,corporate auto,four-door car,528.0
vy96711,california,f,master,19231.77266,99772.0,158.0,0,corporate auto,suv,51.902587
kt97561,arizona,m,high school or below,8382.630118,19683.0,117.0,1,personal auto,luxury,561.6
bw80872,washington,m,high school or below,4434.411172,34549.0,111.0,0,personal auto,four-door car,125.933005
tz81094,nevada,f,high school or below,2372.155492,19030.0,62.0,0,corporate auto,two-door car,355.820799
xa27536,washington,m,college,3611.183505,63329.0,92.0,0,personal auto,four-door car,441.6
lr61007,arizona,m,high school or below,3034.797717,79253.0,76.0,0,corporate auto,two-door car,254.984946
wh20102,california,m,college,9095.049868,37937.0,116.0,0,personal auto,suv,556.8
fg60807,oregon,f,high school or below,4884.15708,21766.0,62.0,0,corporate auto,four-door car,179.14181
tv77808,arizona,m,high school or below,5681.307056,67132.0,71.0,0,corporate auto,four-door car,466.371705
la66902,arizona,m,college,2458.562965,0.0,71.0,1,personal auto,two-door car,511.2
pa38372,washington,f,high school or below,9357.737821,33060.0,117.0,0,personal auto,four-door car,56.731578
nx11526,arizona,m,bachelor,2759.978287,92296.0,69.0,0,corporate auto,two-door car,331.2
hu72679,oregon,m,doctor,9635.58373,90334.0,119.0,0,corporate auto,suv,423.785148
hc60268,oregon,m,college,8346.019875,40105.0,104.0,0,personal auto,four-door car,878.413622
so18542,oregon,f,bachelor,8370.56545,33409.0,105.0,0,personal auto,suv,553.553427
sm54018,california,f,college,12689.42804,0.0,117.0,1,personal auto,two-door car,1163.669865
cn22369,california,m,bachelor,2538.62632,18608.0,71.0,0,special auto,four-door car,340.8
wy17333,california,m,high school or below,4732.219556,55385.0,61.0,0,personal auto,four-door car,292.8
lp76290,oregon,m,master,8246.830811,62588.0,104.0,0,special auto,four-door car,499.2
uf93434,oregon,f,college,2548.393565,22050.0,66.0,0,personal auto,four-door car,316.8
vw70435,oregon,m,bachelor,4929.549699,25632.0,63.0,0,personal auto,two-door car,351.270869
av96010,oregon,m,college,3289.120863,40097.0,92.0,4,personal auto,two-door car,227.221652
dx70966,nevada,f,college,2771.045031,50071.0,71.0,0,personal auto,two-door car,18.918935
vw65429,arizona,m,high school or below,6899.709949,37308.0,86.0,0,personal auto,four-door car,301.011106
ly17372,arizona,m,college,5112.306584,44743.0,137.0,4,personal auto,suv,741.300032
be61743,washington,m,bachelor,4109.793608,86657.0,103.0,0,personal auto,luxury,316.227946
gp56044,washington,m,high school or below,27440.61101,84306.0,137.0,0,personal auto,suv,863.413385
ea63660,california,f,college,20957.60504,0.0,118.0,0,personal auto,suv,566.4
dp50640,california,m,bachelor,2548.842787,47346.0,65.0,0,personal auto,four-door car,312.0
mm45897,nevada,m,bachelor,2714.654446,88545.0,68.0,0,personal auto,four-door car,374.108319
oz86942,california,f,bachelor,5790.462518,52443.0,73.0,1,corporate auto,four-door car,350.4
wi65397,oregon,f,bachelor,7627.31479,36084.0,99.0,1,corporate auto,two-door car,152.779038
oq69520,arizona,f,master,7903.993374,35406.0,69.0,4,corporate auto,four-door car,67.504452
qk12068,oregon,f,high school or below,5293.717318,0.0,74.0,0,personal auto,four-door car,712.126586
kf98735,california,m,bachelor,3673.990748,41185.0,99.0,4,special auto,four-door car,363.613596
bh28530,california,m,high school or below,21592.10096,51204.0,181.0,0,personal auto,luxury,929.554445
dw62043,oregon,f,college,2452.059049,30216.0,63.0,0,corporate auto,four-door car,302.4
af41118,california,m,college,7255.714453,10710.0,94.0,0,personal auto,two-door car,451.2
ki82366,arizona,m,college,7412.962014,0.0,112.0,0,personal auto,four-door car,806.4
gf97506,nevada,m,high school or below,9048.983447,0.0,119.0,0,personal auto,luxury,571.2
uq62739,oregon,m,college,4270.034394,0.0,122.0,0,corporate auto,suv,725.870693
wy58555,oregon,m,bachelor,4929.549699,25632.0,63.0,0,personal auto,two-door car,351.270869
pu11172,oregon,f,high school or below,3539.97159,0.0,99.0,0,personal auto,four-door car,1158.858027
dn30013,oregon,f,college,5568.889245,53295.0,70.0,0,personal auto,four-door car,250.423844
zi60303,oregon,m,high school or below,9817.026936,0.0,139.0,0,personal auto,luxury,1000.8
mr56401,oregon,f,college,2542.845763,37072.0,64.0,0,personal auto,four-door car,307.2
fm14335,washington,f,college,10484.91535,61108.0,89.0,0,personal auto,four-door car,49.451117
fk54851,california,m,high school or below,6310.400194,79880.0,79.0,1,personal auto,two-door car,568.8
yf38355,washington,m,master,8106.221539,81580.0,101.0,0,personal auto,suv,633.439417
tn39471,arizona,f,high school or below,3398.007367,0.0,92.0,0,personal auto,two-door car,611.844584
mt53449,arizona,f,master,16301.9676,19614.0,85.0,0,personal auto,two-door car,574.024018
dv22542,california,m,high school or below,2722.408776,58620.0,68.0,0,personal auto,two-door car,292.135884
to82744,california,f,high school or below,15789.65496,0.0,212.0,0,personal auto,luxury,1526.4
og17756,arizona,f,college,4904.894731,12902.0,139.0,0,personal auto,luxury,667.2
do51363,oregon,f,bachelor,3785.754787,26318.0,96.0,0,personal auto,two-door car,679.392372
bj26599,oregon,m,bachelor,4200.818894,20263.0,63.0,0,personal auto,four-door car,373.454457
lx24476,oregon,f,bachelor,3619.060986,0.0,98.0,0,personal auto,four-door car,310.842085
io63361,arizona,m,college,4880.713626,52819.0,124.0,0,personal auto,suv,282.500791
sd30853,oregon,f,college,12687.15484,63918.0,64.0,0,personal auto,four-door car,307.2
oj41819,oregon,f,college,4848.90183,0.0,66.0,0,personal auto,four-door car,316.8
mo63575,oregon,f,bachelor,4334.064096,23904.0,123.0,3,corporate auto,suv,590.4
bv16459,oregon,m,college,6677.418103,0.0,97.0,1,personal auto,two-door car,251.63901
yv93784,arizona,f,master,8973.110905,69736.0,111.0,0,personal auto,suv,424.424732
uf32055,california,m,bachelor,7109.296548,69700.0,181.0,0,personal auto,suv,645.921338
uq16798,arizona,f,college,10208.92761,35482.0,129.0,0,personal auto,suv,619.2
ls59637,arizona,f,college,2719.506996,14030.0,72.0,0,corporate auto,two-door car,345.6
tx35617,california,f,bachelor,4465.604359,50909.0,112.0,0,personal auto,suv,339.048157
ex89625,arizona,f,bachelor,5593.434009,96406.0,69.0,0,personal auto,two-door car,331.2
fd11364,oregon,f,bachelor,6768.997027,77001.0,85.0,0,special auto,four-door car,408.0
fa90076,oregon,f,bachelor,2454.589361,0.0,72.0,0,personal auto,two-door car,518.4
bg96711,california,m,bachelor,2576.380679,24732.0,67.0,0,corporate auto,four-door car,321.6
pw31239,oregon,f,college,4282.947971,40864.0,109.0,1,personal auto,suv,166.937747
md95935,california,f,bachelor,5845.426201,43145.0,73.0,0,corporate auto,two-door car,516.421124
ul10037,oregon,f,college,10484.91535,61108.0,89.0,0,corporate auto,four-door car,49.451117
re67051,california,m,bachelor,5509.377781,34236.0,70.0,0,corporate auto,four-door car,336.0
sb44315,arizona,m,college,3011.344686,39010.0,78.0,2,personal auto,four-door car,374.4
ox21474,california,m,high school or below,2698.355517,88867.0,69.0,1,personal auto,four-door car,331.2
hn60464,california,m,bachelor,6105.801637,0.0,84.0,0,personal auto,four-door car,395.740207
tj51874,washington,m,high school or below,8558.038795,13908.0,116.0,2,corporate auto,suv,804.130779
pb63095,washington,m,high school or below,5568.947534,0.0,79.0,1,personal auto,two-door car,407.440238
vr81851,oregon,f,college,11042.29006,0.0,64.0,0,personal auto,four-door car,415.803174
dp13082,california,m,bachelor,23594.6802,76358.0,66.0,0,personal auto,four-door car,86.461582
lp34743,oregon,f,bachelor,4726.869327,13037.0,124.0,0,personal auto,suv,839.348464
go75708,arizona,f,master,6054.488387,17200.0,83.0,4,personal auto,four-door car,48.780064
ud99460,washington,m,bachelor,9654.523307,67772.0,82.0,0,personal auto,four-door car,502.580472
mj77630,oregon,m,high school or below,47155.62558,39891.0,133.0,0,personal auto,suv,630.888663
oo49507,washington,f,doctor,4530.385427,52957.0,112.0,0,personal auto,luxury,425.423198
gb12561,oregon,f,college,7276.340609,0.0,108.0,2,corporate auto,luxury,777.6
pw69692,oregon,f,college,3861.486269,93272.0,95.0,0,personal auto,four-door car,281.110788
sm36624,arizona,m,high school or below,7054.776317,0.0,207.0,0,personal auto,luxury,1490.4
da61021,california,m,master,15167.04402,40467.0,197.0,3,personal auto,luxury,518.78464
kj72146,oregon,m,bachelor,7126.471703,30895.0,62.0,0,personal auto,four-door car,297.6
xj61632,oregon,m,bachelor,2034.993043,0.0,62.0,2,personal auto,four-door car,446.4
co23919,oregon,f,bachelor,30718.8124,90607.0,109.0,0,special auto,suv,243.467617
pv24005,oregon,m,high school or below,4221.312544,0.0,62.0,0,personal auto,four-door car,614.081483
yd22081,arizona,f,college,9701.027271,45668.0,80.0,0,personal auto,four-door car,344.767795
sg51259,california,f,high school or below,4502.867562,0.0,129.0,0,personal auto,suv,1486.410662
ok31456,california,f,bachelor,11009.13049,51643.0,283.0,0,corporate auto,luxury,1358.4
un38117,california,f,college,2713.560376,0.0,74.0,0,personal auto,four-door car,299.635989
tn17395,california,m,college,22103.5072,0.0,102.0,0,personal auto,suv,489.6
uo49439,oregon,m,college,5633.531703,90289.0,71.0,1,personal auto,four-door car,22.193348
jk13254,oregon,m,bachelor,4237.370769,29465.0,118.0,1,personal auto,suv,566.4
bl29240,oregon,m,bachelor,2858.287371,81893.0,73.0,3,corporate auto,four-door car,151.381353
ip81759,nevada,m,high school or below,9366.816281,60613.0,240.0,0,personal auto,luxury,1152.0
dy18947,arizona,f,high school or below,9152.489511,60423.0,114.0,0,personal auto,four-door car,137.611531
py98041,oregon,m,bachelor,5406.876611,27166.0,71.0,0,personal auto,four-door car,340.8
gp99578,nevada,f,high school or below,7086.176012,0.0,196.0,0,personal auto,luxury,1644.690622
qb15706,washington,f,college,17288.55405,0.0,158.0,0,special auto,suv,758.4
py42157,washington,f,high school or below,2472.253893,62006.0,61.0,0,personal auto,four-door car,292.8
fm38725,oregon,f,high school or below,2432.169223,0.0,69.0,0,personal auto,four-door car,764.201478
qx84402,california,f,college,25464.82059,13663.0,97.0,0,corporate auto,four-door car,465.6
dh95491,california,m,high school or below,2229.361773,0.0,61.0,0,personal auto,four-door car,292.8
jh36501,arizona,m,doctor,2507.884662,97673.0,63.0,0,personal auto,four-door car,178.762806
dg46291,nevada,f,high school or below,9500.08167,96276.0,117.0,0,personal auto,four-door car,553.50361
ly14355,washington,f,high school or below,2935.988346,73847.0,73.0,1,personal auto,two-door car,350.4
au94279,california,m,high school or below,5493.02213,24976.0,72.0,1,personal auto,two-door car,566.199335
ag62140,california,f,college,5386.325174,33716.0,68.0,1,personal auto,four-door car,349.431986
yk66939,arizona,f,college,4384.854616,23480.0,117.0,0,personal auto,suv,842.4
ba75404,oregon,f,doctor,5789.8509,77221.0,71.0,0,personal auto,four-door car,259.591385
zg10765,nevada,f,bachelor,5678.050167,0.0,76.0,0,personal auto,four-door car,364.8
ta22923,arizona,m,master,4944.240345,40463.0,61.0,0,personal auto,four-door car,292.8
om55336,nevada,m,college,7507.455372,60920.0,64.0,0,personal auto,two-door car,231.201886
mb60322,arizona,f,doctor,5332.462694,68931.0,66.0,0,special auto,four-door car,309.577946
fs97588,oregon,f,bachelor,5475.337618,88251.0,68.0,0,personal auto,four-door car,267.214383
ox73233,oregon,f,college,2274.647023,0.0,65.0,0,corporate auto,two-door car,468.0
kr25511,washington,m,high school or below,6005.214792,26876.0,76.0,0,corporate auto,four-door car,364.8
pe39479,washington,m,college,18321.41903,88592.0,76.0,0,corporate auto,four-door car,199.79727
ao46433,california,f,bachelor,8078.53085,0.0,114.0,1,personal auto,four-door car,547.2
cd71502,arizona,m,high school or below,3664.22055,0.0,103.0,0,personal auto,suv,642.773149
zs94723,arizona,f,high school or below,2960.029328,0.0,82.0,0,personal auto,four-door car,590.4
ev32492,arizona,m,bachelor,2496.167004,49136.0,64.0,0,personal auto,four-door car,307.2
iw27109,oregon,m,college,4650.68277,0.0,68.0,0,personal auto,two-door car,722.877299
xx37955,nevada,m,college,14002.37819,67627.0,117.0,0,corporate auto,suv,561.6
mo68226,california,f,college,7462.926263,70263.0,93.0,0,personal auto,two-door car,7.345946
hy86417,arizona,f,college,3653.703458,74126.0,90.0,0,corporate auto,two-door car,478.751065
wi14444,california,f,high school or below,5638.543833,74286.0,70.0,0,personal auto,two-door car,277.585067
xc72555,oregon,f,high school or below,4475.05212,97949.0,112.0,3,personal auto,suv,324.812083
sz37147,california,m,bachelor,2719.853023,41005.0,70.0,0,personal auto,four-door car,336.0
hf44881,arizona,m,high school or below,4542.405346,29875.0,119.0,1,corporate auto,luxury,571.2
ga98025,arizona,m,bachelor,12875.59874,26121.0,119.0,0,personal auto,suv,754.115474
lo57874,oregon,m,bachelor,2300.691547,25905.0,63.0,0,corporate auto,four-door car,302.4
vj83206,california,m,college,8364.559003,72117.0,70.0,0,personal auto,four-door car,106.737787
cv35709,oregon,f,high school or below,14024.35839,81872.0,115.0,0,corporate auto,four-door car,256.43803
vx67206,oregon,f,bachelor,27789.69235,33806.0,89.0,0,corporate auto,four-door car,395.729716
wy38315,california,m,college,3588.926491,0.0,106.0,0,personal auto,suv,763.2
ay52869,california,m,college,4386.277558,10621.0,67.0,0,personal auto,four-door car,321.6
pt29055,oregon,f,bachelor,6647.846187,0.0,65.0,0,personal auto,four-door car,312.0
hf62608,oregon,f,college,6753.428413,44213.0,85.0,0,personal auto,four-door car,77.523904
pj54354,california,m,bachelor,4762.823136,0.0,65.0,0,personal auto,four-door car,366.212945
vw13019,nevada,f,college,4904.894731,12902.0,139.0,0,corporate auto,luxury,667.2
py80506,oregon,m,high school or below,4764.861739,78757.0,119.0,3,personal auto,luxury,383.797363
cf46699,oregon,m,bachelor,3567.503755,0.0,102.0,0,personal auto,suv,660.430456
sf15712,oregon,m,high school or below,3903.802262,51833.0,99.0,0,personal auto,four-door car,190.509609
mx69639,california,f,high school or below,10442.43404,30786.0,90.0,0,personal auto,four-door car,28.649762
ez41764,california,m,bachelor,2498.963061,76792.0,62.0,0,personal auto,four-door car,297.6
bd58297,california,f,bachelor,2862.563059,76356.0,71.0,2,personal auto,two-door car,340.8
fm55990,california,m,college,5989.773931,66839.0,154.0,0,personal auto,luxury,739.2
lz89104,oregon,m,high school or below,7143.035873,59789.0,90.0,0,personal auto,four-door car,527.539078
ci38330,washington,m,bachelor,2549.786069,72217.0,64.0,0,personal auto,four-door car,91.146661
nt15165,california,f,bachelor,12047.775,43324.0,101.0,0,corporate auto,two-door car,284.667612
rq77476,oregon,m,bachelor,20461.1545,87502.0,102.0,0,personal auto,four-door car,421.111226
qb15345,california,f,high school or below,2781.589027,0.0,74.0,0,personal auto,four-door car,532.8
dx65548,arizona,f,college,4834.710493,38713.0,66.0,4,personal auto,four-door car,316.8
ri52095,washington,m,high school or below,7610.540153,51878.0,66.0,1,personal auto,four-door car,316.8
rk76184,arizona,m,college,2159.251473,0.0,61.0,0,personal auto,four-door car,292.8
eh86912,california,m,college,8420.43119,28617.0,112.0,0,personal auto,suv,797.595611
tj90326,california,f,doctor,13530.02906,75037.0,85.0,2,personal auto,four-door car,180.555113
es93923,oregon,f,bachelor,8798.312515,24550.0,111.0,0,personal auto,four-door car,536.00374
by23642,arizona,f,bachelor,4595.043966,0.0,64.0,0,personal auto,two-door car,460.8
cv64725,california,m,high school or below,6545.802896,55366.0,86.0,2,personal auto,four-door car,455.714395
rn56430,nevada,f,high school or below,5443.761524,41449.0,69.0,1,personal auto,two-door car,331.2
pd32052,california,m,high school or below,7957.630101,51125.0,67.0,0,personal auto,four-door car,430.29174
yg87460,arizona,m,college,2444.741307,0.0,71.0,1,personal auto,four-door car,244.587596
bn90616,washington,f,bachelor,8590.334983,63110.0,72.0,0,personal auto,four-door car,68.179721
bh36973,oregon,f,college,2730.3538,63401.0,68.0,0,personal auto,four-door car,202.938048
qn76156,oregon,f,college,2925.726685,30752.0,73.0,0,personal auto,four-door car,400.294003
zj15114,california,m,high school or below,5331.737284,60986.0,67.0,0,corporate auto,four-door car,417.781693
cm84035,arizona,m,college,11320.82704,41692.0,101.0,1,corporate auto,four-door car,245.968629
tz22914,oregon,m,master,5130.823951,12940.0,68.0,0,personal auto,two-door car,268.1726
mw80236,washington,m,master,7919.832069,0.0,70.0,0,personal auto,four-door car,336.0
wo89464,oregon,m,bachelor,2619.337376,78618.0,66.0,0,personal auto,two-door car,225.578841
mk56815,california,m,college,9591.232645,54538.0,119.0,0,personal auto,four-door car,507.799325
lj64287,nevada,m,high school or below,4196.652176,0.0,64.0,1,personal auto,two-door car,774.737185
uk86050,arizona,f,high school or below,7887.964945,76590.0,65.0,0,personal auto,four-door car,183.293091
tq24692,oregon,m,high school or below,8676.698631,76214.0,72.0,0,special auto,four-door car,202.81373
qo16222,california,f,college,6383.611136,0.0,196.0,2,personal auto,luxury,2327.166394
su86402,arizona,f,high school or below,6568.75877,25876.0,83.0,0,personal auto,two-door car,398.4
ci95726,nevada,f,high school or below,3644.833554,82477.0,90.0,0,personal auto,two-door car,432.0
je98863,arizona,f,bachelor,3910.697956,58713.0,98.0,0,special auto,four-door car,470.4
dd89544,arizona,m,bachelor,18704.85055,64929.0,240.0,3,corporate auto,luxury,1261.672708
hk28125,california,m,high school or below,24337.38181,0.0,85.0,1,personal auto,four-door car,612.0
vt52978,nevada,m,high school or below,12547.42888,32857.0,105.0,0,corporate auto,four-door car,504.0
du66620,nevada,m,college,4582.685265,19065.0,61.0,0,personal auto,two-door car,292.8
yc83239,washington,f,bachelor,2864.093984,0.0,83.0,0,personal auto,two-door car,825.29011
vs40267,california,m,high school or below,30850.58677,25503.0,115.0,0,personal auto,suv,552.0
wj55369,arizona,m,high school or below,7366.093547,30250.0,93.0,0,personal auto,four-door car,398.100233
mz23183,oregon,m,bachelor,4224.832303,0.0,63.0,0,personal auto,four-door car,453.6
dv58197,california,f,bachelor,8256.2978,62902.0,69.0,0,personal auto,two-door car,159.383042
rz97514,oregon,f,master,7498.824515,0.0,66.0,0,personal auto,four-door car,316.8
et90029,arizona,f,doctor,25626.70699,14278.0,134.0,0,personal auto,luxury,346.319404
sd21312,nevada,m,college,5989.773931,66839.0,154.0,0,personal auto,luxury,739.2
fg31425,arizona,f,college,2530.810167,37811.0,63.0,0,special auto,four-door car,365.002909
fa15338,arizona,m,high school or below,13569.24071,20978.0,70.0,0,personal auto,two-door car,336.0
hd53787,california,f,college,13113.13865,28519.0,86.0,0,personal auto,two-door car,412.8
me11422,california,m,college,5085.023369,0.0,72.0,1,personal auto,four-door car,571.531582
qn36109,nevada,f,master,4554.557242,85140.0,118.0,4,personal auto,suv,88.17994
ul80763,oregon,f,doctor,4014.453113,37384.0,99.0,0,personal auto,four-door car,475.2
dh61947,oregon,m,bachelor,2863.043304,0.0,79.0,0,personal auto,two-door car,168.89233
qx54905,nevada,f,college,7200.664877,0.0,66.0,0,corporate auto,four-door car,316.8
xq39498,oregon,m,high school or below,30909.22228,57659.0,111.0,0,personal auto,four-door car,756.37287
fq51281,oregon,f,bachelor,8170.621997,95241.0,68.0,1,personal auto,four-door car,87.803087
na45983,arizona,m,college,2877.813846,38870.0,74.0,0,special auto,four-door car,145.365072
lc23144,california,f,high school or below,8478.30421,13870.0,109.0,0,personal auto,suv,550.430985
sg54382,arizona,m,bachelor,8646.547993,25964.0,76.0,2,corporate auto,four-door car,364.8
xh54129,california,f,high school or below,4755.762589,72193.0,118.0,0,personal auto,four-door car,552.646907
qd28391,washington,m,college,7425.845305,84302.0,62.0,0,personal auto,four-door car,76.609295
hx55735,nevada,f,bachelor,4462.997006,0.0,73.0,3,personal auto,two-door car,350.4
ai49712,washington,f,high school or below,2593.897887,0.0,72.0,0,personal auto,four-door car,345.6
ym53951,oregon,m,college,6006.441801,39482.0,77.0,0,corporate auto,four-door car,277.907701
jo77924,oregon,m,high school or below,10010.14003,66371.0,125.0,0,personal auto,suv,43.098747
ez20115,california,m,bachelor,26305.41541,35300.0,74.0,0,personal auto,four-door car,225.518065
dd88614,california,f,doctor,7096.598526,67735.0,88.0,0,corporate auto,four-door car,3.4637
bo21461,california,m,college,2859.799774,98879.0,73.0,1,personal auto,four-door car,108.667642
ex13440,oregon,m,high school or below,29589.94128,0.0,108.0,0,corporate auto,suv,777.6
ub87714,oregon,m,master,9667.129686,72885.0,124.0,2,personal auto,suv,233.676034
vw84197,oregon,f,bachelor,21941.85759,26378.0,70.0,1,personal auto,four-door car,147.795699
hp56518,oregon,m,bachelor,5548.031892,67798.0,69.0,0,personal auto,four-door car,331.2
sp81997,washington,f,master,7752.933281,41275.0,96.0,0,personal auto,four-door car,41.122303
vh66357,california,m,college,2769.72527,39646.0,70.0,0,personal auto,four-door car,279.714859
im30965,oregon,m,high school or below,2545.070274,71868.0,65.0,0,corporate auto,four-door car,312.0
tq37204,oregon,f,high school or below,8629.329351,59107.0,107.0,0,personal auto,suv,480.521227
nn54114,arizona,m,bachelor,4915.39018,0.0,70.0,0,personal auto,four-door car,504.0
bi27443,arizona,f,college,4896.562733,36428.0,124.0,0,personal auto,suv,559.412583
wl86517,nevada,f,doctor,4013.959621,93284.0,99.0,0,personal auto,two-door car,475.2
hw40931,oregon,f,college,10834.86984,34612.0,91.0,1,special auto,four-door car,655.2
nn44758,arizona,f,high school or below,4669.22664,76157.0,116.0,0,personal auto,two-door car,556.8
nq18750,oregon,m,college,29577.28414,0.0,106.0,0,personal auto,two-door car,763.2
gc34791,nevada,m,high school or below,9259.729948,17109.0,62.0,0,personal auto,two-door car,297.6
sy22123,california,f,college,6300.440231,29539.0,85.0,0,personal auto,four-door car,408.0
dy17416,oregon,m,college,6031.518652,49539.0,79.0,0,personal auto,two-door car,286.938064
ke57057,california,f,high school or below,2300.334605,0.0,66.0,1,corporate auto,four-door car,475.2
at24793,oregon,m,college,6863.124573,25352.0,173.0,0,special auto,luxury,830.4
sl71998,oregon,m,college,2797.759849,63223.0,71.0,0,personal auto,two-door car,397.622116
ap66226,nevada,m,bachelor,4479.494223,18505.0,66.0,4,personal auto,four-door car,316.8
hi91534,california,f,college,4571.509384,91485.0,114.0,0,personal auto,suv,392.925712
tk61994,oregon,f,college,6104.501453,18690.0,80.0,0,personal auto,four-door car,18.192921
cw35098,washington,m,college,3297.904615,0.0,91.0,0,personal auto,two-door car,655.2
wx30852,arizona,f,bachelor,2639.982596,69819.0,66.0,0,personal auto,four-door car,21.00736
sk69036,california,m,bachelor,13780.48818,25708.0,118.0,0,personal auto,four-door car,566.4
yi79084,nevada,m,doctor,3702.63121,33738.0,95.0,0,personal auto,two-door car,541.755353
kf46546,arizona,f,bachelor,5789.352696,75845.0,72.0,0,personal auto,four-door car,73.848672
ga71186,nevada,m,high school or below,13464.60289,83392.0,112.0,0,personal auto,suv,523.688037
kl65897,california,f,bachelor,6331.338496,0.0,87.0,0,personal auto,two-door car,94.714302
cf15086,california,m,college,3838.113442,76375.0,96.0,0,personal auto,four-door car,138.423414
hg40729,oregon,m,college,11274.91011,0.0,114.0,0,personal auto,four-door car,820.8
vp55618,california,m,college,6052.003301,32330.0,79.0,1,corporate auto,four-door car,379.2
zl23478,california,f,bachelor,33451.7935,85689.0,92.0,0,corporate auto,four-door car,237.946822
ey75197,arizona,f,bachelor,5611.926939,0.0,158.0,0,personal auto,suv,1137.6
sf11920,arizona,f,college,5607.253592,39507.0,70.0,0,corporate auto,two-door car,283.743206
dy57308,california,f,bachelor,8835.159206,22373.0,112.0,0,personal auto,suv,419.750892
hp73832,california,f,college,3796.547659,20217.0,96.0,2,personal auto,four-door car,513.306893
wp58797,oregon,m,bachelor,3936.785538,19245.0,106.0,0,personal auto,suv,508.8
zm33786,arizona,f,high school or below,37150.82945,17774.0,108.0,0,personal auto,suv,116.257094
ly19199,oregon,m,bachelor,4815.532839,80355.0,62.0,1,corporate auto,two-door car,83.390706
ix60436,arizona,m,bachelor,2853.370449,65099.0,73.0,2,special auto,four-door car,350.4
uk29448,oregon,m,bachelor,2467.459952,0.0,73.0,0,personal auto,two-door car,525.6
qa49556,washington,m,master,5200.22777,23401.0,66.0,0,personal auto,four-door car,316.8
st78006,oregon,f,high school or below,4594.263722,0.0,63.0,1,personal auto,four-door car,139.331764
kd63903,arizona,m,college,8586.662939,0.0,118.0,0,personal auto,suv,566.4
gv62858,california,f,bachelor,4091.934934,38692.0,102.0,0,personal auto,four-door car,502.443591
dn66715,california,f,master,5181.620895,97131.0,64.0,0,personal auto,four-door car,307.2
lu30834,oregon,f,bachelor,14230.3242,78046.0,119.0,2,personal auto,suv,759.119999
hn35280,arizona,m,bachelor,2446.664534,82225.0,61.0,0,personal auto,two-door car,292.8
dg21323,california,f,high school or below,4758.564558,0.0,64.0,0,personal auto,four-door car,607.733606
kd16729,nevada,m,college,6645.928117,21144.0,86.0,0,personal auto,two-door car,391.446775
wo17738,oregon,f,high school or below,8717.851882,36645.0,112.0,0,corporate auto,four-door car,614.082146
vb22338,nevada,m,high school or below,4110.620178,31842.0,108.0,0,special auto,suv,406.348084
ju66696,california,f,master,9810.407902,0.0,131.0,0,corporate auto,luxury,628.8
ae60813,oregon,f,college,4993.025273,75090.0,63.0,1,personal auto,four-door car,101.34165
as99827,oregon,f,bachelor,4463.607161,0.0,62.0,0,personal auto,four-door car,567.343266
xq80738,oregon,f,high school or below,2895.213818,72014.0,72.0,0,personal auto,four-door car,188.204234
kx82226,arizona,m,high school or below,3185.17031,13512.0,92.0,0,personal auto,two-door car,441.6
ma43940,oregon,m,high school or below,9343.198788,75909.0,117.0,0,special auto,luxury,561.6
jl93248,oregon,f,high school or below,7296.535053,18884.0,64.0,0,personal auto,four-door car,307.2
py98628,arizona,m,high school or below,5568.947534,0.0,79.0,1,personal auto,two-door car,407.440238
gx32768,oregon,f,bachelor,7627.026893,0.0,74.0,1,corporate auto,four-door car,807.279979
am89558,nevada,m,college,4636.54647,26802.0,66.0,1,corporate auto,two-door car,316.8
el41362,california,f,college,5329.12883,99839.0,66.0,0,personal auto,four-door car,468.203397
xk91603,california,f,college,2478.235474,24186.0,64.0,0,personal auto,four-door car,307.2
mg77033,california,m,college,5522.769962,46971.0,69.0,0,corporate auto,four-door car,120.109061
om70085,oregon,f,bachelor,8586.528213,0.0,83.0,0,personal auto,four-door car,483.577807
nb57112,oregon,f,bachelor,8104.503269,0.0,117.0,1,personal auto,luxury,842.4
wh60140,arizona,m,bachelor,2356.702311,0.0,69.0,0,personal auto,two-door car,496.8
fv92759,oregon,f,college,2004.350666,0.0,66.0,4,personal auto,four-door car,316.8
yw85018,nevada,m,bachelor,2810.464447,26790.0,71.0,0,personal auto,two-door car,340.8
by84257,arizona,m,college,2379.614363,0.0,71.0,0,special auto,four-door car,747.107317
jt69863,arizona,m,bachelor,2410.105206,16258.0,64.0,0,personal auto,two-door car,307.2
oe15600,california,m,college,2544.969754,91169.0,65.0,0,personal auto,two-door car,139.745936
bu81591,california,m,college,10153.88899,0.0,90.0,0,corporate auto,four-door car,432.0
xl44677,california,m,bachelor,2300.691547,25905.0,63.0,0,personal auto,four-door car,302.4
no73821,oregon,m,high school or below,10145.44091,44577.0,131.0,0,personal auto,suv,640.491537
vj24328,oregon,m,high school or below,2599.04158,53021.0,68.0,4,personal auto,four-door car,326.4
xw63353,oregon,m,high school or below,6689.022728,56980.0,84.0,0,personal auto,two-door car,599.000883
jz31045,california,f,college,2721.589169,97719.0,67.0,0,personal auto,four-door car,318.660896
um27359,arizona,m,bachelor,7524.88292,49530.0,63.0,0,personal auto,four-door car,278.24204
nd71187,arizona,m,master,9487.721906,56233.0,79.0,0,corporate auto,four-door car,558.746277
yr63096,nevada,f,high school or below,5977.78537,79140.0,74.0,0,corporate auto,four-door car,487.930161
sn21895,arizona,f,bachelor,6411.117312,13088.0,82.0,0,personal auto,four-door car,393.6
fy90924,arizona,f,high school or below,2944.180861,73601.0,73.0,0,personal auto,four-door car,339.938915
cn30964,california,f,bachelor,6685.797205,31517.0,84.0,2,personal auto,two-door car,604.8
bn14307,oregon,m,college,4692.660787,0.0,69.0,0,personal auto,two-door car,549.271947
xg35514,california,m,high school or below,4502.667305,0.0,69.0,2,personal auto,four-door car,496.8
rl28918,california,m,high school or below,16504.96173,42148.0,104.0,0,personal auto,suv,366.978793
sr74929,oregon,f,high school or below,9460.17545,0.0,133.0,0,personal auto,suv,1443.455106
hk93338,washington,f,high school or below,7931.722181,23769.0,69.0,0,personal auto,four-door car,470.097411
qr53727,arizona,f,high school or below,7974.390276,0.0,109.0,0,personal auto,suv,523.2
sq35375,oregon,f,doctor,5054.334903,22241.0,63.0,0,personal auto,four-door car,343.159148
ud77728,arizona,f,bachelor,5657.806998,23550.0,72.0,0,personal auto,four-door car,222.751524
gp13187,california,f,master,14917.33495,0.0,190.0,0,personal auto,luxury,1368.0
aq70619,california,m,high school or below,13046.65319,71024.0,65.0,1,corporate auto,four-door car,266.640638
ip65887,oregon,f,bachelor,38410.59556,71644.0,105.0,0,corporate auto,suv,504.0
ks98084,california,f,master,5069.071361,50363.0,63.0,0,personal auto,four-door car,12.744774
qu55718,california,f,bachelor,10978.7834,92914.0,136.0,0,personal auto,luxury,979.2
ts31417,washington,m,college,39769.55524,16645.0,117.0,0,personal auto,suv,696.9628
qg83213,california,m,college,6559.34766,0.0,94.0,0,personal auto,four-door car,451.2
sa40041,washington,f,bachelor,5749.883799,22814.0,73.0,0,personal auto,four-door car,360.773462
mc36247,oregon,m,bachelor,16473.16905,22828.0,106.0,0,personal auto,suv,508.8
fo13070,california,m,high school or below,5780.182197,51066.0,74.0,0,personal auto,four-door car,787.993313
vl97142,oregon,m,college,26200.83423,68507.0,110.0,0,personal auto,suv,140.196942
ci57475,arizona,f,college,3272.010846,0.0,87.0,0,personal auto,four-door car,626.4
kj19260,arizona,m,college,4682.249396,37929.0,61.0,0,corporate auto,four-door car,120.436587
gn93462,california,m,bachelor,6496.197101,89285.0,81.0,0,personal auto,four-door car,109.032565
qb86817,oregon,f,high school or below,7446.812516,98235.0,93.0,0,personal auto,four-door car,377.422029
az68072,oregon,f,bachelor,4549.337013,23650.0,61.0,2,personal auto,four-door car,14.095914
mz43298,california,f,bachelor,5200.076742,90167.0,131.0,0,corporate auto,suv,523.733793
ks12490,oregon,m,high school or below,10594.13249,64669.0,131.0,0,personal auto,luxury,628.8
tl18087,washington,m,bachelor,3059.282091,65083.0,77.0,0,personal auto,four-door car,369.6
zt18953,oregon,f,bachelor,8181.715637,0.0,109.0,0,corporate auto,suv,523.2
ef13716,oregon,m,college,2697.328799,60462.0,68.0,1,personal auto,four-door car,216.934983
rn87402,california,f,college,10369.3874,0.0,69.0,0,corporate auto,four-door car,454.3585
rj40995,arizona,m,doctor,2491.317024,36631.0,62.0,0,personal auto,four-door car,67.530904
gb47529,oregon,f,high school or below,5396.372449,40308.0,136.0,0,corporate auto,luxury,652.8
mb63131,oregon,f,bachelor,4652.886703,0.0,64.0,1,corporate auto,four-door car,307.2
kn57002,arizona,m,bachelor,9015.915395,0.0,130.0,0,corporate auto,suv,936.0
dr68556,oregon,m,high school or below,7857.357595,85067.0,65.0,0,personal auto,four-door car,256.242825
cs70768,california,f,high school or below,6763.181497,0.0,64.0,0,personal auto,four-door car,460.8
xy33610,washington,m,college,15695.53941,97750.0,65.0,0,personal auto,four-door car,303.002922
lo17953,oregon,f,doctor,5219.199247,38704.0,65.0,0,personal auto,four-door car,9.716628
lz35469,california,f,bachelor,2582.408525,76731.0,64.0,0,personal auto,four-door car,201.455005
bm27144,california,f,college,7653.283759,57446.0,64.0,0,personal auto,four-door car,77.451706
ea14700,california,m,bachelor,4966.736817,0.0,73.0,0,personal auto,two-door car,525.6
fq70521,california,f,high school or below,8927.134298,96768.0,111.0,2,personal auto,four-door car,2.549986
oa99158,california,m,bachelor,21423.63723,0.0,65.0,0,corporate auto,two-door car,312.0
ys84064,arizona,m,bachelor,15481.25277,0.0,180.0,3,corporate auto,suv,1296.0
yd45065,oregon,f,college,8714.922135,0.0,118.0,0,personal auto,suv,566.4
oc88207,california,m,master,5577.237773,77265.0,69.0,0,special auto,two-door car,170.689399
il47644,oregon,f,high school or below,8860.654206,48736.0,111.0,0,personal auto,suv,285.84958
cw27031,washington,f,high school or below,13450.95561,0.0,126.0,0,corporate auto,suv,907.2
xx44146,california,f,high school or below,6464.417095,0.0,89.0,0,personal auto,two-door car,640.8
lh26131,nevada,f,high school or below,3876.772694,0.0,108.0,0,personal auto,two-door car,1099.233361
hu94030,arizona,f,high school or below,10103.65572,46667.0,129.0,1,corporate auto,suv,59.526095
gp39118,washington,m,high school or below,4996.552721,71600.0,63.0,0,personal auto,two-door car,46.158117
ql80658,arizona,m,high school or below,3934.712712,84229.0,98.0,0,personal auto,four-door car,470.4
lu63980,nevada,m,college,2219.995914,0.0,62.0,0,personal auto,two-door car,297.6
hq41200,oregon,f,college,7974.949597,26118.0,101.0,0,personal auto,four-door car,484.8
dz81394,oregon,f,high school or below,8708.018769,0.0,118.0,0,personal auto,suv,1380.107186
in41344,washington,m,college,2907.363467,24049.0,74.0,0,personal auto,four-door car,491.446146
qj22615,arizona,f,master,4881.299084,37998.0,61.0,0,special auto,four-door car,292.8
fj24418,arizona,f,doctor,3652.666261,0.0,95.0,0,personal auto,four-door car,456.0
jr45097,oregon,m,college,12779.89903,0.0,184.0,0,personal auto,luxury,1394.849254
dt82702,arizona,f,college,7200.664877,0.0,66.0,0,personal auto,four-door car,316.8
me87834,oregon,m,bachelor,4219.02412,62396.0,107.0,0,personal auto,suv,693.414133
db91647,california,m,college,5816.712126,99239.0,74.0,0,personal auto,four-door car,379.37884
um44109,oregon,m,college,7908.452072,94303.0,65.0,0,personal auto,four-door car,149.688222
rt22532,arizona,m,bachelor,3954.344534,18375.0,103.0,0,personal auto,luxury,535.080276
du60004,nevada,f,college,3560.628183,76769.0,88.0,0,corporate auto,four-door car,170.106831
xr17548,oregon,m,high school or below,5064.127663,78735.0,63.0,1,personal auto,four-door car,225.558918
vr14881,oregon,m,bachelor,8489.843197,0.0,130.0,0,personal auto,luxury,624.0
fs81127,california,f,bachelor,2425.29505,0.0,67.0,1,corporate auto,four-door car,426.006858
vd19899,california,f,doctor,27542.36956,50494.0,114.0,0,personal auto,two-door car,491.322893
sp93911,california,f,high school or below,8828.933996,86721.0,110.0,1,corporate auto,two-door car,372.594847
gh49378,california,f,bachelor,5059.325681,67371.0,63.0,0,personal auto,four-door car,86.599774
mz30958,nevada,m,high school or below,6715.59268,21835.0,90.0,0,corporate auto,two-door car,432.0
fu55433,arizona,m,high school or below,2671.817549,62452.0,67.0,0,corporate auto,two-door car,407.776546
sz14518,california,f,college,8098.96921,0.0,72.0,0,personal auto,four-door car,518.4
xi58886,california,m,high school or below,2795.546288,69809.0,70.0,0,personal auto,two-door car,111.823103
nl17031,washington,m,high school or below,2972.459706,0.0,84.0,0,personal auto,two-door car,604.8
ob32861,nevada,m,high school or below,6288.156817,0.0,84.0,0,special auto,two-door car,403.2
az84403,oregon,f,college,61850.18803,0.0,238.0,0,personal auto,luxury,1142.4
pu34934,arizona,f,college,10394.36269,22601.0,88.0,0,personal auto,four-door car,633.6
wx87964,washington,m,high school or below,4935.189986,29560.0,62.0,0,personal auto,four-door car,297.6
vi12468,oregon,f,bachelor,35013.54166,0.0,133.0,0,personal auto,suv,532.747291
rc44077,california,m,bachelor,2810.464447,26790.0,71.0,0,personal auto,two-door car,340.8
zq48144,california,f,bachelor,3636.943738,34986.0,91.0,0,corporate auto,four-door car,73.839514
ma83261,arizona,m,high school or below,2785.418107,66378.0,71.0,0,corporate auto,two-door car,158.000332
er63193,california,f,high school or below,7715.103608,48784.0,96.0,0,corporate auto,four-door car,252.076899
xz34917,washington,m,bachelor,5643.802354,41043.0,72.0,0,personal auto,four-door car,345.6
wh36754,oregon,f,college,19088.34203,32775.0,61.0,0,personal auto,four-door car,251.886847
zg90341,oregon,m,bachelor,9156.272726,61200.0,118.0,0,personal auto,four-door car,566.4
kr82385,california,m,master,5454.587929,66334.0,69.0,0,personal auto,two-door car,331.2
mc48570,arizona,f,doctor,2470.441268,18661.0,62.0,0,personal auto,two-door car,196.879475
mp13698,oregon,f,college,7809.855966,0.0,111.0,0,personal auto,two-door car,532.8
je84351,oregon,m,bachelor,6938.874476,53133.0,91.0,0,personal auto,two-door car,652.386798
bu72276,california,f,bachelor,5318.89664,25134.0,67.0,0,personal auto,four-door car,321.6
dc78147,arizona,m,college,13727.79972,0.0,126.0,0,personal auto,suv,604.8
db17162,arizona,m,high school or below,5363.405969,64324.0,67.0,0,personal auto,four-door car,321.6
tg97744,oregon,f,bachelor,3265.156348,25820.0,82.0,0,corporate auto,four-door car,393.6
qt26393,california,m,bachelor,2446.911045,29152.0,67.0,0,personal auto,two-door car,255.079807
ug49716,washington,f,college,4196.689511,0.0,114.0,0,personal auto,luxury,1182.289213
hf11584,arizona,m,master,12913.49818,62448.0,107.0,0,personal auto,suv,513.6
ms87381,california,f,high school or below,23866.15656,0.0,81.0,1,personal auto,four-door car,388.8
yu79270,arizona,m,college,4633.336334,27132.0,63.0,1,personal auto,four-door car,302.4
hu81007,oregon,f,bachelor,8196.077584,21706.0,108.0,0,personal auto,suv,518.4
xh53960,arizona,f,bachelor,2167.330201,0.0,61.0,0,personal auto,four-door car,439.2
mm62953,arizona,m,high school or below,5619.849825,66620.0,70.0,0,personal auto,four-door car,336.0
da74095,arizona,f,bachelor,6102.307214,42800.0,153.0,1,personal auto,luxury,734.4
qd46343,arizona,f,high school or below,3919.366722,66676.0,97.0,0,personal auto,four-door car,558.099357
fr17176,arizona,f,high school or below,14944.83656,0.0,68.0,0,personal auto,four-door car,326.4
wy26014,california,f,high school or below,10819.999,37433.0,90.0,0,personal auto,four-door car,410.391616
ry32848,oregon,m,doctor,15839.08876,44930.0,132.0,0,personal auto,suv,111.049063
jg83987,arizona,f,bachelor,6451.263836,30857.0,81.0,0,personal auto,two-door car,309.161777
mq48266,arizona,f,bachelor,5564.957596,46507.0,73.0,4,personal auto,two-door car,325.569334
ea68909,california,m,bachelor,2444.896824,48473.0,63.0,0,personal auto,four-door car,302.4
kp51068,oregon,m,bachelor,2640.58732,59961.0,68.0,0,personal auto,four-door car,291.91645
cm78608,california,f,high school or below,5823.162917,88359.0,73.0,0,personal auto,two-door car,35.915639
tz11597,california,m,college,5755.539367,97607.0,71.0,0,personal auto,two-door car,60.021023
gs76685,california,m,high school or below,10408.96865,20228.0,101.0,1,corporate auto,suv,523.815839
br40272,california,m,college,8247.952072,49009.0,105.0,0,personal auto,four-door car,504.0
fx36546,washington,m,master,3679.142115,60804.0,92.0,0,personal auto,four-door car,213.225001
fy31714,oregon,m,bachelor,16331.43396,78374.0,82.0,0,personal auto,four-door car,206.95076
gl99349,california,m,high school or below,20474.14563,95621.0,66.0,5,personal auto,two-door car,351.877002
hh49391,oregon,m,high school or below,9414.943031,15741.0,132.0,0,special auto,suv,633.6
wg26617,oregon,m,bachelor,9732.584122,38279.0,82.0,0,personal auto,two-door car,64.396979
jl97265,oregon,m,master,4611.2543,0.0,61.0,0,personal auto,four-door car,292.8
qq25666,arizona,m,high school or below,14510.7505,60120.0,182.0,0,personal auto,luxury,716.469391
ve72838,arizona,f,high school or below,13770.97618,59207.0,116.0,0,personal auto,four-door car,556.8
zn27809,oregon,f,college,8083.541953,0.0,116.0,0,personal auto,suv,820.018767
iz71030,california,f,college,2570.190941,69446.0,64.0,1,personal auto,four-door car,26.731452
lu79958,washington,f,bachelor,2273.62059,0.0,73.0,4,personal auto,four-door car,801.022368
kt30737,california,m,college,3995.358195,0.0,119.0,0,corporate auto,suv,856.8
iu32539,california,f,bachelor,7282.221435,50886.0,95.0,1,personal auto,two-door car,620.10464
ui73924,oregon,f,bachelor,2469.56901,55257.0,64.0,3,personal auto,two-door car,209.596158
rz89359,california,f,college,2450.625315,61883.0,62.0,0,personal auto,four-door car,18.077998
ce21829,oregon,m,college,10856.17638,37233.0,136.0,0,personal auto,suv,242.545602
bu17847,arizona,m,master,9075.768214,37722.0,116.0,0,personal auto,luxury,158.077504
xa63646,california,f,master,4654.582368,81883.0,114.0,0,personal auto,four-door car,376.002146
ea40332,oregon,m,bachelor,15394.8718,35822.0,197.0,0,personal auto,suv,1404.868905
kb75939,oregon,f,bachelor,9421.101961,23059.0,126.0,0,corporate auto,luxury,95.845811
pr98117,oregon,f,bachelor,2640.515863,97666.0,66.0,0,personal auto,four-door car,136.27248
ze62067,arizona,m,master,8509.850887,26057.0,74.0,0,corporate auto,four-door car,523.888845
au45793,arizona,m,doctor,3436.134281,30817.0,88.0,0,corporate auto,four-door car,91.834668
re29131,oregon,f,college,4349.30875,75648.0,108.0,0,personal auto,suv,112.660916
fz19620,oregon,m,high school or below,9672.701942,0.0,96.0,0,corporate auto,four-door car,1120.677126
hm93220,arizona,f,high school or below,15266.48446,25852.0,135.0,1,personal auto,luxury,648.0
bo94261,arizona,m,doctor,7550.867469,0.0,68.0,1,personal auto,four-door car,100.212651
tc18805,washington,m,bachelor,9939.255085,13207.0,137.0,2,personal auto,suv,392.920864
uq24268,oregon,f,high school or below,14962.37103,0.0,82.0,0,personal auto,four-door car,393.6
nf25863,nevada,m,high school or below,7887.82202,32150.0,98.0,0,personal auto,two-door car,470.4
fd98839,oregon,m,college,2894.327413,52674.0,73.0,0,personal auto,two-door car,166.5492
fn99437,california,m,college,4397.781207,91653.0,111.0,0,corporate auto,suv,343.98412
dz35379,arizona,f,high school or below,5781.015999,69512.0,72.0,0,personal auto,two-door car,196.977247
ia67715,california,f,high school or below,7720.155885,67332.0,192.0,0,personal auto,luxury,921.6
jg61793,washington,m,high school or below,3046.248976,0.0,98.0,2,personal auto,four-door car,705.6
cr41258,nevada,m,college,2590.321715,53304.0,65.0,0,personal auto,four-door car,116.322725
be75190,california,m,college,10155.30044,28754.0,89.0,0,corporate auto,four-door car,427.2
ew16697,arizona,f,high school or below,2552.00081,50201.0,64.0,0,personal auto,two-door car,99.894584
hi60054,california,f,bachelor,9404.447425,51593.0,80.0,2,personal auto,two-door car,202.905809
mu57098,oregon,f,bachelor,5678.050167,0.0,76.0,0,personal auto,four-door car,364.8
wb21698,california,f,high school or below,3723.114445,31974.0,92.0,0,personal auto,four-door car,388.135527
mu75490,oregon,m,bachelor,8417.102804,31756.0,107.0,0,corporate auto,suv,415.850776
ua44429,california,f,college,2520.028421,0.0,68.0,0,personal auto,four-door car,326.4
pp64004,nevada,f,bachelor,8186.308757,20369.0,105.0,0,personal auto,suv,1126.65778
fi77477,washington,m,college,4229.923123,0.0,126.0,0,personal auto,suv,907.2
nt40494,california,f,high school or below,5074.246068,66933.0,63.0,0,personal auto,four-door car,160.52105
ym98727,california,f,high school or below,12981.52926,39843.0,109.0,1,personal auto,four-door car,523.2
nt77164,arizona,m,doctor,2744.172816,16686.0,71.0,0,personal auto,four-door car,125.510669
il91509,oregon,f,bachelor,13226.22345,0.0,190.0,1,special auto,luxury,1398.023248
ps47550,california,f,high school or below,13178.43163,80237.0,108.0,0,personal auto,suv,776.601764
pk66498,california,m,high school or below,8793.521303,72897.0,73.0,0,personal auto,two-door car,507.709291
ng93751,california,m,bachelor,3245.332058,46435.0,82.0,0,corporate auto,two-door car,350.325879
kl84615,arizona,m,high school or below,4624.622593,0.0,68.0,2,personal auto,four-door car,469.278843
ap27994,oregon,f,high school or below,4372.490855,23124.0,112.0,0,special auto,luxury,537.6
tp20456,arizona,m,high school or below,9090.269181,45310.0,229.0,0,personal auto,luxury,1550.375183
ob21477,oregon,m,college,10777.56762,53437.0,91.0,0,personal auto,two-door car,436.8
lh80781,washington,f,college,5007.224298,0.0,73.0,1,personal auto,four-door car,655.791955
uu70820,arizona,f,college,5867.12642,27880.0,74.0,0,personal auto,four-door car,199.444294
er66372,california,f,bachelor,14914.53488,45963.0,63.0,2,personal auto,four-door car,302.4
xd81935,oregon,f,bachelor,5107.163002,35625.0,65.0,1,personal auto,four-door car,288.572108
at30076,nevada,f,high school or below,3536.64749,31727.0,92.0,0,personal auto,four-door car,495.750669
ew34576,arizona,f,high school or below,2839.796453,53071.0,72.0,0,corporate auto,four-door car,386.225897
xc14741,california,m,high school or below,2939.939038,97735.0,73.0,0,corporate auto,four-door car,188.667196
pg84165,california,m,high school or below,2776.629135,0.0,77.0,0,personal auto,four-door car,554.4
cn16311,oregon,f,master,5476.527832,52218.0,68.0,0,corporate auto,four-door car,33.781673
tz19823,california,f,bachelor,3265.156348,25820.0,82.0,0,personal auto,four-door car,393.6
nc34154,california,f,high school or below,8066.073765,17950.0,71.0,2,special auto,two-door car,340.8
lq50657,arizona,f,high school or below,3644.833554,82477.0,90.0,0,personal auto,two-door car,432.0
jl16084,arizona,f,college,6611.118163,0.0,95.0,0,personal auto,four-door car,564.302867
cj81391,oregon,m,college,7582.113842,64801.0,64.0,0,personal auto,four-door car,268.471802
wq89892,washington,f,college,2607.81554,0.0,70.0,1,special auto,two-door car,336.0
jw70372,arizona,f,doctor,7124.202899,61233.0,89.0,2,personal auto,four-door car,181.287697
aw17574,nevada,f,bachelor,9435.540893,0.0,129.0,0,corporate auto,suv,628.366119
gl66847,arizona,f,bachelor,8256.2978,62902.0,69.0,0,personal auto,two-door car,159.383042
dc62428,arizona,m,high school or below,5091.101225,20244.0,65.0,0,personal auto,four-door car,312.0
kr54589,california,f,high school or below,5881.813596,86812.0,73.0,0,personal auto,four-door car,45.472477
bc47264,california,f,college,7684.887717,62192.0,98.0,0,special auto,two-door car,243.292609
sn58128,oregon,f,college,10396.53186,34948.0,130.0,0,personal auto,suv,443.786437
td97297,oregon,m,bachelor,8545.608946,35456.0,109.0,0,personal auto,luxury,505.082702
tk13024,oregon,m,college,4408.071476,80640.0,111.0,0,personal auto,suv,313.270725
lr97507,arizona,m,high school or below,2562.843896,0.0,74.0,0,corporate auto,four-door car,663.423782
kc14861,oregon,m,high school or below,14886.70602,91193.0,185.0,1,personal auto,luxury,1.587888
dc37886,arizona,f,high school or below,24338.51185,73692.0,67.0,0,personal auto,two-door car,24.843535
sp56326,arizona,f,high school or below,7452.998789,12195.0,101.0,0,personal auto,four-door car,670.581817
oq99704,washington,f,bachelor,3981.775889,52801.0,100.0,0,personal auto,suv,475.20088
gq92754,nevada,m,college,16060.06949,0.0,87.0,0,personal auto,four-door car,417.6
dx28320,california,f,high school or below,5111.357987,0.0,72.0,2,personal auto,four-door car,594.683752
bm83544,arizona,f,bachelor,7439.978924,0.0,108.0,0,personal auto,suv,518.4
yb96664,washington,m,bachelor,4974.801539,75644.0,65.0,3,corporate auto,two-door car,467.803638
ro90746,california,f,high school or below,17816.68242,60192.0,220.0,0,personal auto,luxury,1056.0
uv46349,oregon,f,bachelor,6238.054416,0.0,90.0,2,personal auto,four-door car,134.442783
my32188,oregon,m,bachelor,2682.912454,0.0,74.0,0,corporate auto,two-door car,355.2
ov87950,california,m,college,2837.163399,29242.0,73.0,0,personal auto,two-door car,350.4
zg82132,oregon,f,bachelor,4118.588554,69379.0,103.0,0,personal auto,two-door car,494.4
lz31103,oregon,f,college,2472.469209,63860.0,62.0,0,personal auto,four-door car,208.598246
ho79663,arizona,f,doctor,4139.533158,45281.0,104.0,1,personal auto,luxury,65.03063
rs57109,arizona,f,bachelor,4100.465956,51193.0,104.0,2,personal auto,two-door car,97.313649
na21420,oregon,f,bachelor,5278.201394,62074.0,67.0,0,corporate auto,four-door car,49.435556
my98825,california,f,bachelor,8056.898119,64304.0,68.0,0,corporate auto,two-door car,65.471028
vw73816,oregon,m,bachelor,9185.025301,73795.0,116.0,1,personal auto,suv,501.716934
fn66189,oregon,f,college,15417.73444,84376.0,96.0,0,personal auto,four-door car,43.578516
hu75748,arizona,f,high school or below,6829.413399,0.0,66.0,1,personal auto,two-door car,470.691875
os11465,oregon,m,high school or below,8500.909417,79153.0,106.0,0,special auto,suv,508.8
uy61913,oregon,m,college,8847.444221,17950.0,118.0,0,personal auto,suv,425.489592
od70577,arizona,f,college,2840.899849,0.0,80.0,1,personal auto,two-door car,962.526106
dc91024,oregon,m,bachelor,15984.52739,0.0,69.0,0,personal auto,two-door car,331.2
vq67172,oregon,f,college,18542.30074,0.0,72.0,0,corporate auto,four-door car,622.992063
mf23895,arizona,f,college,2609.829612,58139.0,65.0,1,corporate auto,four-door car,33.171413
aa10041,california,m,high school or below,7901.744238,0.0,113.0,0,personal auto,suv,1258.327804
dv36320,california,f,high school or below,17995.86532,80991.0,223.0,0,personal auto,luxury,937.327881
ue72026,california,f,college,5021.686245,69678.0,126.0,0,personal auto,luxury,306.818754
se78641,arizona,m,bachelor,4654.841089,0.0,67.0,0,personal auto,two-door car,577.385463
yc69616,arizona,f,college,2719.506996,14030.0,72.0,0,personal auto,two-door car,345.6
sm10254,oregon,f,bachelor,4726.869327,13037.0,124.0,0,personal auto,suv,839.348464
ag45299,california,m,college,8595.726399,76763.0,108.0,0,personal auto,suv,186.459607
ks45476,washington,f,high school or below,15626.28021,50461.0,131.0,0,personal auto,luxury,810.06514
no69427,california,m,high school or below,2797.674845,69604.0,70.0,0,corporate auto,four-door car,112.336604
ba52133,california,m,master,5344.989624,22908.0,68.0,0,personal auto,four-door car,387.774781
wt59944,california,f,college,17557.54051,68273.0,146.0,0,personal auto,luxury,76.475359
xv30885,california,m,college,4595.524548,95550.0,116.0,1,personal auto,suv,381.570261
lu79865,nevada,m,bachelor,5794.104234,88370.0,74.0,1,personal auto,four-door car,355.2
bl29046,oregon,f,doctor,5332.462694,68931.0,66.0,0,corporate auto,four-door car,309.577946
am34581,oregon,f,bachelor,6680.146801,24432.0,87.0,3,corporate auto,two-door car,71.10847
yn75239,oregon,m,college,7910.866718,77577.0,199.0,1,personal auto,luxury,35.768916
oj84485,california,m,high school or below,12516.92188,12607.0,110.0,0,personal auto,suv,528.0
ja12995,oregon,f,college,2325.259483,0.0,63.0,0,personal auto,four-door car,302.4
od85990,oregon,f,bachelor,3964.151263,23474.0,102.0,0,corporate auto,suv,489.6
nz57264,california,m,bachelor,7486.088015,0.0,113.0,0,personal auto,suv,813.6
ol39995,oregon,m,bachelor,6707.994148,0.0,65.0,0,personal auto,four-door car,360.480689
lk51620,california,m,high school or below,12902.09322,98478.0,106.0,0,corporate auto,four-door car,508.8
zb91993,arizona,m,college,5926.729379,23091.0,96.0,5,personal auto,four-door car,460.8
sz60342,arizona,m,college,5148.653203,51071.0,65.0,0,personal auto,two-door car,312.0
we80653,oregon,f,bachelor,6827.178202,0.0,103.0,2,personal auto,suv,2.455033
ee28119,arizona,f,bachelor,4670.058282,69921.0,118.0,2,personal auto,two-door car,373.227044
ga49547,washington,m,high school or below,5363.076547,36357.0,68.0,0,personal auto,four-door car,17.269323
ba92673,oregon,f,high school or below,6961.945557,0.0,63.0,0,personal auto,four-door car,40.622304
pt70350,oregon,m,high school or below,28511.03331,27607.0,104.0,0,corporate auto,four-door car,640.584145
kl29678,oregon,f,master,8624.917663,43610.0,106.0,0,personal auto,luxury,508.8
hl84679,oregon,f,bachelor,3382.223536,0.0,91.0,0,personal auto,four-door car,436.8
gh94657,california,m,bachelor,2319.818549,14660.0,61.0,0,personal auto,four-door car,396.608751
ez71780,arizona,f,high school or below,8807.486831,26864.0,78.0,0,special auto,four-door car,374.4
bw76745,oregon,m,doctor,2491.317024,36631.0,62.0,0,personal auto,four-door car,67.530904
tn64240,california,f,bachelor,7853.961409,42582.0,99.0,0,corporate auto,four-door car,629.344642
ae23906,arizona,m,college,9816.528302,37256.0,62.0,0,personal auto,four-door car,128.969729
cx20455,arizona,m,college,22103.5072,0.0,102.0,0,corporate auto,suv,489.6
kx18446,washington,m,high school or below,6689.022728,56980.0,84.0,0,corporate auto,two-door car,599.000883
nr66922,oregon,m,master,11323.35555,98254.0,94.0,3,corporate auto,four-door car,229.711908
pq27923,washington,m,master,6333.030812,71737.0,79.0,0,personal auto,two-door car,338.79562
no81415,arizona,m,bachelor,3139.169353,31177.0,79.0,0,personal auto,four-door car,905.699717
oi48534,california,f,high school or below,2617.182661,98338.0,65.0,0,personal auto,four-door car,35.597288
fh83537,california,f,high school or below,3732.568536,0.0,106.0,0,personal auto,luxury,879.42749
vh94792,california,f,bachelor,4433.694028,0.0,65.0,0,special auto,four-door car,312.0
vd37089,washington,m,college,3478.887023,29938.0,90.0,0,corporate auto,four-door car,562.426585
uw68708,california,f,bachelor,5009.595291,0.0,69.0,0,personal auto,four-door car,496.8
pv39600,california,m,bachelor,8417.004401,24285.0,111.0,0,personal auto,two-door car,1257.527908
zd42919,california,m,master,4483.839044,32983.0,113.0,0,personal auto,suv,466.81627
zx68434,california,f,doctor,5124.984391,0.0,134.0,0,personal auto,suv,643.2
ch81088,oregon,f,bachelor,3721.057118,71333.0,93.0,0,personal auto,four-door car,343.755209
sv68939,arizona,f,master,9988.787618,33157.0,124.0,0,personal auto,suv,286.003968
wi81695,oregon,f,college,3342.177957,0.0,91.0,0,personal auto,four-door car,436.8
ou50429,california,m,bachelor,7524.735746,36580.0,64.0,1,personal auto,four-door car,460.8
te44937,oregon,f,high school or below,13466.92071,11432.0,119.0,0,personal auto,suv,571.2
gc29421,california,f,high school or below,2949.282616,78596.0,73.0,0,personal auto,four-door car,106.267659
rf71693,arizona,f,bachelor,5179.890955,35143.0,65.0,0,corporate auto,four-door car,171.184016
jz22920,arizona,m,master,3225.395988,29606.0,81.0,0,personal auto,four-door car,438.276898
zl68596,arizona,m,master,8849.689719,53228.0,73.0,0,special auto,four-door car,137.195447
gv91160,oregon,f,high school or below,2886.451602,10312.0,78.0,0,personal auto,four-door car,486.278557
pc80039,oregon,f,bachelor,2359.423599,19864.0,63.0,0,personal auto,four-door car,352.394515
rh72839,nevada,f,high school or below,4669.22664,76157.0,116.0,0,personal auto,two-door car,556.8
sv15363,california,m,high school or below,6366.225775,44368.0,80.0,0,personal auto,two-door car,384.0
cn17219,oregon,m,college,25581.61014,27961.0,72.0,0,personal auto,two-door car,345.6
zm84839,california,f,college,8146.271602,92777.0,68.0,2,personal auto,two-door car,158.041549
zo31878,oregon,f,master,5412.458621,55992.0,67.0,0,personal auto,four-door car,191.409775
bu70181,arizona,m,master,5757.442258,88997.0,72.0,0,personal auto,four-door car,174.041566
rn20799,arizona,f,high school or below,4755.194923,21926.0,63.0,0,personal auto,four-door car,302.4
vf58561,oregon,f,bachelor,4995.211519,82413.0,62.0,0,personal auto,four-door car,297.6
hu26687,california,m,bachelor,2824.849967,48008.0,73.0,4,personal auto,four-door car,137.081716
vt84289,california,f,college,5907.91176,87796.0,74.0,0,personal auto,four-door car,355.2
zg17326,oregon,m,bachelor,4988.579794,38928.0,64.0,0,personal auto,four-door car,326.660051
zr84007,arizona,m,bachelor,7405.265785,58779.0,64.0,1,personal auto,four-door car,307.2
wm17695,washington,f,doctor,16553.23422,98912.0,135.0,0,personal auto,suv,714.831947
yr76491,oregon,f,college,15102.22866,0.0,137.0,0,personal auto,suv,32.978158
ny93341,arizona,f,high school or below,9118.928908,33882.0,114.0,0,personal auto,suv,272.835064
bc87161,oregon,m,bachelor,2759.978287,92296.0,69.0,0,personal auto,two-door car,331.2
pw23851,oregon,f,bachelor,15251.57924,63287.0,127.0,0,personal auto,suv,617.202619
um73815,arizona,f,high school or below,14517.43681,74871.0,178.0,0,personal auto,suv,854.4
hw19506,arizona,f,high school or below,5597.12496,37995.0,139.0,0,personal auto,suv,667.2
jf90784,california,f,high school or below,19323.23675,0.0,139.0,1,personal auto,suv,1389.140121
ow15518,washington,f,college,15950.01951,0.0,87.0,1,personal auto,two-door car,46.041452
br28896,nevada,m,high school or below,3176.356488,64706.0,81.0,0,personal auto,two-door car,372.909686
pd32943,oregon,m,bachelor,4526.126785,0.0,64.0,1,personal auto,four-door car,307.2
gm83516,arizona,m,college,2573.716859,29500.0,67.0,0,corporate auto,four-door car,321.6
bk15048,arizona,m,college,6656.709233,0.0,69.0,1,personal auto,four-door car,496.8
ra27021,nevada,f,bachelor,27564.73951,26410.0,91.0,0,corporate auto,four-door car,184.516188
jw15941,california,m,master,3842.794699,97832.0,95.0,0,personal auto,two-door car,107.661239
gp20408,oregon,f,college,3808.122147,94903.0,94.0,0,personal auto,two-door car,451.2
am57175,oregon,f,high school or below,15000.84238,62473.0,76.0,1,personal auto,four-door car,507.560729
ri40862,nevada,m,college,5573.10605,85704.0,69.0,0,personal auto,four-door car,325.395532
ey86980,oregon,m,bachelor,6222.212108,74270.0,78.0,0,corporate auto,two-door car,122.486486
fg24850,oregon,f,master,5096.673223,22886.0,65.0,0,personal auto,four-door car,312.0
jb39997,california,f,college,6183.185785,36464.0,78.0,0,personal auto,four-door car,93.515817
cg43444,california,f,bachelor,9388.981905,33599.0,80.0,0,personal auto,four-door car,111.265486
zg69918,oregon,m,college,8168.714346,20819.0,73.0,1,special auto,four-door car,206.863422
gm70734,california,f,college,13561.2048,29095.0,91.0,1,corporate auto,two-door car,280.800938
pm14429,california,m,college,6699.278956,30852.0,88.0,0,personal auto,four-door car,318.866388
fd55376,california,m,high school or below,20230.9675,48448.0,74.0,1,corporate auto,four-door car,355.2
ps25185,washington,f,bachelor,4097.371676,20079.0,110.0,0,corporate auto,two-door car,528.0
ye70791,california,m,high school or below,5169.49937,12430.0,73.0,0,personal auto,four-door car,350.4
un52560,arizona,m,bachelor,6278.764007,47669.0,80.0,0,personal auto,four-door car,384.0
ss95187,arizona,m,bachelor,3343.933131,40794.0,87.0,0,personal auto,four-door car,334.452807
ou62959,california,m,bachelor,15531.78589,95340.0,198.0,2,personal auto,luxury,808.844338
zv36800,oregon,m,bachelor,4236.84292,14476.0,113.0,0,corporate auto,luxury,542.4
xf83901,arizona,f,college,3692.583567,0.0,105.0,0,personal auto,four-door car,756.0
re12758,california,m,high school or below,6782.556454,26116.0,85.0,0,personal auto,four-door car,612.0
ch97666,california,m,bachelor,3683.472334,12454.0,100.0,0,personal auto,luxury,720.0
nu25698,oregon,f,high school or below,13995.68999,48245.0,121.0,3,personal auto,suv,580.8
zv80216,oregon,m,high school or below,5619.689084,0.0,153.0,0,personal auto,suv,1027.000029
pb47955,oregon,f,bachelor,8331.648336,0.0,119.0,0,personal auto,suv,856.8
bd36887,nevada,f,college,4171.18715,37478.0,105.0,0,personal auto,luxury,653.685468
jg65202,oregon,m,high school or below,7873.567332,0.0,74.0,0,personal auto,two-door car,568.798455
yv76240,oregon,f,college,10677.25385,45732.0,134.0,0,corporate auto,suv,611.918994
ln28900,california,m,bachelor,14687.07959,0.0,85.0,0,personal auto,four-door car,612.0
in77241,washington,m,bachelor,5394.703229,65978.0,67.0,0,corporate auto,two-door car,251.795869
di42246,arizona,m,college,2230.755716,0.0,62.0,0,personal auto,four-door car,325.88607
se86346,nevada,f,college,7771.018055,58467.0,65.0,0,corporate auto,four-door car,452.915621
fk46365,washington,f,college,4103.849192,82427.0,102.0,0,personal auto,suv,489.6
xw93623,nevada,m,bachelor,7221.151702,33811.0,184.0,0,personal auto,luxury,587.37679
fj62579,oregon,m,high school or below,12285.0473,0.0,183.0,2,personal auto,luxury,878.4
zz22193,california,f,master,5704.679894,37675.0,71.0,0,personal auto,four-door car,380.919824
zy77695,arizona,m,bachelor,2433.913419,0.0,72.0,0,personal auto,two-door car,345.6
zj65064,california,f,college,4921.752296,0.0,70.0,0,personal auto,four-door car,336.0
fa59186,california,m,high school or below,4660.006868,0.0,67.0,0,personal auto,two-door car,482.4
xs74336,washington,f,high school or below,2541.522907,0.0,71.0,0,personal auto,four-door car,511.2
rt80802,nevada,m,college,11658.59927,19851.0,102.0,0,personal auto,luxury,220.038588
kn65809,washington,f,high school or below,11131.56637,0.0,99.0,0,personal auto,four-door car,475.2
qf17381,arizona,f,bachelor,4733.507343,0.0,62.0,0,corporate auto,four-door car,740.838216
jf16897,oregon,f,high school or below,8776.363448,28360.0,73.0,0,personal auto,four-door car,863.909989
pb90912,california,m,high school or below,7804.022473,70833.0,193.0,0,personal auto,luxury,926.4
ch50339,arizona,f,master,2522.256441,0.0,69.0,1,corporate auto,four-door car,470.275242
gu41198,california,f,bachelor,9536.338382,62421.0,80.0,2,corporate auto,four-door car,384.0
ct96082,oregon,f,bachelor,4711.080198,13933.0,62.0,0,corporate auto,two-door car,49.364254
kp26590,nevada,f,bachelor,3801.282266,40513.0,96.0,1,personal auto,four-door car,151.589577
zq51896,oregon,m,college,21159.30151,0.0,108.0,0,special auto,suv,777.6
bi34286,oregon,m,master,6515.026481,47259.0,81.0,0,corporate auto,four-door car,388.8
xj97760,california,m,master,4739.861234,35039.0,61.0,0,personal auto,four-door car,254.308991
co71128,california,f,college,21240.94357,0.0,190.0,0,personal auto,luxury,1368.0
sj88799,washington,m,high school or below,3980.838735,92539.0,101.0,0,personal auto,four-door car,707.408058
rc74014,oregon,f,college,4990.343538,0.0,71.0,0,special auto,two-door car,849.666647
cp66511,oregon,m,high school or below,2562.604728,92038.0,65.0,2,personal auto,two-door car,178.408186
jg13893,nevada,m,bachelor,7355.349908,51789.0,61.0,0,corporate auto,two-door car,435.835125
er49844,arizona,m,college,5041.447024,61972.0,64.0,2,personal auto,four-door car,138.961963
au91447,oregon,m,doctor,12731.95161,40870.0,105.0,0,special auto,suv,504.0
sk58227,california,f,high school or below,8879.790017,52583.0,113.0,0,personal auto,suv,528.20086
hg23705,arizona,f,bachelor,2872.669164,79681.0,73.0,1,personal auto,four-door car,9.160139
mv93555,oregon,f,high school or below,11058.22493,69792.0,137.0,0,personal auto,suv,696.757797
vq20924,arizona,f,high school or below,7138.167712,19794.0,93.0,0,corporate auto,two-door car,603.077136
ar59416,oregon,m,high school or below,29037.47753,0.0,113.0,0,personal auto,suv,542.4
df65548,california,f,master,8613.464627,26680.0,106.0,0,personal auto,two-door car,508.8
pa28328,california,f,college,3861.486269,93272.0,95.0,0,corporate auto,four-door car,281.110788
wy31530,oregon,m,doctor,2482.915577,0.0,68.0,0,personal auto,two-door car,87.272319
lv89056,california,f,bachelor,3133.018242,0.0,91.0,1,personal auto,four-door car,655.2
kc49055,oregon,m,bachelor,7123.082388,21835.0,92.0,0,personal auto,two-door car,621.617047
ra62150,arizona,f,college,28435.64035,0.0,116.0,0,personal auto,suv,899.63718
oy70124,washington,f,bachelor,12741.84754,73054.0,106.0,1,personal auto,suv,419.365958
ot94107,oregon,f,bachelor,3176.865609,35551.0,81.0,1,personal auto,four-door car,565.108501
cf27806,california,f,bachelor,5470.060561,54507.0,138.0,0,personal auto,suv,702.990032
ek50729,oregon,m,bachelor,4582.647706,0.0,67.0,0,personal auto,four-door car,321.6
tf53472,oregon,f,bachelor,5350.214918,41336.0,68.0,0,personal auto,four-door car,263.090605
pg50529,california,f,high school or below,5580.916514,31972.0,70.0,0,personal auto,four-door car,416.2618
qt46509,oregon,m,college,7048.544758,20416.0,93.0,0,personal auto,four-door car,446.4
li72489,nevada,m,bachelor,15306.22493,46338.0,193.0,0,corporate auto,suv,19.46445
mf74413,oregon,m,high school or below,9657.579498,0.0,131.0,0,personal auto,suv,628.8
si58884,california,m,college,3985.319833,17220.0,105.0,0,personal auto,suv,504.0
kg53604,oregon,m,college,9816.528302,37256.0,62.0,0,personal auto,four-door car,128.969729
xb97091,arizona,f,high school or below,37243.63312,53602.0,115.0,0,personal auto,luxury,295.335363
js12902,oregon,f,high school or below,4122.964632,24732.0,107.0,0,corporate auto,luxury,72.771554
ll14393,oregon,m,high school or below,2556.609217,23867.0,65.0,0,personal auto,four-door car,312.0
uj71101,california,m,high school or below,17253.72944,0.0,124.0,0,personal auto,luxury,928.817071
zy95807,california,m,bachelor,36181.02892,0.0,180.0,0,corporate auto,luxury,864.0
ga72966,oregon,f,bachelor,8427.172486,46503.0,215.0,1,personal auto,luxury,1032.0
ws36101,oregon,m,high school or below,2348.028868,0.0,63.0,0,personal auto,four-door car,453.6
gy88677,oregon,f,bachelor,23675.02939,46268.0,199.0,1,personal auto,luxury,842.000858
xt45580,oregon,f,college,4089.463358,60759.0,104.0,0,corporate auto,suv,499.2
ry23571,california,f,bachelor,2483.67134,75615.0,65.0,5,personal auto,four-door car,156.54837
nb82190,oregon,m,college,5278.183759,73742.0,68.0,0,personal auto,two-door car,27.210992
xg14438,arizona,m,college,13727.79972,0.0,126.0,0,personal auto,suv,604.8
tq84956,california,m,high school or below,10963.95723,55687.0,276.0,0,corporate auto,luxury,1324.8
fv58292,oregon,m,bachelor,5555.830205,74015.0,72.0,0,personal auto,four-door car,471.443077
ef52334,washington,m,bachelor,3261.01744,0.0,93.0,0,personal auto,four-door car,669.6
zv17267,oregon,f,bachelor,11029.92619,37056.0,92.0,0,personal auto,four-door car,441.6
rh71877,arizona,f,college,4770.550911,12964.0,65.0,0,personal auto,two-door car,362.774545
gs23406,california,f,high school or below,2734.328157,30916.0,70.0,0,personal auto,four-door car,21.143072
vz66567,california,m,bachelor,3748.14406,0.0,106.0,0,personal auto,suv,508.8
vp57785,oregon,f,college,4770.550911,12964.0,65.0,0,personal auto,two-door car,362.774545
ns51605,oregon,m,master,8509.850887,26057.0,74.0,0,personal auto,four-door car,523.888845
qv48556,arizona,f,master,5421.04863,29981.0,71.0,0,corporate auto,two-door car,340.8
pr10005,oregon,m,bachelor,2916.41746,85210.0,74.0,0,personal auto,four-door car,100.517679
if80474,washington,m,college,13363.52356,86653.0,111.0,0,personal auto,four-door car,277.201278
ne73773,oregon,m,high school or below,3974.858481,0.0,113.0,0,personal auto,suv,542.4
wm72573,california,m,college,14710.43268,22872.0,131.0,2,personal auto,suv,754.845659
nx71501,california,f,doctor,5936.344043,42889.0,74.0,0,personal auto,four-door car,177.321283
lr79755,california,m,college,2862.180262,74034.0,72.0,0,personal auto,four-door car,267.415871
kc26486,arizona,f,bachelor,8427.172486,46503.0,215.0,1,personal auto,luxury,1032.0
dy22077,arizona,m,bachelor,8622.835375,97361.0,73.0,0,corporate auto,four-door car,350.4
uv54104,oregon,m,bachelor,2300.691547,25905.0,63.0,0,personal auto,four-door car,302.4
sg66076,arizona,m,bachelor,10056.5083,16097.0,139.0,0,personal auto,luxury,1000.8
gw52309,nevada,f,high school or below,9118.148093,56446.0,114.0,0,personal auto,suv,547.2
dc46965,nevada,m,master,5507.242176,11343.0,72.0,0,personal auto,four-door car,154.750098
jk57654,california,m,doctor,10972.06778,24164.0,137.0,0,personal auto,luxury,657.6
qo62792,oregon,m,college,7840.165778,58414.0,210.0,2,personal auto,luxury,1008.0
xi56955,washington,f,bachelor,5504.139033,0.0,73.0,0,personal auto,four-door car,350.4
nr99710,arizona,f,high school or below,4792.810444,24395.0,62.0,0,personal auto,two-door car,357.109603
qh90382,oregon,f,master,4187.77657,52471.0,103.0,0,personal auto,two-door car,163.955502
si30451,arizona,f,college,2718.375247,30009.0,68.0,0,personal auto,four-door car,317.428826
um39817,oregon,f,bachelor,8257.666512,23815.0,73.0,0,personal auto,four-door car,424.330166
yg98004,oregon,f,master,12663.59666,27739.0,104.0,0,corporate auto,four-door car,3.200851
kf80172,nevada,m,college,2647.519741,37876.0,69.0,0,personal auto,four-door car,300.056383
ld95617,california,m,bachelor,4830.908873,0.0,72.0,0,corporate auto,four-door car,345.6
yj24476,nevada,f,bachelor,4558.428807,14665.0,61.0,0,personal auto,four-door car,292.8
lm67096,oregon,f,bachelor,2127.92357,0.0,61.0,1,corporate auto,four-door car,31.481852
fb21121,california,f,bachelor,2546.866098,86595.0,63.0,0,corporate auto,two-door car,445.621906
lw91009,washington,m,college,4992.920887,24368.0,68.0,1,personal auto,four-door car,326.4
rd28560,washington,f,bachelor,12741.84754,73054.0,106.0,1,corporate auto,suv,419.365958
dd22139,washington,f,college,7863.02773,0.0,72.0,0,corporate auto,two-door car,732.352745
ln50415,oregon,m,bachelor,5131.360525,50994.0,128.0,0,corporate auto,suv,346.387342
op62891,oregon,f,high school or below,2275.401583,0.0,64.0,0,personal auto,two-door car,460.8
jt47995,arizona,f,college,60556.19213,0.0,204.0,0,personal auto,luxury,979.2
ag39150,oregon,m,bachelor,2356.074955,0.0,63.0,0,personal auto,four-door car,302.4
qj65440,california,f,bachelor,28824.06193,0.0,87.0,1,corporate auto,four-door car,626.4
ij40048,california,m,bachelor,4978.950257,28695.0,64.0,0,corporate auto,four-door car,221.241837
px86841,arizona,f,college,6521.368813,72608.0,82.0,3,special auto,four-door car,393.6
es87355,oregon,f,bachelor,7564.611951,48381.0,63.0,0,personal auto,two-door car,302.4
ez85603,arizona,f,college,11631.87866,0.0,152.0,0,personal auto,suv,1082.814636
yj96611,arizona,f,high school or below,7180.283897,0.0,104.0,0,special auto,luxury,1210.245916
ub18338,oregon,m,bachelor,12168.74492,14973.0,115.0,0,personal auto,suv,828.0
tf67147,oregon,f,bachelor,2248.449633,24910.0,63.0,1,personal auto,four-door car,347.857619
fy83287,washington,m,doctor,2530.332,50577.0,63.0,0,personal auto,two-door car,12.444326
jo11457,oregon,m,high school or below,4653.094259,0.0,70.0,1,personal auto,two-door car,585.482275
bs94221,arizona,f,college,2354.322179,26184.0,62.0,0,special auto,two-door car,297.6
cb64729,nevada,m,bachelor,8417.159538,20215.0,112.0,0,personal auto,four-door car,537.6
xb32430,california,m,bachelor,5717.743109,68342.0,72.0,0,personal auto,four-door car,148.738098
ln43251,oregon,m,high school or below,4623.536706,0.0,133.0,0,personal auto,suv,957.6
bx20227,oregon,f,college,6521.368813,72608.0,82.0,3,personal auto,four-door car,393.6
pc12390,nevada,m,master,5507.155471,74960.0,69.0,1,corporate auto,four-door car,107.985836
xq44462,oregon,m,college,2674.730716,56342.0,69.0,0,corporate auto,four-door car,331.2
gf59560,oregon,f,college,5817.832355,86824.0,72.0,0,personal auto,four-door car,189.096179
fe67098,nevada,m,college,4646.387267,37530.0,117.0,0,personal auto,suv,561.6
lo98108,oregon,m,bachelor,2226.589837,0.0,62.0,0,personal auto,two-door car,297.6
sp94430,california,f,bachelor,7651.099258,53330.0,65.0,0,personal auto,four-door car,224.093027
sh44158,oregon,m,bachelor,2305.056048,0.0,63.0,0,special auto,four-door car,327.685301
wy41435,nevada,f,college,11960.47577,52436.0,76.0,0,personal auto,four-door car,109.476994
mr77933,arizona,f,bachelor,11315.20373,11885.0,101.0,0,personal auto,four-door car,484.8
wj38827,oregon,m,high school or below,7212.523911,0.0,97.0,0,corporate auto,two-door car,498.779439
tm33419,washington,f,college,5255.576016,44536.0,137.0,1,personal auto,suv,46.949646
qf91596,nevada,f,bachelor,4794.96419,82763.0,61.0,0,personal auto,four-door car,245.163042
db16336,nevada,f,college,2659.70565,0.0,87.0,3,corporate auto,four-door car,420.041981
bx35013,arizona,f,master,27643.23508,63401.0,113.0,0,personal auto,suv,52.336233
jb20891,arizona,f,high school or below,10083.48688,11828.0,90.0,0,personal auto,four-door car,571.479602
we68750,oregon,m,bachelor,5687.897911,99747.0,72.0,0,corporate auto,two-door car,61.536107
rn65450,california,m,college,3059.426954,0.0,88.0,0,personal auto,four-door car,633.6
bw79345,nevada,f,high school or below,4945.072236,78796.0,61.0,0,personal auto,two-door car,292.8
oz64384,oregon,f,bachelor,8609.158215,79090.0,107.0,0,personal auto,suv,289.040734
kv99077,nevada,m,college,5157.053124,43906.0,65.0,0,personal auto,two-door car,468.0
ny24020,arizona,m,high school or below,3748.99343,82189.0,94.0,0,personal auto,two-door car,354.081091
cj81799,oregon,f,college,7462.926263,70263.0,93.0,0,personal auto,two-door car,7.345946
qi69873,washington,m,master,15063.50118,19132.0,207.0,0,personal auto,luxury,1008.569798
vc70716,arizona,m,high school or below,9657.579498,0.0,131.0,0,corporate auto,suv,628.8
zb88708,nevada,m,master,2799.470318,78127.0,69.0,0,personal auto,four-door car,136.172569
xg64081,arizona,m,bachelor,2759.978287,92296.0,69.0,0,personal auto,two-door car,331.2
zz35218,oregon,m,doctor,5392.499539,0.0,74.0,0,corporate auto,two-door car,317.109447
ka95976,california,f,high school or below,5392.502531,80550.0,68.0,3,personal auto,four-door car,265.516965
tf23305,arizona,f,college,3574.990725,51950.0,89.0,0,personal auto,two-door car,429.171384
tu72516,oregon,f,college,5608.172012,20392.0,73.0,0,personal auto,four-door car,350.4
dm16101,washington,f,college,4754.653816,30886.0,61.0,0,special auto,four-door car,8.315904
uf93725,oregon,m,bachelor,2239.647297,0.0,66.0,0,personal auto,four-door car,475.2
ih62666,california,f,bachelor,7356.383518,33089.0,61.0,0,personal auto,four-door car,292.8
fg23952,oregon,m,college,13283.86446,0.0,132.0,0,personal auto,suv,950.4
nh85248,arizona,m,college,6893.171997,0.0,68.0,0,corporate auto,two-door car,326.4
xo75323,california,m,college,3966.129505,72439.0,100.0,1,personal auto,suv,480.0
fx78901,oregon,f,bachelor,16548.85665,81639.0,82.0,0,special auto,four-door car,47.952426
kg40352,oregon,f,college,5447.201066,68815.0,68.0,0,personal auto,four-door car,114.743385
gx27974,california,f,college,4644.90392,0.0,63.0,0,personal auto,four-door car,94.958688
st31207,california,f,bachelor,5318.89664,25134.0,67.0,0,personal auto,four-door car,321.6
vc64410,arizona,f,high school or below,2491.257604,25965.0,65.0,0,personal auto,four-door car,329.206567
yo49328,arizona,m,high school or below,12296.49757,55193.0,105.0,1,personal auto,suv,504.0
kp10993,california,f,college,6273.911874,18577.0,86.0,0,personal auto,four-door car,412.8
fr15853,nevada,m,high school or below,6366.225775,44368.0,80.0,0,corporate auto,two-door car,384.0
br13613,oregon,m,college,6005.847375,13528.0,86.0,0,personal auto,four-door car,412.8
mm27192,oregon,f,master,11981.98481,21514.0,62.0,0,personal auto,two-door car,257.248789
hi36042,california,m,high school or below,11885.96797,0.0,105.0,0,personal auto,suv,756.0
gt89774,arizona,f,bachelor,17109.39447,87139.0,213.0,0,personal auto,luxury,363.865389
sb83749,california,m,high school or below,4717.62873,20355.0,61.0,1,personal auto,four-door car,439.2
we77831,california,m,bachelor,4778.682644,0.0,73.0,2,personal auto,four-door car,350.4
hm21382,washington,m,bachelor,2402.333284,46210.0,61.0,3,personal auto,two-door car,439.2
ml10022,nevada,f,college,13197.92893,0.0,68.0,3,personal auto,four-door car,326.4
qj65472,california,m,high school or below,29232.69297,28613.0,114.0,0,personal auto,four-door car,820.8
tz71391,oregon,m,master,8509.850887,26057.0,74.0,0,personal auto,four-door car,523.888845
as62048,arizona,m,bachelor,4774.379355,0.0,73.0,0,personal auto,four-door car,525.6
pl14941,nevada,f,high school or below,9113.694323,76700.0,112.0,0,personal auto,four-door car,322.046658
lk87874,nevada,f,bachelor,7663.871432,0.0,109.0,0,personal auto,suv,523.2
nk53938,oregon,m,master,2599.968438,45181.0,65.0,0,personal auto,four-door car,312.0
vf96109,oregon,m,high school or below,8819.018934,99845.0,110.0,1,personal auto,suv,528.0
iv32877,oregon,m,bachelor,6857.519928,0.0,101.0,0,personal auto,suv,1021.719397
ee96187,oregon,f,high school or below,7109.341438,92423.0,88.0,0,personal auto,four-door car,404.243868
fj31683,washington,f,doctor,2842.822337,43793.0,71.0,0,personal auto,four-door car,16.150175
on90223,washington,m,college,12846.4477,93210.0,107.0,2,personal auto,suv,513.6
sc70396,oregon,m,bachelor,3498.773857,58484.0,88.0,1,personal auto,two-door car,43.542559
wf44706,oregon,m,high school or below,6005.214792,26876.0,76.0,0,personal auto,four-door car,364.8
cf15252,arizona,f,bachelor,4344.524462,48054.0,109.0,0,personal auto,suv,523.2
dg51590,arizona,f,bachelor,25401.51859,36800.0,91.0,0,personal auto,two-door car,236.63519
le12782,arizona,m,college,4466.977478,28663.0,61.0,4,personal auto,four-door car,292.8
ld98568,california,f,college,7849.125533,54431.0,97.0,0,personal auto,four-door car,284.49502
wx92363,washington,f,bachelor,4250.775183,27608.0,108.0,0,personal auto,suv,308.953614
kx57885,california,m,bachelor,6073.241952,22103.0,89.0,1,personal auto,four-door car,427.2
xi30683,arizona,m,college,6729.867925,0.0,103.0,0,personal auto,suv,741.6
tm13510,arizona,m,doctor,2588.860221,46168.0,65.0,0,personal auto,four-door car,312.0
lu95652,oregon,m,college,7305.936433,83221.0,91.0,0,personal auto,four-door car,14.386157
od45969,california,m,bachelor,8531.401125,98677.0,105.0,0,personal auto,four-door car,108.025547
mu96709,california,f,high school or below,8618.295865,46379.0,72.0,0,corporate auto,four-door car,345.6
kx55910,oregon,f,college,4957.033603,62803.0,62.0,0,personal auto,two-door car,400.959425
ke10223,california,m,bachelor,12255.12414,0.0,177.0,0,personal auto,suv,1274.4
qs29824,nevada,m,college,9624.938903,0.0,134.0,0,personal auto,suv,964.8
of12725,california,f,bachelor,7080.131872,28139.0,97.0,2,personal auto,four-door car,465.6
we52840,arizona,f,college,7053.302737,52982.0,89.0,0,corporate auto,four-door car,31.356274
oj65117,oregon,f,bachelor,5365.54161,77095.0,68.0,1,personal auto,four-door car,461.841879
fc52000,oregon,f,college,4306.55935,26322.0,111.0,2,corporate auto,suv,180.346146
in57582,california,f,college,5970.816921,25125.0,81.0,1,corporate auto,four-door car,583.2
uy13430,oregon,f,high school or below,8879.790017,52583.0,113.0,0,special auto,suv,528.20086
pd66941,arizona,m,bachelor,4458.113369,17622.0,65.0,1,personal auto,four-door car,312.0
ib36843,california,m,master,5565.892477,90607.0,70.0,0,personal auto,four-door car,311.514116
ve51810,arizona,m,bachelor,5813.242121,42795.0,73.0,0,personal auto,four-door car,350.4
rx50446,arizona,f,high school or below,8365.963454,27042.0,110.0,0,personal auto,four-door car,1263.325007
tk22471,oregon,m,college,7275.921106,27984.0,62.0,1,personal auto,four-door car,445.361629
yr85283,nevada,f,high school or below,15083.78498,26021.0,126.0,0,personal auto,suv,331.847478
wh83589,arizona,f,high school or below,8458.912476,25448.0,71.0,0,personal auto,four-door car,345.022359
nm40177,california,m,bachelor,8010.968982,52009.0,68.0,0,personal auto,four-door car,250.416569
uv44069,oregon,f,high school or below,2514.428561,23504.0,69.0,0,corporate auto,two-door car,374.399828
co25601,washington,m,high school or below,4112.625047,0.0,71.0,3,personal auto,four-door car,569.761582
is58493,oregon,m,master,4369.697742,40774.0,110.0,1,personal auto,luxury,394.968488
yf54705,nevada,m,college,7356.010439,36812.0,92.0,1,personal auto,two-door car,392.695097
es66762,oregon,f,bachelor,10656.88195,72540.0,88.0,0,personal auto,two-door car,631.743039
cx85598,arizona,m,bachelor,5365.975978,51240.0,70.0,2,personal auto,four-door car,283.849464
qf74806,california,m,college,6047.02516,20396.0,76.0,1,personal auto,four-door car,364.8
lo17461,arizona,f,high school or below,2885.742441,35654.0,72.0,0,personal auto,two-door car,515.122954
kw95891,oregon,f,high school or below,2635.148447,93884.0,65.0,0,personal auto,four-door car,312.0
yr45605,oregon,f,bachelor,2413.888405,0.0,68.0,0,personal auto,four-door car,379.209349
ow83209,nevada,m,bachelor,8341.929905,30344.0,107.0,0,personal auto,suv,342.832065
at86990,arizona,f,bachelor,2487.256248,28738.0,62.0,0,personal auto,two-door car,81.609951
cw80905,nevada,m,high school or below,9212.613275,70958.0,115.0,0,personal auto,luxury,115.400119
tk65222,california,m,bachelor,16407.66461,22103.0,109.0,0,personal auto,four-door car,160.338007
fq89652,oregon,f,college,7017.145586,0.0,103.0,0,special auto,suv,741.6
ph70685,california,f,bachelor,5481.502923,70795.0,68.0,0,corporate auto,four-door car,177.948654
ap34711,arizona,f,master,10382.38098,32821.0,129.0,0,personal auto,suv,25.89566
az31562,arizona,m,college,5498.940679,22520.0,73.0,0,personal auto,four-door car,350.4
vu87728,nevada,m,high school or below,4846.322223,0.0,72.0,0,personal auto,four-door car,518.4
xx34879,oregon,m,college,14718.11779,56263.0,93.0,0,corporate auto,four-door car,446.4
gg91020,nevada,m,bachelor,9656.759549,0.0,72.0,0,personal auto,four-door car,345.6
ro58812,california,m,college,4466.101762,0.0,64.0,0,personal auto,four-door car,307.2
gu29647,oregon,m,bachelor,21423.63723,0.0,65.0,0,personal auto,two-door car,312.0
qf66202,nevada,m,college,2531.73969,31993.0,66.0,1,personal auto,four-door car,39.627399
gb44176,arizona,m,college,8378.357502,40994.0,106.0,0,personal auto,four-door car,60.227339
rh70194,nevada,m,bachelor,5093.007525,29638.0,64.0,0,personal auto,four-door car,307.2
tl40288,oregon,f,college,13352.56134,0.0,119.0,0,personal auto,four-door car,729.595208
vz70667,oregon,f,college,14206.98091,26056.0,73.0,0,personal auto,four-door car,355.558088
gk21260,oregon,f,doctor,10232.85415,22821.0,131.0,0,personal auto,suv,740.05751
gs92994,washington,f,college,15435.68882,84581.0,96.0,0,personal auto,four-door car,4.334425
ki91500,california,f,high school or below,8641.046574,22193.0,74.0,0,personal auto,two-door car,415.535724
tl51969,washington,m,bachelor,7334.915821,30969.0,63.0,1,personal auto,two-door car,358.225234
nr16284,california,f,college,7462.926263,70263.0,93.0,0,personal auto,two-door car,7.345946
ma68039,california,m,high school or below,3635.028312,35056.0,96.0,3,personal auto,two-door car,460.8
zi51939,oregon,m,college,5525.836623,73435.0,69.0,0,corporate auto,two-door car,331.2
nx93393,oregon,m,high school or below,4335.353131,86096.0,108.0,0,corporate auto,two-door car,518.4
se30128,california,m,high school or below,4832.117309,0.0,139.0,0,personal auto,suv,1000.8
vt78222,oregon,m,master,9267.920019,55808.0,116.0,0,personal auto,suv,551.413755
ah17051,california,m,bachelor,14700.49784,29695.0,94.0,0,personal auto,four-door car,554.143798
nc76877,california,f,bachelor,4905.127076,88043.0,61.0,0,corporate auto,four-door car,188.717606
jd71348,california,m,college,7289.297853,60875.0,92.0,0,personal auto,four-door car,410.846025
dr88293,arizona,m,bachelor,8478.824155,0.0,77.0,0,personal auto,four-door car,12.603783
zb23962,oregon,m,high school or below,7952.836873,0.0,118.0,0,personal auto,suv,849.6
jo90877,washington,f,bachelor,2869.997625,70974.0,71.0,0,personal auto,four-door car,340.8
ir45546,oregon,f,bachelor,10529.84867,37518.0,131.0,0,special auto,luxury,472.850932
lo99872,oregon,m,college,5497.659883,28128.0,70.0,0,personal auto,two-door car,336.0
cw16221,oregon,f,bachelor,7090.468528,45254.0,93.0,3,corporate auto,four-door car,446.4
uu92753,oregon,f,doctor,26416.25478,85537.0,108.0,0,personal auto,suv,285.276083
wh63678,oregon,m,master,2727.682464,74608.0,68.0,1,corporate auto,four-door car,407.68374
te31876,california,f,high school or below,11814.53241,41004.0,102.0,3,personal auto,luxury,489.6
mu59158,arizona,f,master,4090.750678,38884.0,102.0,0,personal auto,two-door car,423.819864
lv57595,california,f,master,5181.620895,97131.0,64.0,0,corporate auto,four-door car,307.2
gy99495,oregon,m,master,6172.392406,0.0,84.0,0,corporate auto,four-door car,403.2
fn67085,california,m,college,2487.358049,22331.0,64.0,0,corporate auto,four-door car,61.20919
us82470,arizona,m,bachelor,13094.2046,37541.0,109.0,0,corporate auto,suv,96.212835
un53508,oregon,f,bachelor,4688.459288,27357.0,61.0,0,corporate auto,four-door car,292.8
fk37308,oregon,f,doctor,2703.466256,0.0,72.0,0,corporate auto,two-door car,41.927219
ew34780,california,f,bachelor,11315.20373,11885.0,101.0,0,personal auto,four-door car,484.8
hg97353,oregon,f,bachelor,8679.838135,52717.0,109.0,0,corporate auto,four-door car,60.151529
fm31768,arizona,f,high school or below,5979.724161,57693.0,76.0,0,personal auto,four-door car,547.2
do18118,oregon,f,high school or below,10996.71336,0.0,104.0,0,personal auto,suv,748.8
bc31913,arizona,f,bachelor,11718.41696,73903.0,73.0,0,corporate auto,four-door car,439.361029
hb29169,washington,f,bachelor,42462.96794,0.0,281.0,1,personal auto,luxury,1499.806352
ko86181,oregon,f,college,6941.872931,0.0,111.0,3,personal auto,suv,532.8
nt38409,california,m,college,2551.314013,79452.0,65.0,0,corporate auto,four-door car,187.683707
ip77666,nevada,f,bachelor,10656.88195,72540.0,88.0,0,personal auto,two-door car,631.743039
kl80110,arizona,f,college,9333.333631,89513.0,116.0,0,personal auto,suv,232.945977
kr35099,washington,m,college,7507.455372,60920.0,64.0,0,personal auto,two-door car,231.201886
yp41539,oregon,f,high school or below,5320.081159,88669.0,66.0,1,personal auto,four-door car,213.574473
mm10866,california,f,bachelor,8609.158215,79090.0,107.0,0,personal auto,suv,289.040734
wd88264,washington,m,high school or below,12298.6863,17101.0,113.0,0,corporate auto,suv,542.4
xn18885,oregon,m,high school or below,7285.030983,44788.0,61.0,0,personal auto,four-door car,386.031248
vb94165,nevada,m,master,6714.070698,0.0,93.0,1,special auto,two-door car,604.270179
fg71665,arizona,m,bachelor,2810.464447,26790.0,71.0,0,personal auto,two-door car,340.8
iv98398,california,m,bachelor,15320.37177,81955.0,126.0,0,corporate auto,suv,720.054248
yn39714,oregon,f,high school or below,8488.561363,80213.0,70.0,0,personal auto,two-door car,440.268527
wl92199,arizona,m,doctor,2379.195759,0.0,66.0,0,personal auto,four-door car,90.989464
kc36987,oregon,m,bachelor,13334.26763,47950.0,170.0,1,personal auto,suv,780.990942
jw24212,oregon,m,bachelor,3123.080994,0.0,101.0,4,personal auto,suv,960.115399
og57342,washington,m,doctor,2382.706153,0.0,65.0,0,corporate auto,four-door car,312.0
sn49269,oregon,m,high school or below,7812.889738,72353.0,66.0,0,personal auto,two-door car,316.8
re52529,california,f,high school or below,14024.35839,81872.0,115.0,0,corporate auto,four-door car,256.43803
eq68292,arizona,m,bachelor,5334.784887,74606.0,68.0,0,corporate auto,two-door car,109.112713
kf88603,oregon,m,high school or below,9700.35416,0.0,138.0,0,personal auto,suv,993.6
jr62870,california,m,high school or below,5703.288862,41438.0,72.0,0,personal auto,two-door car,323.836677
nn40477,arizona,f,bachelor,4280.747008,52679.0,110.0,2,personal auto,luxury,528.0
jp40952,arizona,m,high school or below,3398.052277,0.0,101.0,0,personal auto,suv,1183.780098
fg24548,oregon,m,bachelor,11044.10847,44524.0,70.0,0,personal auto,four-door car,200.768848
dz89536,oregon,m,master,3237.996209,60244.0,83.0,3,corporate auto,four-door car,326.281835
gh64274,california,m,high school or below,25805.26839,22711.0,82.0,0,personal auto,two-door car,393.6
nx62002,oregon,m,college,17497.52201,0.0,73.0,0,corporate auto,two-door car,350.4
cv57391,arizona,f,bachelor,22261.0224,50398.0,71.0,0,personal auto,four-door car,339.42418
zn36983,california,m,college,9006.598402,0.0,86.0,1,personal auto,four-door car,412.8
ot40088,oregon,f,high school or below,9904.977027,0.0,66.0,0,personal auto,four-door car,475.2
cd56261,california,f,high school or below,7432.203079,0.0,102.0,0,corporate auto,suv,1037.274096
og72448,arizona,m,bachelor,8150.573759,0.0,114.0,0,personal auto,four-door car,1310.46158
ih64929,california,m,high school or below,4956.247235,87197.0,63.0,0,personal auto,two-door car,247.402353
fd20455,california,m,bachelor,6537.051379,0.0,100.0,0,personal auto,luxury,720.0
et89070,california,f,high school or below,9448.833931,85221.0,117.0,0,personal auto,luxury,516.907624
dy87071,arizona,m,high school or below,7519.133631,96306.0,95.0,1,personal auto,four-door car,185.355353
ax10148,california,f,bachelor,2409.368488,0.0,66.0,0,personal auto,four-door car,316.8
db28487,california,f,high school or below,17041.4383,22249.0,64.0,0,personal auto,four-door car,455.191595
ku92052,california,f,high school or below,4398.047053,0.0,62.0,0,personal auto,four-door car,382.067564
fb17016,oregon,f,bachelor,5470.060561,54507.0,138.0,0,personal auto,suv,702.990032
bm45823,oregon,m,college,3173.032243,0.0,101.0,4,personal auto,four-door car,484.8
nn53003,california,m,college,13258.17973,20754.0,184.0,0,personal auto,luxury,1324.8
lf94873,california,f,college,13045.37088,0.0,190.0,1,personal auto,suv,1654.202174
vb57504,california,m,high school or below,2560.691306,30027.0,65.0,0,personal auto,four-door car,312.0
nt25078,nevada,m,bachelor,3387.77901,23156.0,88.0,2,special auto,four-door car,422.4
fh86704,california,m,high school or below,6439.330195,0.0,93.0,0,personal auto,four-door car,669.6
kx32370,california,m,college,7078.948599,23222.0,90.0,0,corporate auto,two-door car,252.938842
nn76284,california,f,college,2417.763236,0.0,65.0,0,corporate auto,four-door car,468.0
lj43988,california,f,master,20492.7355,27317.0,102.0,0,personal auto,four-door car,489.6
mm44301,california,f,college,7805.31287,21073.0,106.0,1,corporate auto,suv,508.8
ed63600,california,m,college,22062.54841,0.0,225.0,0,corporate auto,luxury,1620.0
rt37588,arizona,f,high school or below,11218.44173,69268.0,93.0,0,personal auto,two-door car,19.170855
lf19061,arizona,f,high school or below,5427.484591,74561.0,68.0,1,personal auto,two-door car,234.393625
ew73451,arizona,m,high school or below,2592.437797,72421.0,65.0,0,personal auto,four-door car,312.0
uc29668,oregon,f,master,2601.351096,0.0,71.0,0,corporate auto,two-door car,17.029835
zc32761,arizona,m,bachelor,8433.228985,57961.0,72.0,0,personal auto,two-door car,38.513959
fq22639,california,m,college,2967.670797,35205.0,76.0,0,personal auto,four-door car,178.839506
yz60434,oregon,m,master,5380.091626,0.0,74.0,0,personal auto,four-door car,59.026302
mj45965,oregon,m,high school or below,8059.893671,72309.0,68.0,0,personal auto,four-door car,244.727144
is95398,nevada,f,bachelor,8444.840217,76352.0,109.0,2,personal auto,suv,501.83778
lz81665,washington,m,high school or below,9655.442955,0.0,100.0,2,personal auto,suv,720.0
op43389,california,f,college,8178.235107,29057.0,102.0,0,corporate auto,suv,489.6
pi98333,oregon,f,bachelor,2353.179121,0.0,66.0,0,personal auto,four-door car,501.153571
yx67409,california,m,bachelor,8058.659713,25595.0,101.0,0,personal auto,suv,484.8
xr85926,oregon,m,bachelor,8012.365866,58058.0,67.0,0,personal auto,four-door car,355.198918
mj54807,nevada,m,bachelor,16473.16905,22828.0,106.0,0,personal auto,suv,508.8
ax36597,arizona,f,college,5907.151868,0.0,81.0,0,personal auto,four-door car,390.161912
ic94434,california,f,bachelor,8257.666512,23815.0,73.0,0,corporate auto,four-door car,424.330166
zx56541,california,m,bachelor,4954.292104,45329.0,65.0,3,personal auto,two-door car,312.0
ri76571,washington,m,master,43026.52149,59349.0,119.0,0,personal auto,suv,222.032326
yl78930,oregon,m,college,3794.964613,19794.0,105.0,0,personal auto,four-door car,504.0
zx17330,arizona,m,bachelor,2537.383207,92401.0,64.0,0,personal auto,four-door car,50.359627
mk92016,oregon,m,bachelor,8026.04923,0.0,109.0,0,corporate auto,suv,898.430079
kh93541,nevada,f,college,7786.676381,83000.0,97.0,1,corporate auto,four-door car,378.5566
ug12132,washington,f,college,5256.923177,77693.0,65.0,0,personal auto,four-door car,225.045919
bv35683,arizona,f,bachelor,8256.2978,62902.0,69.0,0,personal auto,two-door car,159.383042
pn69476,nevada,m,master,2453.336242,0.0,70.0,2,personal auto,two-door car,449.601961
hb70063,washington,m,college,4312.769798,43386.0,111.0,0,personal auto,suv,413.002348
cr59224,california,m,bachelor,5556.91458,29120.0,72.0,0,corporate auto,two-door car,345.6
rh97231,washington,m,bachelor,8693.995589,48893.0,110.0,0,personal auto,suv,787.88953
fy67942,california,f,college,11830.95192,92931.0,146.0,0,personal auto,suv,503.144025
hg68775,washington,f,college,4506.485006,15462.0,115.0,0,corporate auto,four-door car,611.941558
ed28429,washington,m,bachelor,4159.593921,0.0,62.0,0,personal auto,two-door car,446.4
ih17933,washington,m,college,4462.445111,70088.0,112.0,0,personal auto,suv,536.481665
ne67816,oregon,m,college,2515.259002,25558.0,63.0,0,personal auto,four-door car,453.6
qj65091,arizona,f,high school or below,8007.399376,0.0,112.0,0,corporate auto,luxury,537.6
tr75465,washington,m,master,9901.278118,0.0,134.0,0,personal auto,suv,643.2
lm12349,washington,f,bachelor,12282.84085,36328.0,155.0,0,corporate auto,suv,388.148089
xz62712,washington,f,high school or below,44468.02303,32948.0,127.0,1,personal auto,suv,1428.972913
sl70555,california,m,bachelor,8184.585992,69114.0,103.0,0,personal auto,suv,162.199584
xi31845,oregon,f,high school or below,16007.94954,45302.0,133.0,0,personal auto,suv,638.4
dq34772,arizona,m,high school or below,6361.845408,0.0,88.0,0,personal auto,four-door car,110.527627
xu57332,california,f,college,8736.501241,53173.0,112.0,0,personal auto,suv,1169.409787
sj87108,arizona,f,bachelor,4334.064096,23904.0,123.0,3,corporate auto,suv,590.4
pl33465,arizona,f,bachelor,4376.363592,63774.0,111.0,0,personal auto,four-door car,60.036683
xl80761,california,m,college,9294.088719,67544.0,116.0,0,corporate auto,suv,556.8
sb41594,california,m,college,2543.003943,26691.0,65.0,0,personal auto,four-door car,312.0
ub51030,washington,f,high school or below,6582.450781,0.0,62.0,0,special auto,four-door car,297.6
kt46283,california,m,college,4686.469674,58089.0,118.0,0,corporate auto,suv,566.4
wz65217,nevada,m,bachelor,14325.15261,0.0,136.0,0,personal auto,suv,652.8
jb11283,california,m,bachelor,12743.35175,99583.0,64.0,0,personal auto,four-door car,99.674341
tm13014,california,m,bachelor,2434.08581,0.0,68.0,0,personal auto,four-door car,271.489602
qs81789,oregon,f,bachelor,25107.09812,24410.0,73.0,0,corporate auto,four-door car,350.4
fp78531,california,f,bachelor,13432.00289,68956.0,118.0,2,personal auto,suv,118.538444
rn41087,california,f,high school or below,2753.780996,0.0,73.0,0,personal auto,four-door car,298.671049
wj88394,nevada,f,college,8653.302322,20588.0,113.0,0,personal auto,suv,586.390393
lh94971,oregon,m,bachelor,7057.888812,37840.0,90.0,0,corporate auto,four-door car,432.0
vw34309,oregon,f,bachelor,5906.940238,43440.0,74.0,0,personal auto,four-door car,128.21198
xh47320,nevada,f,master,2937.424534,83195.0,73.0,1,personal auto,two-door car,332.693627
gx13549,california,f,high school or below,4974.235309,0.0,70.0,0,personal auto,four-door car,336.0
vy32314,oregon,m,high school or below,4268.618821,43209.0,110.0,0,personal auto,luxury,528.0
tf65501,california,f,high school or below,4601.913754,37308.0,115.0,0,personal auto,suv,552.0
eo24423,arizona,m,master,2404.633766,22239.0,62.0,0,personal auto,four-door car,297.6
la79102,california,f,doctor,7638.442811,66106.0,95.0,1,personal auto,two-door car,250.323257
ft74388,nevada,m,high school or below,4623.624811,97065.0,117.0,0,personal auto,suv,561.6
ze59592,oregon,m,college,5470.181751,24910.0,69.0,0,personal auto,two-door car,746.107437
ju64043,oregon,m,master,4999.34581,49414.0,68.0,5,personal auto,four-door car,159.631303
tr96772,arizona,f,high school or below,15956.51879,61148.0,132.0,0,personal auto,luxury,98.206649
dq35195,arizona,f,bachelor,9275.681452,52494.0,119.0,0,corporate auto,two-door car,571.2
no74162,arizona,m,high school or below,7595.335237,20538.0,104.0,0,personal auto,suv,499.2
xp52012,arizona,m,high school or below,24258.71383,0.0,89.0,0,personal auto,two-door car,538.689882
hq16068,washington,m,high school or below,24636.96719,73716.0,103.0,0,special auto,luxury,162.662641
qm78112,washington,m,bachelor,2810.464447,26790.0,71.0,0,personal auto,two-door car,340.8
gi30974,oregon,m,bachelor,2337.356699,0.0,65.0,0,corporate auto,four-door car,468.0
nm51858,oregon,m,high school or below,4668.043154,53252.0,117.0,0,personal auto,suv,561.6
zl37444,california,m,doctor,10972.06778,24164.0,137.0,0,personal auto,luxury,657.6
ci60365,california,f,high school or below,34611.37896,20090.0,109.0,0,special auto,luxury,523.2
ix45386,arizona,m,college,2478.833596,81721.0,63.0,0,personal auto,four-door car,133.90029
zo29478,washington,f,high school or below,26197.41498,18495.0,113.0,0,personal auto,suv,542.4
ng34818,california,m,bachelor,6282.079645,42314.0,80.0,0,personal auto,four-door car,56.39419
ee95568,california,f,bachelor,10954.38352,89892.0,135.0,0,personal auto,suv,526.248798
lm84166,california,m,bachelor,3164.378577,0.0,92.0,1,personal auto,two-door car,662.4
ro32883,oregon,f,bachelor,7804.597655,0.0,117.0,4,personal auto,four-door car,91.055318
oi68331,california,f,doctor,5207.197499,21576.0,65.0,0,personal auto,four-door car,312.0
pw95813,oregon,f,high school or below,2886.451602,10312.0,78.0,0,personal auto,four-door car,486.278557
lm50087,arizona,f,college,2483.642397,50632.0,62.0,0,corporate auto,two-door car,54.961039
jd82896,california,f,high school or below,4896.261605,0.0,139.0,0,personal auto,suv,1000.8
ka62636,oregon,m,high school or below,4928.001408,97917.0,67.0,5,personal auto,two-door car,279.184512
vg85511,arizona,m,college,8759.592518,28280.0,116.0,0,personal auto,luxury,556.8
gt18023,california,f,high school or below,11281.52451,86195.0,139.0,0,special auto,suv,601.667902
vi35467,nevada,f,master,4315.6705,89797.0,106.0,0,personal auto,suv,70.958361
lf75926,arizona,m,college,4491.909095,0.0,63.0,0,personal auto,four-door car,302.4
ss13550,nevada,m,high school or below,6745.248379,0.0,192.0,0,personal auto,luxury,1921.248929
aa34092,california,m,college,28799.95415,33635.0,240.0,0,personal auto,luxury,1152.0
gq15708,oregon,m,bachelor,14503.02129,29790.0,194.0,0,personal auto,luxury,931.2
jr72064,arizona,m,high school or below,8270.625331,44656.0,70.0,0,personal auto,two-door car,336.0
an79079,arizona,m,doctor,12731.95161,40870.0,105.0,0,personal auto,suv,504.0
ds45844,california,m,college,4167.094538,0.0,117.0,0,corporate auto,luxury,94.94292
qj90136,california,f,high school or below,10455.48983,28363.0,133.0,0,personal auto,luxury,638.4
os95734,california,f,bachelor,7074.398104,94508.0,88.0,0,personal auto,four-door car,491.384479
kt21352,oregon,m,high school or below,7046.478698,0.0,64.0,0,personal auto,four-door car,324.695555
cg33085,oregon,m,doctor,13357.44544,0.0,124.0,0,personal auto,suv,696.034509
iu94124,arizona,m,college,18708.75831,0.0,77.0,1,personal auto,four-door car,554.4
hw93117,california,f,bachelor,8169.334846,0.0,116.0,0,corporate auto,luxury,835.2
on63161,oregon,f,high school or below,8583.272854,18017.0,114.0,0,personal auto,four-door car,547.2
ht64629,washington,f,high school or below,12234.36232,0.0,117.0,0,personal auto,suv,930.594707
xe59612,nevada,m,high school or below,7185.673718,63741.0,91.0,0,corporate auto,four-door car,36.980596
vz39362,oregon,f,high school or below,9060.204521,57078.0,113.0,1,personal auto,luxury,542.4
sl71970,oregon,f,high school or below,2336.177331,0.0,67.0,0,special auto,four-door car,458.661381
yo29244,oregon,f,bachelor,7995.41091,25239.0,100.0,0,personal auto,suv,150.96491
tn85931,oregon,f,high school or below,5897.555427,29227.0,74.0,0,special auto,two-door car,421.19002
pp92749,california,f,bachelor,3939.00637,60021.0,99.0,0,special auto,four-door car,882.871945
mb54287,oregon,f,bachelor,2695.352444,0.0,73.0,0,personal auto,four-door car,780.57363
jq93340,nevada,m,high school or below,5459.216794,83208.0,68.0,0,special auto,four-door car,325.866271
ln20978,oregon,f,bachelor,10721.61076,25983.0,90.0,0,corporate auto,four-door car,432.0
zd59913,oregon,f,high school or below,2491.257604,25965.0,65.0,0,corporate auto,four-door car,329.206567
bg80246,arizona,f,college,5570.17755,22679.0,72.0,0,personal auto,two-door car,345.6
vp48253,arizona,m,high school or below,5100.737803,41186.0,70.0,4,personal auto,four-door car,242.320409
br39076,california,f,high school or below,7633.821822,0.0,67.0,0,personal auto,four-door car,445.702958
zd29731,california,m,college,4656.665064,29070.0,61.0,2,personal auto,two-door car,292.8
qr88427,nevada,f,bachelor,4363.1982,0.0,63.0,0,personal auto,four-door car,302.4
wn69789,california,f,college,2526.729022,33485.0,63.0,0,personal auto,four-door car,343.705799
lz39487,washington,f,high school or below,5122.718927,58206.0,64.0,0,personal auto,four-door car,454.188803
go42840,oregon,m,high school or below,2483.544888,87492.0,62.0,0,personal auto,two-door car,264.461805
sr96970,oregon,m,bachelor,3489.276369,0.0,98.0,0,personal auto,four-door car,705.6
ed90879,nevada,m,bachelor,7325.917302,20757.0,102.0,3,corporate auto,four-door car,216.4268
ss69401,oregon,f,college,4841.057535,23449.0,61.0,0,corporate auto,four-door car,292.8
vf32335,arizona,m,college,19964.39708,0.0,192.0,0,personal auto,luxury,921.6
wx14028,nevada,f,college,32450.39142,60455.0,104.0,0,personal auto,suv,499.2
fp99321,washington,m,high school or below,2628.171324,0.0,89.0,4,personal auto,four-door car,640.8
qf21628,california,m,high school or below,3095.627124,53588.0,77.0,0,personal auto,four-door car,369.6
or40901,california,m,doctor,12731.95161,40870.0,105.0,0,corporate auto,suv,504.0
nf82527,arizona,m,bachelor,2631.564135,0.0,71.0,0,personal auto,two-door car,340.8
gd84658,nevada,f,high school or below,35984.10457,0.0,129.0,0,corporate auto,luxury,1267.549091
pa14842,washington,f,high school or below,2906.893312,45128.0,72.0,0,special auto,four-door car,66.667784
sa45648,california,m,bachelor,10628.06415,90874.0,137.0,4,personal auto,suv,459.785009
iq37561,arizona,f,high school or below,7590.961288,52823.0,95.0,0,personal auto,two-door car,125.768818
tp34946,california,m,college,5108.038755,26784.0,67.0,0,corporate auto,four-door car,482.4
tl20040,oregon,m,college,13989.84697,22354.0,118.0,0,personal auto,suv,775.526054
jm96431,oregon,m,college,3115.704933,54420.0,80.0,0,personal auto,four-door car,576.0
ln10007,oregon,f,college,13369.44267,50800.0,112.0,0,corporate auto,luxury,621.218119
wy17451,oregon,f,college,8621.185568,0.0,87.0,1,personal auto,four-door car,417.6
xs30210,arizona,m,college,10359.01985,84583.0,65.0,0,corporate auto,four-door car,238.868659
ud27331,nevada,m,bachelor,3241.838403,33701.0,88.0,3,personal auto,four-door car,460.815578
hc52114,california,f,bachelor,4344.99018,0.0,63.0,0,corporate auto,four-door car,462.63613
wg50184,arizona,f,doctor,5332.462694,68931.0,66.0,0,corporate auto,four-door car,309.577946
bq99053,oregon,m,college,7692.456014,0.0,105.0,0,personal auto,four-door car,504.0
iy77611,arizona,m,high school or below,26223.81193,0.0,115.0,1,corporate auto,suv,828.0
er24015,arizona,m,college,6930.625422,29318.0,198.0,5,personal auto,suv,1386.824722
sg71810,oregon,f,college,11610.25439,41503.0,73.0,0,personal auto,two-door car,15.001594
oq10108,oregon,m,high school or below,8937.118615,0.0,126.0,0,personal auto,suv,604.8
on45263,california,f,bachelor,2462.859762,0.0,69.0,0,personal auto,two-door car,427.25055
rd15786,oregon,m,bachelor,2300.691547,25905.0,63.0,0,personal auto,four-door car,302.4
tu64352,oregon,f,college,4078.023331,0.0,116.0,0,personal auto,luxury,835.2
cr12479,nevada,f,college,2868.598866,40046.0,73.0,0,personal auto,four-door car,118.509791
aw36627,california,f,high school or below,4428.031583,58577.0,110.0,0,personal auto,suv,303.872752
ud31660,california,m,bachelor,4061.590219,70129.0,103.0,1,personal auto,four-door car,130.495798
ql18084,nevada,m,master,18504.2801,91268.0,229.0,0,corporate auto,luxury,737.737825
dj11965,california,f,college,4904.894731,12902.0,139.0,0,personal auto,luxury,667.2
lt16517,oregon,f,high school or below,10827.87278,62053.0,134.0,0,personal auto,suv,614.03209
jg77605,nevada,f,bachelor,5745.121547,30389.0,73.0,0,personal auto,four-door car,278.932051
pd94851,nevada,m,bachelor,2423.259778,15585.0,65.0,0,personal auto,two-door car,67.618365
nk27819,arizona,m,college,5926.729379,23091.0,96.0,5,personal auto,four-door car,460.8
pl28709,california,f,college,4605.036646,22571.0,63.0,0,personal auto,four-door car,302.4
dy35560,oregon,m,high school or below,2132.771675,0.0,61.0,0,personal auto,four-door car,691.677138
lx23185,oregon,f,college,2643.71574,0.0,82.0,3,personal auto,two-door car,393.6
na39347,california,m,college,5824.224192,73976.0,73.0,0,personal auto,four-door car,338.529369
si32097,oregon,f,bachelor,6889.6161,30814.0,87.0,0,personal auto,four-door car,417.6
jd50909,arizona,f,bachelor,3008.099115,80681.0,74.0,0,corporate auto,four-door car,355.2
fb55024,oregon,f,high school or below,3286.171949,60934.0,82.0,0,personal auto,two-door car,393.6
nq51389,oregon,m,high school or below,13552.77776,0.0,62.0,2,corporate auto,two-door car,446.4
ea23961,california,f,college,5166.190278,80797.0,64.0,0,personal auto,four-door car,300.940297
rq78687,oregon,m,college,2945.998877,89410.0,74.0,0,personal auto,four-door car,95.997363
ze42703,nevada,m,bachelor,4863.470811,52728.0,127.0,1,corporate auto,suv,609.6
lz34164,nevada,f,bachelor,4892.617128,43199.0,61.0,0,personal auto,four-door car,334.007478
co44659,arizona,f,bachelor,3337.59441,43510.0,83.0,0,personal auto,four-door car,238.088581
yq53901,washington,f,bachelor,5246.278375,28909.0,66.0,0,personal auto,two-door car,456.702735
lx46285,oregon,f,master,9031.214859,0.0,122.0,0,personal auto,luxury,650.52179
gh90738,oregon,f,bachelor,3580.076125,71176.0,91.0,2,personal auto,two-door car,278.072755
fk10455,california,m,bachelor,9802.548509,84429.0,123.0,0,personal auto,suv,115.07234
gj77362,california,m,bachelor,4825.651946,61613.0,61.0,1,special auto,four-door car,40.562432
wj26538,california,m,master,3203.303695,68370.0,80.0,0,personal auto,four-door car,244.158446
in67175,california,f,college,5659.139938,52389.0,72.0,1,personal auto,four-door car,345.6
la52988,oregon,f,high school or below,4144.868939,64478.0,103.0,0,personal auto,suv,8.281829
zh89968,washington,f,high school or below,13770.97618,59207.0,116.0,0,personal auto,four-door car,556.8
ya17061,nevada,f,high school or below,3716.479655,17162.0,96.0,0,corporate auto,four-door car,460.8
nt76210,nevada,m,bachelor,3123.080994,0.0,101.0,4,personal auto,suv,960.115399
xl58577,california,m,bachelor,12168.74492,14973.0,115.0,0,personal auto,suv,828.0
wj57919,california,m,college,2674.730716,56342.0,69.0,0,special auto,four-door car,331.2
fg77231,oregon,f,bachelor,12741.84754,73054.0,106.0,1,personal auto,suv,419.365958
uh32376,nevada,m,bachelor,4037.547258,21586.0,106.0,0,personal auto,two-door car,1056.291709
ra43827,oregon,f,high school or below,8628.303301,0.0,117.0,0,special auto,suv,842.4
wa67245,oregon,f,high school or below,22093.61618,24193.0,185.0,0,personal auto,luxury,785.367947
gt65478,oregon,f,college,8217.427595,84815.0,68.0,0,personal auto,four-door car,279.996658
sz35936,oregon,f,high school or below,26197.41498,18495.0,113.0,0,corporate auto,suv,542.4
at41276,california,m,bachelor,8110.536059,36554.0,70.0,1,personal auto,two-door car,433.38842
jd94356,oregon,f,bachelor,4766.367352,0.0,68.0,0,personal auto,four-door car,656.959783
pu88199,oregon,m,high school or below,8819.018934,99845.0,110.0,1,corporate auto,suv,528.0
or33365,california,f,college,5171.272924,0.0,69.0,0,corporate auto,two-door car,344.469652
kq36942,california,m,bachelor,3896.572719,10853.0,104.0,0,corporate auto,suv,350.306385
ln62857,california,f,master,6005.027312,23749.0,77.0,0,personal auto,four-door car,151.550875
gy99465,oregon,f,college,6869.185344,0.0,69.0,2,corporate auto,four-door car,331.2
jv58396,california,m,bachelor,3054.541283,0.0,88.0,0,personal auto,four-door car,422.4
wc83553,oregon,m,college,4874.216555,92783.0,61.0,0,personal auto,two-door car,6.671268
cb95310,arizona,f,doctor,2747.429661,83502.0,68.0,0,personal auto,four-door car,368.963633
yy71144,oregon,m,college,8717.049833,83846.0,74.0,3,personal auto,four-door car,355.2
tp96247,oregon,f,high school or below,4099.659085,18606.0,110.0,1,personal auto,suv,568.844905
hc16500,arizona,m,doctor,8189.967712,72191.0,68.0,0,personal auto,four-door car,209.387509
am29546,oregon,m,college,5225.03143,57733.0,66.0,0,personal auto,two-door car,393.528054
zm31116,arizona,m,doctor,7949.28426,63688.0,99.0,0,personal auto,four-door car,475.2
vg40704,california,f,college,3135.405606,55855.0,79.0,0,personal auto,four-door car,272.9955
pj73790,oregon,f,bachelor,3939.00637,60021.0,99.0,0,special auto,four-door car,882.871945
ke36052,arizona,m,high school or below,5325.724541,0.0,73.0,0,corporate auto,two-door car,496.474767
hw97280,california,m,high school or below,19483.24011,74300.0,122.0,0,personal auto,suv,354.55391
wx10701,washington,m,bachelor,3459.230941,0.0,96.0,0,corporate auto,four-door car,460.8
cc16034,oregon,f,high school or below,17103.79173,51747.0,71.0,0,personal auto,four-door car,340.8
ya83600,arizona,f,high school or below,2753.312714,28887.0,73.0,2,personal auto,four-door car,425.81795
ue10014,arizona,m,high school or below,12866.89474,0.0,189.0,0,personal auto,luxury,1415.579302
nv11692,nevada,f,bachelor,4420.248983,0.0,68.0,3,personal auto,four-door car,546.420009
xj52902,nevada,m,high school or below,2756.472584,43540.0,70.0,0,corporate auto,two-door car,117.585017
ei89831,nevada,f,bachelor,7743.918426,96961.0,64.0,0,corporate auto,two-door car,81.377259
zy57929,arizona,f,college,8169.746083,32799.0,104.0,0,personal auto,suv,499.2
ki70852,nevada,f,bachelor,3569.864625,0.0,101.0,0,personal auto,suv,1201.085226
wd38067,california,f,bachelor,10656.88195,72540.0,88.0,0,personal auto,two-door car,631.743039
nq45562,california,m,master,7092.635635,35173.0,180.0,2,personal auto,luxury,415.331869
ru75129,washington,f,high school or below,2777.341885,65431.0,69.0,0,personal auto,four-door car,331.2
kc16062,arizona,f,high school or below,7550.41865,0.0,100.0,0,corporate auto,suv,480.0
vk57280,washington,m,bachelor,4727.354548,0.0,72.0,0,personal auto,four-door car,345.6
ap90638,arizona,m,high school or below,14274.55485,0.0,84.0,0,personal auto,four-door car,604.8
gf12712,california,f,high school or below,9559.340024,40672.0,121.0,0,corporate auto,suv,580.8
qq26855,california,f,high school or below,8879.790017,52583.0,113.0,0,personal auto,suv,528.20086
zj90079,arizona,f,college,5525.470004,64816.0,69.0,0,corporate auto,four-door car,331.2
ce75354,california,f,bachelor,5923.208,36685.0,74.0,0,corporate auto,four-door car,355.2
cp38401,oregon,m,high school or below,8501.652884,0.0,136.0,3,personal auto,luxury,979.2
zz42291,california,f,master,40235.9731,77143.0,125.0,3,personal auto,suv,176.006384
ei57866,arizona,m,master,2584.824329,60942.0,64.0,0,special auto,two-door car,288.205261
kl39986,arizona,f,high school or below,19278.81715,0.0,61.0,0,personal auto,two-door car,366.604732
pl18921,oregon,f,master,11981.98481,21514.0,62.0,0,personal auto,two-door car,257.248789
sr71068,washington,m,high school or below,3933.813993,25927.0,103.0,0,personal auto,suv,674.973614
jm47657,oregon,f,high school or below,2491.257604,25965.0,65.0,0,personal auto,four-door car,329.206567
jz54775,arizona,f,bachelor,7431.664369,27688.0,92.0,0,personal auto,four-door car,572.352362
lo57469,oregon,f,high school or below,7865.182898,75490.0,97.0,0,corporate auto,four-door car,43.084332
da99797,oregon,f,bachelor,15978.91049,33871.0,136.0,0,personal auto,suv,933.624655
wa63124,nevada,f,college,2113.85703,0.0,65.0,2,personal auto,four-door car,468.0
yv97407,california,m,college,8661.735884,85470.0,109.0,0,personal auto,suv,523.2
uq71296,washington,m,college,5625.307768,97095.0,70.0,0,personal auto,four-door car,208.035411
ly14687,washington,f,college,4592.150374,73604.0,114.0,0,personal auto,suv,184.222768
am32820,california,m,bachelor,3709.919724,0.0,112.0,0,personal auto,suv,1082.898726
zp47993,california,f,bachelor,8208.929715,40646.0,103.0,0,personal auto,four-door car,494.4
wn13366,arizona,f,high school or below,5595.389905,74454.0,71.0,0,personal auto,four-door car,340.8
mk87221,arizona,f,high school or below,3413.62256,18168.0,87.0,0,personal auto,two-door car,417.6
bc77846,nevada,m,high school or below,6325.030596,0.0,89.0,0,personal auto,two-door car,614.572672
yl27602,oregon,m,master,6393.874612,0.0,66.0,2,personal auto,four-door car,316.8
qs70017,arizona,m,bachelor,8738.401013,43597.0,110.0,0,personal auto,two-door car,528.0
pz80067,oregon,m,high school or below,4836.394361,0.0,140.0,0,personal auto,suv,672.0
fv62588,oregon,m,high school or below,24967.75842,66825.0,69.0,0,personal auto,four-door car,70.031111
in56924,california,f,high school or below,5409.955926,0.0,62.0,5,personal auto,four-door car,297.6
ix67925,california,m,bachelor,2344.233188,0.0,74.0,1,personal auto,four-door car,532.8
is58553,oregon,f,high school or below,15173.96841,22448.0,126.0,0,personal auto,suv,604.8
ab78984,oregon,m,college,11124.20636,42596.0,96.0,0,personal auto,four-door car,42.293622
wn13947,oregon,m,bachelor,4863.266809,0.0,70.0,0,corporate auto,four-door car,646.785442
va91846,arizona,m,college,5577.54128,97868.0,70.0,1,special auto,two-door car,267.786573
km58067,california,f,high school or below,4526.94696,92921.0,112.0,0,personal auto,suv,109.28708
el42453,washington,m,bachelor,2519.569496,41372.0,64.0,0,personal auto,four-door car,307.2
tp10619,california,f,high school or below,4892.422239,26660.0,63.0,0,personal auto,two-door car,453.6
ah41065,washington,m,high school or below,18943.26899,58851.0,79.0,1,personal auto,four-door car,494.187643
ss63511,california,m,high school or below,8564.768226,95697.0,107.0,0,corporate auto,luxury,178.006524
ne21279,california,f,master,4419.539523,0.0,112.0,0,personal auto,suv,537.6
tn71995,arizona,m,bachelor,5637.740051,0.0,84.0,1,personal auto,four-door car,403.2
om13505,washington,m,bachelor,5047.483378,81741.0,64.0,0,corporate auto,four-door car,186.448395
ki83797,oregon,f,college,4913.118904,48295.0,63.0,0,personal auto,four-door car,290.301553
sh60585,nevada,f,high school or below,5799.063709,65538.0,72.0,0,personal auto,four-door car,261.341223
gu33167,oregon,m,college,5568.984683,53997.0,69.0,0,personal auto,four-door car,345.158393
bx20846,oregon,f,college,3861.486269,93272.0,95.0,0,personal auto,four-door car,281.110788
vk69632,california,f,bachelor,2912.913958,68899.0,74.0,0,personal auto,two-door car,66.103422
ru72450,california,m,bachelor,6980.325287,0.0,67.0,0,corporate auto,four-door car,321.6
kn15789,nevada,f,high school or below,6769.324811,0.0,97.0,0,personal auto,four-door car,698.4
gg29821,oregon,m,bachelor,8193.555045,54950.0,103.0,0,corporate auto,suv,480.578584
rn98239,california,m,high school or below,7519.133631,96306.0,95.0,1,personal auto,four-door car,185.355353
ne83217,nevada,f,bachelor,3746.03079,70342.0,96.0,1,personal auto,four-door car,685.907341
yu72630,arizona,m,high school or below,2592.437797,72421.0,65.0,0,personal auto,four-door car,312.0
ez80325,california,f,bachelor,4548.291613,0.0,132.0,3,personal auto,luxury,950.4
ce41738,oregon,f,college,2885.002508,77748.0,72.0,0,personal auto,two-door car,7.214579
hf15113,oregon,f,bachelor,4883.551402,19096.0,64.0,0,personal auto,two-door car,374.8996
wz83320,arizona,f,master,9061.057741,73876.0,112.0,0,personal auto,four-door car,419.303041
xx31571,washington,m,high school or below,16728.34386,0.0,237.0,0,personal auto,luxury,1706.4
us90854,oregon,m,bachelor,11177.7521,20742.0,100.0,0,personal auto,suv,455.851876
fx55357,arizona,m,college,4364.311891,44804.0,114.0,0,corporate auto,suv,778.350073
lr32149,arizona,f,bachelor,22940.38215,52993.0,64.0,0,personal auto,four-door car,304.699889
uk66803,oregon,f,bachelor,4926.282836,49185.0,61.0,0,corporate auto,two-door car,126.950071
vo87159,oregon,f,high school or below,23086.36478,69240.0,194.0,0,personal auto,luxury,744.769131
qk23524,oregon,f,bachelor,5149.301306,26877.0,131.0,0,personal auto,suv,628.8
zq37164,arizona,f,bachelor,8016.747629,82828.0,67.0,1,personal auto,four-door car,217.472776
fg47217,california,m,bachelor,2538.857089,99824.0,63.0,0,special auto,four-door car,302.4
fq46354,california,m,bachelor,10498.92645,30352.0,89.0,0,personal auto,four-door car,146.110685
ag56998,oregon,m,college,2448.646138,0.0,69.0,0,corporate auto,two-door car,331.2
kg23128,oregon,m,bachelor,6057.07208,27681.0,83.0,0,personal auto,two-door car,398.4
nx34811,nevada,f,bachelor,8295.837442,85478.0,103.0,0,personal auto,two-door car,224.159416
py79729,oregon,f,high school or below,2786.661219,94310.0,70.0,4,corporate auto,four-door car,430.769347
vj64329,oregon,f,college,25464.82059,13663.0,97.0,0,corporate auto,four-door car,465.6
co71312,arizona,f,high school or below,11469.62991,10384.0,151.0,0,personal auto,suv,914.434097
vg83453,california,m,doctor,3557.368368,17272.0,93.0,0,personal auto,two-door car,446.4
jd78271,nevada,f,college,8317.302513,64367.0,104.0,0,personal auto,suv,96.431061
xm69101,oregon,m,bachelor,7601.951104,47519.0,96.0,0,personal auto,two-door car,245.248248
hk30754,arizona,m,college,9426.971158,26263.0,85.0,0,special auto,two-door car,475.159732
wj47053,oregon,m,bachelor,6418.849149,0.0,63.0,0,personal auto,two-door car,556.85728
hx36471,california,f,high school or below,6788.084852,0.0,93.0,0,personal auto,two-door car,855.341729
hs66275,california,f,high school or below,3358.660979,77309.0,83.0,0,personal auto,two-door car,596.320943
mb75636,oregon,f,college,2439.930981,50876.0,61.0,0,personal auto,four-door car,171.248196
kb35786,oregon,m,bachelor,4505.85011,20284.0,65.0,1,personal auto,four-door car,532.806637
lx42787,california,m,college,2309.596399,22567.0,69.0,0,personal auto,four-door car,496.8
ss34897,california,m,bachelor,2541.523959,63546.0,64.0,0,personal auto,four-door car,131.813652
zq92997,nevada,m,high school or below,6414.081362,0.0,89.0,0,personal auto,four-door car,640.8
ob66874,oregon,f,college,2585.206268,28137.0,65.0,0,personal auto,two-door car,312.0
le74625,california,m,master,2961.31408,22608.0,77.0,0,personal auto,four-door car,369.6
qn60028,california,m,bachelor,2759.978287,92296.0,69.0,0,corporate auto,two-door car,331.2
gv19121,oregon,m,college,3341.6835,0.0,69.0,5,personal auto,two-door car,331.2
ps43764,washington,m,high school or below,5169.49937,12430.0,73.0,0,special auto,four-door car,350.4
yw60802,oregon,f,high school or below,4117.37239,0.0,116.0,0,personal auto,suv,1301.796063
ui80897,washington,m,high school or below,5552.596353,50470.0,71.0,0,corporate auto,two-door car,377.498287
vv35420,arizona,m,high school or below,7285.030983,44788.0,61.0,0,personal auto,four-door car,386.031248
rw61528,nevada,f,college,13916.93446,52423.0,119.0,1,corporate auto,four-door car,571.2
lt60268,nevada,f,college,11044.42715,29696.0,139.0,0,personal auto,suv,478.107847
va77345,oregon,f,college,3531.039178,26884.0,89.0,0,special auto,four-door car,238.132215
wg15595,california,m,college,2759.618207,64388.0,69.0,0,personal auto,two-door car,331.2
fz45665,oregon,f,bachelor,6500.409697,0.0,61.0,0,personal auto,four-door car,292.8
mm90239,oregon,m,high school or below,6369.262355,34498.0,83.0,0,personal auto,two-door car,398.4
ug18431,arizona,m,bachelor,13083.48622,73060.0,108.0,0,special auto,suv,518.4
be78308,oregon,m,bachelor,2150.906016,0.0,63.0,0,personal auto,two-door car,453.6
em29019,arizona,f,bachelor,8447.888167,61337.0,105.0,0,personal auto,suv,2.54009
sk37917,nevada,m,college,5075.420953,0.0,73.0,0,corporate auto,two-door car,350.4
dd68171,arizona,f,bachelor,3527.851585,59496.0,88.0,0,personal auto,four-door car,189.144728
nf20746,oregon,f,bachelor,13061.51639,0.0,180.0,0,personal auto,luxury,1474.267145
py48656,arizona,f,master,6259.510365,37813.0,78.0,1,corporate auto,four-door car,39.781368
ao42003,oregon,f,college,16681.32634,55907.0,104.0,0,corporate auto,suv,499.2
dk41858,arizona,f,college,5791.610721,80480.0,72.0,0,personal auto,four-door car,242.842607
ty20016,oregon,m,bachelor,7980.488637,72734.0,66.0,0,personal auto,two-door car,195.218968
oh76118,washington,f,high school or below,2767.499996,0.0,72.0,0,personal auto,four-door car,22.326388
iz79227,arizona,m,bachelor,2975.256549,36548.0,76.0,0,personal auto,four-door car,547.2
hn10814,arizona,m,master,4178.586494,62113.0,104.0,0,personal auto,suv,5.894778
od25312,arizona,m,college,4734.257944,0.0,67.0,0,personal auto,four-door car,747.458052
zr32858,california,f,bachelor,4315.788632,41252.0,109.0,0,personal auto,suv,514.059402
fc68244,oregon,m,high school or below,6126.568309,61139.0,76.0,0,personal auto,four-door car,364.8
vs86041,arizona,f,bachelor,2694.599099,26744.0,68.0,0,corporate auto,two-door car,326.4
eq82942,california,f,bachelor,9338.08481,0.0,132.0,0,personal auto,suv,950.4
ze82255,california,f,college,18680.99387,74640.0,66.0,0,corporate auto,four-door car,375.514273
da79544,oregon,m,bachelor,2551.349248,88126.0,64.0,1,personal auto,four-door car,151.973156
wg33213,california,f,bachelor,2808.078361,55005.0,70.0,1,personal auto,four-door car,336.0
dp97298,california,m,high school or below,9710.286449,33190.0,123.0,0,personal auto,luxury,40.950769
jh73645,california,m,high school or below,15190.65404,0.0,71.0,4,personal auto,four-door car,839.593218
sk98708,oregon,f,college,4069.776372,0.0,117.0,0,corporate auto,four-door car,609.801279
zz62245,oregon,f,high school or below,6612.220871,0.0,97.0,2,personal auto,four-door car,669.399277
au46604,california,m,bachelor,2030.783687,0.0,64.0,1,personal auto,four-door car,731.479725
hd44279,arizona,f,bachelor,5090.44875,25226.0,71.0,1,personal auto,four-door car,340.8
ls99940,california,f,master,3353.381136,63398.0,83.0,0,personal auto,four-door car,292.206784
ey27917,oregon,m,master,8532.989751,30092.0,108.0,0,personal auto,suv,192.265438
zj22033,washington,m,college,2647.519741,37876.0,69.0,0,corporate auto,four-door car,300.056383
tz60132,oregon,f,high school or below,6071.907243,12201.0,84.0,0,corporate auto,four-door car,604.8
xg74199,oregon,m,college,9061.767848,37970.0,115.0,0,personal auto,suv,124.967415
ym74115,nevada,m,bachelor,2531.586761,28898.0,67.0,0,corporate auto,four-door car,82.811346
lo48126,oregon,f,high school or below,2467.129805,23845.0,61.0,0,personal auto,four-door car,292.8
nm37561,california,m,high school or below,7408.167551,62810.0,187.0,1,corporate auto,luxury,32.874675
hw19141,oregon,f,bachelor,3452.414955,65773.0,89.0,4,corporate auto,four-door car,245.308491
od21455,california,m,bachelor,4481.387593,0.0,69.0,0,personal auto,four-door car,232.183503
wn14477,california,m,bachelor,21235.44557,0.0,86.0,0,personal auto,four-door car,568.746405
yk88644,nevada,m,master,3370.074728,0.0,95.0,1,personal auto,four-door car,476.903351
yo41331,oregon,f,college,3746.751625,41479.0,94.0,1,personal auto,two-door car,19.575683
pb39857,california,m,master,5129.608404,72433.0,126.0,0,personal auto,suv,343.139611
nw67881,oregon,m,bachelor,12300.005,74586.0,103.0,0,personal auto,suv,494.4
bn13780,california,f,bachelor,18065.27192,0.0,234.0,0,personal auto,luxury,1135.141469
ez70847,washington,f,college,19644.76296,67326.0,69.0,0,corporate auto,four-door car,331.2
yr75102,arizona,m,college,35900.07644,25285.0,114.0,0,personal auto,suv,547.2
rs30611,arizona,m,high school or below,6838.767672,15871.0,89.0,0,personal auto,four-door car,427.2
qt61438,oregon,m,master,6519.287872,38795.0,82.0,1,corporate auto,two-door car,393.6
md44130,oregon,m,high school or below,5712.380598,24882.0,72.0,0,corporate auto,two-door car,345.6
ms78828,nevada,f,college,5126.54272,33169.0,128.0,0,personal auto,suv,614.4
dg31826,california,m,bachelor,4984.618655,86305.0,62.0,0,corporate auto,four-door car,80.73124
ww67905,oregon,m,high school or below,4102.199975,0.0,112.0,0,corporate auto,suv,537.6
ls92540,california,f,college,4111.197013,32210.0,103.0,0,corporate auto,suv,494.4
rp92511,nevada,m,bachelor,11085.87709,69090.0,139.0,0,personal auto,luxury,387.222556
lk63879,california,f,high school or below,4745.680421,0.0,63.0,0,personal auto,four-door car,523.337427
bt20606,arizona,m,doctor,5837.528088,83308.0,73.0,1,personal auto,four-door car,419.471438
ww31823,oregon,f,high school or below,19190.31894,39034.0,68.0,0,personal auto,four-door car,466.446708
mn79082,oregon,m,college,6444.076976,46750.0,82.0,1,corporate auto,two-door car,672.026958
id89933,oregon,f,doctor,7255.577594,39786.0,91.0,1,personal auto,four-door car,365.835977
nm77390,nevada,m,high school or below,8197.712164,56788.0,108.0,5,special auto,suv,579.710188
nn79124,nevada,m,bachelor,4554.911887,90156.0,114.0,0,personal auto,suv,388.346716
df97701,oregon,f,bachelor,7069.740965,63867.0,89.0,1,corporate auto,four-door car,432.361631
ej73184,california,f,bachelor,4743.694528,83413.0,118.0,0,personal auto,suv,134.801691
ge43335,nevada,m,college,4019.384424,0.0,118.0,0,personal auto,suv,566.4
hb68898,oregon,f,bachelor,20239.38353,36116.0,171.0,2,corporate auto,suv,158.126982
up80657,washington,m,college,2674.730716,56342.0,69.0,0,corporate auto,four-door car,331.2
pr13091,oregon,f,college,9206.429641,55542.0,117.0,0,personal auto,luxury,310.651386
yv73432,oregon,m,college,23187.14574,58466.0,66.0,1,personal auto,two-door car,316.8
cg90504,oregon,f,college,4770.550911,12964.0,65.0,0,personal auto,two-door car,362.774545
sh12501,washington,m,high school or below,3768.086327,43412.0,94.0,0,personal auto,two-door car,509.722387
zr58728,nevada,m,master,2893.739608,82611.0,74.0,1,personal auto,four-door car,355.2
ns57426,arizona,m,bachelor,11611.94584,28915.0,76.0,0,personal auto,four-door car,364.8
hu99414,oregon,m,high school or below,14246.14841,0.0,207.0,0,personal auto,luxury,1490.4
lp86596,arizona,f,high school or below,2554.551152,0.0,70.0,0,personal auto,four-door car,336.0
hr92775,california,f,college,3226.516193,91774.0,81.0,0,personal auto,four-door car,285.020982
dq69331,washington,m,high school or below,2227.072755,27972.0,61.0,0,personal auto,four-door car,292.8
sp41790,california,m,bachelor,10623.40552,0.0,96.0,0,personal auto,four-door car,460.8
ya52900,oregon,m,college,8304.688878,0.0,122.0,2,corporate auto,suv,681.328474
rq88363,california,f,college,5155.529312,77857.0,64.0,0,personal auto,four-door car,160.62847
oz37864,oregon,f,bachelor,4407.769164,0.0,62.0,0,personal auto,four-door car,114.097383
eh27304,california,f,doctor,2955.495724,56502.0,74.0,0,personal auto,four-door car,355.2
cr37971,oregon,m,bachelor,3900.906002,95018.0,97.0,0,personal auto,four-door car,315.879728
kl54950,oregon,m,bachelor,4531.372981,23705.0,122.0,4,personal auto,suv,585.6
ds75515,california,m,bachelor,2813.309659,72333.0,70.0,0,personal auto,two-door car,177.224451
yw72997,arizona,m,high school or below,7196.721128,0.0,107.0,0,personal auto,suv,770.4
mr13691,arizona,m,bachelor,6301.102478,47622.0,80.0,0,personal auto,four-door car,305.544034
pp20957,nevada,f,bachelor,7799.440458,0.0,105.0,0,personal auto,suv,504.0
kj41153,oregon,m,college,8292.626726,79632.0,106.0,1,personal auto,suv,344.048739
wx49215,oregon,m,master,18534.61157,16154.0,62.0,1,personal auto,four-door car,91.355165
ch78309,oregon,m,college,2906.298309,72211.0,73.0,0,personal auto,four-door car,44.912125
uf54329,california,m,college,6089.77238,70892.0,76.0,0,corporate auto,two-door car,206.709951
cq59706,washington,f,college,5016.144667,49367.0,63.0,0,personal auto,four-door car,69.230355
kp77095,arizona,f,bachelor,15470.59658,68086.0,194.0,0,corporate auto,suv,218.342169
pp14656,washington,m,master,5680.467468,90353.0,70.0,0,personal auto,two-door car,72.617605
qm74025,oregon,f,high school or below,4582.155128,49558.0,115.0,0,personal auto,suv,552.0
rw67951,washington,m,bachelor,8663.550386,93485.0,72.0,0,personal auto,four-door car,127.104785
ed13353,oregon,m,high school or below,5274.20076,10629.0,74.0,0,personal auto,four-door car,532.8
lg49010,california,m,bachelor,2620.601718,10237.0,72.0,0,personal auto,two-door car,253.637853
ua74474,oregon,f,college,4515.184003,87517.0,112.0,1,corporate auto,four-door car,802.278237
ac79024,nevada,m,bachelor,5533.229132,23241.0,70.0,0,personal auto,two-door car,504.0
sd61306,arizona,m,high school or below,5216.914471,60861.0,66.0,0,personal auto,four-door car,65.425125
pf88939,nevada,m,doctor,7860.086842,21726.0,104.0,0,personal auto,suv,697.010998
fg64765,arizona,m,bachelor,5016.553079,36313.0,67.0,2,personal auto,four-door car,300.375887
dc79319,california,f,bachelor,3351.567048,29160.0,87.0,0,personal auto,two-door car,417.6
hs45195,california,m,high school or below,6732.202033,0.0,99.0,0,personal auto,two-door car,712.8
vn73653,oregon,m,college,6423.739052,0.0,188.0,0,corporate auto,luxury,1621.560425
wl72919,california,f,college,4974.8733,48139.0,63.0,0,personal auto,four-door car,329.494
do31181,oregon,f,college,4739.297046,0.0,76.0,5,personal auto,two-door car,38.792481
wy23230,oregon,f,college,6086.431746,13688.0,84.0,0,personal auto,two-door car,403.2
sk89479,california,m,college,5016.641406,0.0,73.0,0,corporate auto,four-door car,525.6
bm30720,nevada,f,high school or below,7341.794924,27649.0,63.0,0,personal auto,four-door car,302.4
xg92008,arizona,f,master,3215.196994,24191.0,80.0,0,personal auto,four-door car,103.750234
cj46674,oregon,m,high school or below,2533.796807,0.0,71.0,0,corporate auto,four-door car,517.056582
uj31096,oregon,f,high school or below,5340.535477,58493.0,67.0,0,personal auto,four-door car,321.6
gs44464,california,f,high school or below,3644.833554,82477.0,90.0,0,personal auto,two-door car,432.0
xp35430,oregon,f,college,6382.047596,88663.0,79.0,0,special auto,four-door car,379.2
qi51950,nevada,f,high school or below,4303.637883,74057.0,109.0,0,personal auto,suv,523.2
pl88841,arizona,m,bachelor,4228.734374,0.0,63.0,2,corporate auto,two-door car,302.4
zw51790,arizona,f,college,10426.08551,52342.0,66.0,3,personal auto,two-door car,316.8
my80820,california,m,bachelor,2484.747576,42012.0,63.0,0,corporate auto,four-door car,40.754246
ne13752,arizona,m,bachelor,8232.760182,56021.0,69.0,0,personal auto,four-door car,279.51121
vl51487,california,m,high school or below,21768.69952,35124.0,137.0,0,personal auto,suv,986.4
dd97473,oregon,f,high school or below,2160.920387,0.0,62.0,1,personal auto,four-door car,439.001718
qj89807,nevada,f,high school or below,4423.690041,0.0,125.0,0,personal auto,suv,900.0
gk24074,arizona,f,college,3691.765242,37202.0,93.0,0,personal auto,two-door car,322.528829
dl61016,oregon,m,college,4940.508153,65985.0,71.0,5,special auto,four-door car,42.43131
ev60177,california,f,high school or below,8503.942634,87771.0,74.0,4,personal auto,four-door car,355.2
os96036,arizona,f,college,41143.09011,63624.0,115.0,2,personal auto,suv,306.337632
af37776,california,f,bachelor,10419.16743,80192.0,129.0,0,personal auto,suv,200.662297
nc78961,oregon,m,bachelor,4139.89767,35945.0,105.0,0,personal auto,suv,756.0
ya15471,oregon,m,college,7627.660848,93004.0,63.0,0,corporate auto,four-door car,205.957043
kx80728,washington,m,high school or below,6162.369756,0.0,89.0,0,personal auto,four-door car,941.347502
vv47792,california,f,college,25807.063,71210.0,214.0,1,personal auto,luxury,1027.2
ge80842,oregon,f,college,15506.9278,99159.0,190.0,0,personal auto,luxury,912.0
qa93530,nevada,f,college,5757.489397,81491.0,72.0,0,personal auto,four-door car,61.715527
ga27295,california,f,master,39365.29616,99875.0,108.0,0,personal auto,suv,114.972914
el55611,california,f,high school or below,5555.492159,51705.0,139.0,0,personal auto,suv,545.291103
tl39050,arizona,f,bachelor,23893.3041,39837.0,201.0,0,corporate auto,luxury,381.306996
zq96022,oregon,f,college,9594.78115,31421.0,81.0,0,personal auto,two-door car,388.8
om69210,arizona,m,bachelor,5411.936509,81531.0,135.0,0,personal auto,suv,420.434259
vu72280,california,f,bachelor,5318.89664,25134.0,67.0,0,corporate auto,four-door car,321.6
wc21189,california,f,college,7731.713059,37386.0,97.0,0,corporate auto,four-door car,465.6
jx50334,california,f,college,2004.350666,0.0,66.0,4,corporate auto,four-door car,316.8
gb70736,oregon,f,college,5510.965059,99553.0,68.0,0,corporate auto,four-door car,111.586995
pu21485,arizona,f,bachelor,11158.12643,0.0,161.0,0,corporate auto,suv,1159.2
mf49636,arizona,m,high school or below,5390.27165,70705.0,69.0,2,personal auto,two-door car,272.024652
tg29325,nevada,f,college,2658.217729,22724.0,69.0,0,personal auto,four-door car,9.424668
mw83318,oregon,f,college,8826.611996,26320.0,111.0,0,corporate auto,suv,603.819794
lm54297,nevada,m,bachelor,4713.404623,0.0,69.0,0,personal auto,four-door car,806.534801
ni78185,california,m,college,2393.915369,0.0,70.0,0,personal auto,four-door car,425.266308
hl14274,california,f,college,11895.18188,88218.0,99.0,0,personal auto,two-door car,50.32306
sf86727,nevada,m,master,5580.960642,25180.0,70.0,0,personal auto,four-door car,235.895575
em89554,oregon,f,bachelor,8617.550432,48091.0,108.0,0,personal auto,suv,132.041491
xp50892,oregon,m,high school or below,3940.123576,92539.0,100.0,0,corporate auto,suv,25.713622
vh77056,arizona,f,bachelor,2448.765205,40658.0,61.0,1,personal auto,four-door car,38.379869
jf19701,arizona,m,bachelor,4439.677708,75453.0,112.0,0,special auto,suv,163.9498
jn49891,oregon,m,college,2534.946955,94003.0,64.0,0,personal auto,four-door car,307.2
cx65318,arizona,m,master,17420.56565,31737.0,218.0,0,personal auto,luxury,1046.4
hl35876,washington,m,college,2393.915369,0.0,70.0,0,personal auto,four-door car,425.266308
rd87161,washington,f,high school or below,2681.332102,0.0,71.0,1,personal auto,four-door car,340.8
cf50291,california,f,college,4272.80504,0.0,114.0,0,personal auto,four-door car,1343.619461
vf35858,california,m,bachelor,15284.33065,48885.0,190.0,0,personal auto,luxury,1090.122048
xg55762,nevada,f,bachelor,20186.34693,0.0,79.0,0,corporate auto,four-door car,379.2
ec28314,california,m,bachelor,4984.618655,86305.0,62.0,0,personal auto,four-door car,80.73124
gr53936,oregon,f,bachelor,5246.278375,28909.0,66.0,0,corporate auto,two-door car,456.702735
dv51398,california,m,high school or below,8827.229838,0.0,123.0,1,personal auto,suv,1088.38378
yf81002,oregon,m,college,3269.013926,26140.0,84.0,1,personal auto,two-door car,403.2
ym20358,oregon,m,bachelor,16979.79757,35095.0,73.0,0,personal auto,two-door car,525.6
az75509,arizona,f,bachelor,2479.920134,31678.0,63.0,0,personal auto,two-door car,76.629988
no93155,arizona,m,master,7200.566588,28245.0,62.0,0,personal auto,two-door car,297.6
fg21322,oregon,f,bachelor,7917.119912,0.0,72.0,0,personal auto,four-door car,345.6
go44613,nevada,f,high school or below,24061.11048,19168.0,106.0,1,personal auto,suv,508.8
zw93288,california,f,master,19160.98994,22705.0,239.0,0,personal auto,luxury,1294.700423
ms67230,nevada,f,college,23295.06014,86481.0,65.0,0,corporate auto,two-door car,189.971267
fq32742,arizona,m,doctor,7553.936525,38008.0,68.0,4,personal auto,four-door car,321.789644
yf30946,california,m,college,2405.618791,63032.0,61.0,0,personal auto,four-door car,404.550554
th69908,washington,f,college,4865.371797,27228.0,129.0,4,personal auto,luxury,238.262773
qa78691,nevada,f,bachelor,16388.09542,0.0,68.0,1,personal auto,four-door car,483.578159
nl44360,oregon,f,bachelor,2611.14858,13424.0,71.0,0,personal auto,four-door car,340.8
ho77809,oregon,f,college,8688.754812,59098.0,110.0,0,personal auto,suv,665.931223
mc30750,oregon,f,master,13736.1325,16181.0,181.0,0,personal auto,suv,1261.319869
hu41273,oregon,m,high school or below,8564.768226,95697.0,107.0,0,personal auto,luxury,178.006524
vs73599,arizona,m,college,7019.177186,26806.0,63.0,0,personal auto,four-door car,302.4
to74000,oregon,m,high school or below,8114.409136,30595.0,69.0,0,corporate auto,four-door car,446.08476
ms45259,nevada,m,college,4864.382304,88079.0,61.0,0,personal auto,two-door car,121.88814
li45265,oregon,f,bachelor,8569.422637,99803.0,71.0,0,personal auto,four-door car,189.143402
lk70293,nevada,f,high school or below,17793.60797,0.0,118.0,0,personal auto,four-door car,1118.990694
fy24370,oregon,m,bachelor,12944.18562,0.0,191.0,0,personal auto,luxury,1375.2
ye64125,oregon,f,college,2649.207711,36283.0,68.0,1,personal auto,four-door car,291.410965
qt39025,arizona,f,bachelor,4582.899414,66991.0,115.0,0,personal auto,suv,399.617715
lo15516,california,m,bachelor,2691.70088,34322.0,70.0,2,corporate auto,four-door car,336.0
fm47139,oregon,f,college,2466.376803,44855.0,63.0,1,personal auto,four-door car,103.607499
lw59140,arizona,m,bachelor,9277.472901,97729.0,115.0,1,personal auto,four-door car,221.047584
ja26024,oregon,f,high school or below,4142.561212,48263.0,104.0,0,personal auto,two-door car,674.863718
yf16441,california,f,bachelor,27990.27159,68343.0,79.0,0,personal auto,two-door car,379.2
qt43282,oregon,m,master,9409.143498,76847.0,118.0,0,corporate auto,suv,31.58501
nl17964,oregon,m,high school or below,2581.022016,35795.0,65.0,0,personal auto,four-door car,312.0
cd27895,california,f,bachelor,7637.111954,0.0,71.0,0,personal auto,four-door car,340.8
cf62992,oregon,f,high school or below,2471.077732,53074.0,61.0,0,personal auto,two-door car,268.773368
qk23742,california,f,college,2302.818965,0.0,63.0,0,corporate auto,four-door car,732.638975
uv64489,arizona,f,bachelor,8716.368952,28743.0,112.0,0,personal auto,suv,537.6
ed65109,california,f,college,5207.985921,81839.0,65.0,1,personal auto,four-door car,74.666163
sc40169,oregon,f,college,2719.506996,14030.0,72.0,0,personal auto,two-door car,345.6
pw88443,oregon,f,college,2452.726922,32764.0,61.0,0,personal auto,two-door car,292.953446
yz38778,oregon,m,master,3829.090645,74775.0,95.0,0,personal auto,four-door car,676.658911
eo77382,arizona,f,bachelor,8873.525122,53503.0,114.0,0,personal auto,four-door car,547.2
sm42728,california,m,college,15925.05739,34455.0,135.0,0,personal auto,suv,648.0
px31667,washington,m,high school or below,2952.360309,52198.0,74.0,0,personal auto,two-door car,355.2
nc35008,oregon,f,college,15923.95503,64429.0,133.0,2,personal auto,suv,222.080015
xc77244,oregon,m,high school or below,7285.030983,44788.0,61.0,0,personal auto,four-door car,386.031248
um52895,california,f,bachelor,13104.30284,30130.0,110.0,0,personal auto,suv,528.0
wv39838,arizona,f,college,2436.839358,0.0,65.0,0,personal auto,two-door car,149.241472
it92328,nevada,m,high school or below,9350.872287,0.0,275.0,1,corporate auto,luxury,1980.0
qd86074,oregon,f,high school or below,9035.671134,34337.0,113.0,0,corporate auto,four-door car,542.4
wh80404,california,m,high school or below,17250.74771,22276.0,111.0,1,personal auto,suv,783.211084
xh20787,california,m,college,2549.080421,52980.0,64.0,0,personal auto,four-door car,191.945693
zu50513,california,f,bachelor,8954.840118,97736.0,74.0,0,personal auto,four-door car,60.090984
tw42649,washington,f,college,2467.97792,0.0,67.0,0,corporate auto,two-door car,222.903462
qh46481,washington,f,high school or below,7700.619936,0.0,73.0,1,corporate auto,four-door car,792.868448
mq73697,nevada,f,college,3776.665506,68727.0,94.0,0,corporate auto,two-door car,386.520235
ug48681,nevada,m,bachelor,8044.872393,71391.0,67.0,0,personal auto,four-door car,284.000172
id58230,california,f,college,5029.671927,62271.0,63.0,0,personal auto,four-door car,25.478179
dy35486,california,m,high school or below,19957.79034,0.0,187.0,0,personal auto,luxury,1346.4
ep64833,california,f,high school or below,6179.699689,0.0,86.0,0,corporate auto,four-door car,412.8
mc69755,washington,f,bachelor,5678.050167,0.0,76.0,0,personal auto,four-door car,364.8
zz41158,washington,m,college,4089.429492,28506.0,104.0,0,personal auto,suv,499.2
qm59790,arizona,f,high school or below,3142.87734,0.0,86.0,0,personal auto,four-door car,412.8
ll67008,california,f,bachelor,22895.34606,0.0,94.0,0,corporate auto,four-door car,676.8
zu69163,california,f,doctor,5586.893159,94161.0,69.0,0,personal auto,four-door car,108.989737
eb72052,oregon,m,college,12105.29422,33345.0,102.0,0,personal auto,suv,694.078608
wa60547,california,f,college,11971.97765,64195.0,158.0,4,personal auto,suv,618.288849
rv97631,oregon,f,college,15328.45723,0.0,138.0,0,corporate auto,suv,688.828746
ss20130,oregon,f,bachelor,5424.256733,67414.0,68.0,0,personal auto,four-door car,148.778455
zi72165,arizona,m,high school or below,4981.825724,33176.0,63.0,0,corporate auto,four-door car,302.4
hd29166,oregon,f,bachelor,14635.45158,0.0,139.0,0,personal auto,suv,667.2
np30139,oregon,m,college,6862.866306,56779.0,86.0,0,corporate auto,four-door car,435.388932
fv54537,california,m,college,13745.04802,40810.0,114.0,0,personal auto,suv,780.378964
sg62327,nevada,m,high school or below,8111.651948,30622.0,68.0,0,corporate auto,four-door car,326.4
fx26050,oregon,m,doctor,22712.02364,14119.0,67.0,0,special auto,two-door car,68.019973
du50092,oregon,f,college,56675.93768,77237.0,283.0,0,personal auto,luxury,1358.4
eu48798,nevada,f,college,8160.587729,24980.0,71.0,0,personal auto,two-door car,511.2
we93328,nevada,f,high school or below,3919.366722,66676.0,97.0,0,corporate auto,four-door car,558.099357
kp83069,california,f,high school or below,7286.155383,0.0,69.0,1,personal auto,four-door car,669.716478
go56075,oregon,m,high school or below,7589.634,0.0,69.0,0,personal auto,four-door car,331.2
di19952,arizona,f,bachelor,9032.370378,0.0,82.0,0,personal auto,four-door car,157.208336
sv58690,california,m,bachelor,5555.556089,41853.0,71.0,0,personal auto,two-door car,155.511553
rf35142,nevada,f,bachelor,8257.666512,23815.0,73.0,0,personal auto,four-door car,424.330166
cu69816,california,m,bachelor,2721.749756,22885.0,73.0,0,corporate auto,four-door car,386.245297
jm67025,nevada,m,high school or below,5230.092742,32630.0,66.0,0,personal auto,four-door car,202.961374
ob69329,california,f,college,6273.911874,18577.0,86.0,0,personal auto,four-door car,412.8
gf19726,oregon,m,high school or below,5866.068903,75952.0,73.0,0,personal auto,two-door car,350.4
fh39427,nevada,m,bachelor,8802.188243,96390.0,73.0,0,corporate auto,two-door car,316.977588
vm69145,california,f,college,8722.895091,25680.0,73.0,0,personal auto,two-door car,332.40907
gn76399,nevada,m,bachelor,8178.521899,0.0,112.0,0,personal auto,four-door car,806.4
iv94496,nevada,m,high school or below,43217.21611,51504.0,220.0,0,personal auto,luxury,2552.343856
nm91640,oregon,m,high school or below,2442.216651,0.0,74.0,3,personal auto,four-door car,532.8
ds46955,california,f,master,2919.710443,41456.0,73.0,0,personal auto,four-door car,257.380112
lu82585,nevada,m,high school or below,6366.225775,44368.0,80.0,0,personal auto,two-door car,384.0
qx31376,oregon,f,master,17114.32815,70961.0,85.0,0,corporate auto,four-door car,408.0
sq36805,oregon,f,doctor,2395.57,21986.0,63.0,0,personal auto,two-door car,333.696228
uy57856,oregon,f,college,2987.949471,0.0,83.0,0,corporate auto,four-door car,708.693556
og84541,arizona,f,master,12780.276,33514.0,105.0,0,personal auto,luxury,265.215014
nt66759,arizona,f,college,3906.669584,60230.0,98.0,0,personal auto,four-door car,8.129056
pr74307,california,m,high school or below,2594.591182,0.0,70.0,1,corporate auto,four-door car,494.196873
pw15144,washington,m,college,5267.848664,40818.0,66.0,0,personal auto,four-door car,316.8
ks89479,oregon,m,college,9095.049868,37937.0,116.0,0,personal auto,suv,556.8
qa22158,arizona,f,college,7122.273163,64571.0,89.0,0,corporate auto,four-door car,452.115601
mk32733,california,m,bachelor,9117.441695,0.0,126.0,0,corporate auto,suv,421.906803
wl85494,california,m,college,41075.42879,21988.0,209.0,0,personal auto,luxury,1003.2
rz79717,arizona,m,high school or below,3486.699561,0.0,95.0,0,corporate auto,four-door car,684.0
ns12730,oregon,m,bachelor,7297.687812,24672.0,93.0,0,personal auto,two-door car,669.6
yk32760,oregon,m,high school or below,2502.209885,0.0,74.0,1,corporate auto,four-door car,355.2
ss77718,california,m,bachelor,9955.490835,0.0,96.0,0,personal auto,four-door car,460.8
qp62600,oregon,m,bachelor,7094.158873,72878.0,61.0,2,corporate auto,two-door car,45.463345
et47892,oregon,m,college,12280.76661,88340.0,102.0,0,personal auto,two-door car,489.6
ps78418,oregon,m,bachelor,5773.90039,52278.0,73.0,0,personal auto,two-door car,234.997994
sk32629,california,f,college,4904.894731,12902.0,139.0,0,personal auto,luxury,667.2
lq79472,arizona,m,college,3423.822189,99816.0,86.0,0,corporate auto,two-door car,172.913031
ai58500,arizona,f,college,2689.16845,26554.0,68.0,1,personal auto,two-door car,391.687368
me47990,california,m,high school or below,3109.007806,77485.0,77.0,0,corporate auto,four-door car,355.909266
ku25309,oregon,m,college,22425.25604,22537.0,64.0,1,corporate auto,four-door car,307.2
rw66792,california,f,high school or below,5705.547071,76522.0,71.0,0,personal auto,four-door car,340.8
mn32305,oregon,f,college,2063.387895,0.0,64.0,3,personal auto,four-door car,602.911057
xs98744,oregon,f,master,5096.673223,22886.0,65.0,0,special auto,four-door car,312.0
sl19130,oregon,m,high school or below,4101.935985,0.0,115.0,0,personal auto,two-door car,552.0
jg66653,oregon,m,high school or below,2537.929538,25506.0,65.0,0,personal auto,two-door car,312.0
gq17441,nevada,m,high school or below,3651.69247,0.0,110.0,0,personal auto,suv,1265.387328
wl67313,california,f,college,10014.05568,0.0,98.0,1,personal auto,two-door car,705.6
lx33054,oregon,m,high school or below,6758.807188,0.0,191.0,0,personal auto,luxury,2042.569089
hn97052,oregon,f,college,5205.90965,0.0,72.0,0,personal auto,two-door car,345.6
eb12732,oregon,f,high school or below,2847.965582,96357.0,71.0,1,personal auto,four-door car,238.245103
ka29693,california,m,college,11513.35549,16266.0,100.0,0,special auto,suv,1177.323534
ke41602,arizona,m,high school or below,7588.35586,76516.0,95.0,0,personal auto,two-door car,661.008979
qf17193,arizona,f,college,2389.310128,20484.0,61.0,0,personal auto,four-door car,181.218317
iq63581,california,f,master,5066.827444,40215.0,64.0,0,personal auto,four-door car,98.480884
mr39613,california,m,bachelor,36860.90798,22854.0,122.0,0,special auto,luxury,878.4
rq22171,california,f,high school or below,3961.58618,0.0,118.0,1,corporate auto,suv,264.642948
qv89791,california,f,high school or below,8476.80656,55217.0,107.0,2,personal auto,two-door car,696.115596
md15300,california,m,college,10110.76997,76276.0,86.0,0,corporate auto,two-door car,93.309811
ow33876,washington,f,college,2476.480866,47918.0,62.0,0,corporate auto,two-door car,246.256648
sk12752,california,f,bachelor,4462.997006,0.0,73.0,3,corporate auto,two-door car,350.4
bw65176,arizona,m,college,3141.252909,43499.0,80.0,0,personal auto,four-door car,529.490007
xv31269,oregon,m,high school or below,2496.140812,0.0,72.0,0,corporate auto,two-door car,518.4
nv94455,arizona,f,college,6861.278936,0.0,71.0,3,personal auto,two-door car,476.197355
qa32784,oregon,m,bachelor,4983.178714,21497.0,128.0,0,personal auto,luxury,614.4
uh41125,arizona,m,high school or below,2227.072755,27972.0,61.0,0,personal auto,four-door car,292.8
vs28690,nevada,f,master,9670.181104,20942.0,84.0,0,personal auto,four-door car,403.2
sd63822,oregon,f,bachelor,5088.687654,0.0,71.0,0,corporate auto,four-door car,511.2
qe50648,washington,f,high school or below,7095.134789,74298.0,177.0,0,corporate auto,luxury,161.537767
el77795,california,f,college,5437.908293,23339.0,138.0,0,corporate auto,suv,666.307195
vk98184,arizona,f,college,5033.693296,77031.0,125.0,0,personal auto,suv,600.0
br69566,oregon,m,college,14019.83314,31739.0,71.0,0,personal auto,two-door car,469.882367
ai16519,nevada,m,high school or below,4877.61238,0.0,66.0,0,personal auto,two-door car,420.39344
sn67992,washington,f,bachelor,3449.494119,25236.0,89.0,0,personal auto,four-door car,427.2
be31382,oregon,f,college,3771.617797,0.0,103.0,1,personal auto,suv,685.227276
zp49970,oregon,m,bachelor,5824.817366,40964.0,74.0,0,special auto,two-door car,355.2
oa23108,oregon,f,doctor,4379.92784,40896.0,109.0,0,personal auto,luxury,319.294289
ly90785,oregon,m,bachelor,5793.157728,95733.0,72.0,0,corporate auto,two-door car,475.423848
zr66788,california,f,high school or below,2725.680297,39161.0,71.0,3,personal auto,four-door car,340.8
bl12371,arizona,m,master,5790.565333,84551.0,72.0,0,personal auto,four-door car,28.92584
gb68813,nevada,f,bachelor,8502.237137,12843.0,111.0,0,corporate auto,four-door car,1143.494486
ig90926,arizona,f,college,2476.588891,71551.0,62.0,0,personal auto,four-door car,297.6
ct86614,arizona,m,bachelor,2426.95904,0.0,71.0,0,corporate auto,four-door car,511.2
bl13393,oregon,f,high school or below,5897.986595,77835.0,74.0,1,personal auto,four-door car,43.618784
tu33850,washington,f,bachelor,4617.391775,16764.0,61.0,0,personal auto,four-door car,292.8
il25109,nevada,m,high school or below,12521.42105,39007.0,105.0,0,personal auto,two-door car,1023.844984
op67672,washington,f,master,9079.823377,20290.0,113.0,0,personal auto,suv,766.519022
nw73460,arizona,f,high school or below,7777.201669,46182.0,65.0,0,corporate auto,two-door car,2.574682
lw57693,oregon,f,college,5601.68063,11920.0,74.0,0,personal auto,four-door car,355.2
jd81426,arizona,m,high school or below,3459.037949,97162.0,86.0,0,personal auto,four-door car,32.715179
am99192,arizona,m,college,9061.951591,42743.0,117.0,1,personal auto,suv,101.288057
lq31287,oregon,f,college,6866.093807,0.0,64.0,0,personal auto,two-door car,40.44586
zu25563,california,f,college,2659.70565,0.0,87.0,3,personal auto,four-door car,420.041981
ru75949,oregon,m,college,12332.51669,85789.0,105.0,2,personal auto,luxury,122.302824
dv85764,california,m,high school or below,21172.38983,0.0,82.0,0,personal auto,four-door car,588.269018
vu33725,oregon,m,high school or below,3677.907634,31349.0,93.0,0,corporate auto,four-door car,446.4
sv43220,oregon,m,college,9816.528302,37256.0,62.0,0,personal auto,four-door car,128.969729
wl61717,arizona,f,bachelor,4922.165949,0.0,69.0,0,personal auto,four-door car,331.2
iw17510,california,f,high school or below,7583.962264,0.0,102.0,0,personal auto,luxury,848.161322
zs35830,oregon,f,college,2685.901421,58166.0,67.0,0,personal auto,four-door car,91.914969
ty95197,washington,f,college,4132.58858,0.0,63.0,1,personal auto,four-door car,453.6
pu73501,arizona,m,bachelor,8622.835375,97361.0,73.0,0,personal auto,four-door car,350.4
fp65563,washington,m,high school or below,15253.26436,51937.0,193.0,0,personal auto,luxury,850.389259
ic44995,oregon,f,college,4277.560211,75921.0,106.0,0,personal auto,suv,609.680428
ay55759,california,f,high school or below,20096.89337,92766.0,71.0,0,personal auto,two-door car,379.029102
go94903,oregon,f,college,4770.550911,12964.0,65.0,0,personal auto,two-door car,362.774545
tf35512,oregon,f,college,7025.65076,48117.0,88.0,0,corporate auto,four-door car,422.4
hy43263,california,f,bachelor,8265.379176,0.0,77.0,0,corporate auto,two-door car,554.4
wp34496,washington,m,high school or below,24552.8746,0.0,118.0,1,personal auto,suv,966.541071
qe73187,oregon,m,high school or below,4407.97312,66152.0,111.0,0,corporate auto,suv,532.8
wl13766,arizona,m,high school or below,2482.195895,31093.0,64.0,0,personal auto,four-door car,274.956819
vt44999,arizona,f,high school or below,3858.867206,0.0,107.0,1,personal auto,suv,513.6
rz14993,california,f,high school or below,11572.10339,0.0,166.0,0,special auto,luxury,1195.2
xi14610,california,f,college,3645.464325,19121.0,95.0,0,personal auto,four-door car,915.188647
ve31268,oregon,m,bachelor,4362.772279,0.0,65.0,0,personal auto,four-door car,468.0
zd13262,oregon,f,high school or below,10425.98532,68563.0,131.0,1,personal auto,suv,350.097052
oj58066,nevada,m,high school or below,7025.04419,24726.0,92.0,1,personal auto,four-door car,150.693773
rk81706,arizona,f,college,7388.733207,0.0,97.0,0,personal auto,four-door car,638.371157
ni18835,california,m,bachelor,2927.734329,51991.0,73.0,0,personal auto,four-door car,124.376921
ra87395,california,m,bachelor,8356.181097,0.0,118.0,0,personal auto,suv,153.176419
qn13323,oregon,m,high school or below,8718.056722,89096.0,111.0,0,personal auto,suv,64.98293
bc53363,oregon,f,high school or below,35227.29912,23031.0,148.0,0,special auto,suv,710.4
vb26229,arizona,m,bachelor,8697.882675,29540.0,73.0,0,personal auto,four-door car,350.4
ad28535,california,f,master,3554.845264,58557.0,88.0,0,personal auto,four-door car,55.510526
se50560,oregon,m,college,2818.31302,88816.0,70.0,0,personal auto,two-door car,164.282841
yl65673,california,f,bachelor,19045.50012,0.0,61.0,0,personal auto,four-door car,439.2
wk65741,california,f,high school or below,2893.806196,61809.0,72.0,0,personal auto,two-door car,328.004855
gz77449,california,m,college,14439.80313,58452.0,186.0,0,corporate auto,luxury,892.8
of49789,oregon,f,college,5121.838914,57161.0,127.0,0,personal auto,luxury,609.6
yx54093,arizona,m,college,2217.664193,0.0,65.0,0,personal auto,four-door car,111.872115
td19026,california,f,high school or below,2861.717418,90083.0,71.0,0,personal auto,two-door car,181.689191
xt67997,california,f,high school or below,5979.724161,57693.0,76.0,0,personal auto,four-door car,547.2
wp65749,nevada,m,college,7377.231238,0.0,69.0,0,personal auto,four-door car,331.2
yt91759,california,m,high school or below,6366.225775,44368.0,80.0,0,personal auto,two-door car,384.0
yh20696,oregon,m,college,8657.968597,68727.0,72.0,0,personal auto,four-door car,171.475838
ns14955,oregon,f,master,11726.18921,40564.0,97.0,0,personal auto,four-door car,85.968142
uh79028,nevada,m,high school or below,5780.182197,51066.0,74.0,0,personal auto,four-door car,787.993313
jm89095,oregon,m,high school or below,10058.74013,0.0,92.0,0,personal auto,two-door car,640.229108
nk26146,washington,f,college,7072.928971,90551.0,61.0,4,corporate auto,four-door car,374.527412
he99696,washington,f,college,4787.206586,0.0,67.0,0,personal auto,four-door car,321.6
hh15953,california,m,bachelor,3013.439451,21353.0,80.0,0,personal auto,four-door car,576.0
zo30377,california,m,high school or below,3472.369996,0.0,102.0,0,personal auto,four-door car,976.112456
vz23007,oregon,f,college,5380.898636,55350.0,67.0,0,personal auto,four-door car,321.6
df74270,nevada,m,bachelor,38230.21008,80321.0,105.0,0,corporate auto,suv,166.972451
se47384,california,f,bachelor,5526.438887,94230.0,137.0,0,special auto,suv,657.6
cs84396,arizona,m,bachelor,4883.117399,53305.0,63.0,0,corporate auto,two-door car,302.4
oq20827,california,m,college,14203.04178,55593.0,182.0,1,corporate auto,luxury,677.63589
vu47281,oregon,f,bachelor,5745.41663,0.0,165.0,0,personal auto,luxury,1853.202354
bn62219,arizona,f,college,9602.07966,0.0,94.0,0,personal auto,two-door car,676.8
tp39671,arizona,m,bachelor,3199.75316,0.0,87.0,0,personal auto,four-door car,132.492438
hx33134,arizona,m,high school or below,2758.329817,22158.0,74.0,0,personal auto,four-door car,355.2
ur49989,oregon,f,bachelor,2725.192659,81605.0,67.0,0,personal auto,two-door car,424.219182
vu48786,washington,m,master,5550.149947,62219.0,69.0,0,personal auto,two-door car,243.238784
qm46642,california,m,bachelor,2619.172388,15587.0,71.0,0,special auto,two-door car,136.033828
tg60853,nevada,f,doctor,6265.343299,0.0,84.0,1,corporate auto,four-door car,481.025786
cv40610,california,m,college,12313.16484,0.0,116.0,0,personal auto,two-door car,835.2
hi98447,oregon,m,high school or below,10552.42728,28505.0,88.0,0,personal auto,four-door car,422.4
qd86271,arizona,m,high school or below,12022.38645,25918.0,104.0,0,personal auto,suv,996.775536
zd75163,nevada,m,high school or below,9295.41115,0.0,261.0,0,corporate auto,luxury,2759.794354
lb98130,oregon,m,bachelor,7440.92353,34137.0,62.0,0,personal auto,two-door car,297.6
vz16820,washington,m,bachelor,10302.90289,21839.0,137.0,0,personal auto,luxury,657.6
ye24562,california,m,college,3508.569533,20978.0,98.0,1,personal auto,four-door car,1176.2788
ih78357,oregon,f,college,5761.317533,83392.0,71.0,0,personal auto,four-door car,125.961938
th96263,nevada,f,high school or below,10280.80787,73661.0,128.0,0,personal auto,suv,404.329477
dc31768,arizona,m,bachelor,4783.917752,49793.0,121.0,0,personal auto,suv,640.835113
yo81676,oregon,m,bachelor,2142.892273,0.0,65.0,0,corporate auto,two-door car,686.774939
mq79612,california,m,doctor,8738.299629,91890.0,107.0,0,personal auto,suv,156.617415
zz77357,nevada,m,high school or below,4468.2209,0.0,65.0,0,corporate auto,two-door car,468.0
oe88763,california,f,bachelor,11315.20373,11885.0,101.0,0,corporate auto,four-door car,484.8
xp39695,arizona,f,bachelor,21886.19626,43000.0,109.0,0,personal auto,suv,676.808053
qc28119,oregon,m,high school or below,7681.551777,90043.0,63.0,0,personal auto,four-door car,203.226649
az29426,california,m,college,16702.69914,0.0,72.0,0,special auto,four-door car,345.6
ri46607,california,f,bachelor,5015.009472,48567.0,130.0,0,corporate auto,suv,624.0
oj63606,arizona,f,high school or below,5776.338737,27510.0,159.0,3,corporate auto,suv,871.457982
tq89058,nevada,f,master,2777.525403,59124.0,70.0,2,personal auto,four-door car,173.426207
iw78492,arizona,f,college,4127.495254,0.0,119.0,3,personal auto,luxury,856.8
we88728,arizona,f,high school or below,6670.850638,56531.0,170.0,3,corporate auto,suv,816.0
pj74689,nevada,f,bachelor,14741.76092,0.0,139.0,1,personal auto,suv,667.2
zi86917,nevada,m,bachelor,38320.82017,45277.0,191.0,0,special auto,luxury,916.8
ij71609,washington,f,bachelor,2064.697955,0.0,65.0,3,personal auto,four-door car,368.828511
fp17993,arizona,f,bachelor,5504.139033,0.0,73.0,0,personal auto,four-door car,350.4
ec28398,oregon,f,master,5096.673223,22886.0,65.0,0,corporate auto,four-door car,312.0
zx85480,washington,f,high school or below,7995.441263,66685.0,67.0,2,personal auto,two-door car,38.763897
jp27787,oregon,f,college,5674.136445,65775.0,72.0,0,personal auto,four-door car,171.426318
nh24429,arizona,m,doctor,2886.232446,52972.0,74.0,0,special auto,four-door car,355.2
qu58523,arizona,m,master,5794.682724,52979.0,72.0,0,personal auto,two-door car,345.6
ez39383,arizona,f,bachelor,10706.66957,55436.0,67.0,0,personal auto,four-door car,321.6
ir74017,oregon,f,college,5320.614976,32116.0,132.0,0,personal auto,suv,277.351026
dh68234,california,m,master,20498.83124,56070.0,74.0,0,personal auto,two-door car,87.990528
tz37274,arizona,m,high school or below,4628.280887,0.0,62.0,0,personal auto,four-door car,690.548602
qg67362,california,f,bachelor,27287.50099,0.0,116.0,1,personal auto,suv,835.2
tn36916,california,f,bachelor,4029.723325,93621.0,100.0,0,personal auto,suv,59.860273
fl74984,oregon,m,bachelor,2744.083863,79192.0,70.0,0,personal auto,two-door car,336.0
fv15346,arizona,m,college,35444.31404,96853.0,98.0,0,personal auto,two-door car,565.504258
jv12632,washington,f,master,2858.992036,0.0,83.0,4,corporate auto,four-door car,355.385287
tf64196,california,f,college,5862.803295,75121.0,73.0,0,corporate auto,two-door car,171.226873
pc27174,oregon,f,college,4031.539471,0.0,117.0,0,personal auto,four-door car,842.4
rl28880,nevada,f,bachelor,7553.225007,69959.0,63.0,0,personal auto,two-door car,401.838921
fg46631,oregon,f,bachelor,16699.46158,81400.0,104.0,0,special auto,four-door car,499.2
pb29715,california,m,high school or below,3233.262049,0.0,98.0,1,corporate auto,two-door car,705.6
zv42323,california,m,bachelor,5640.729767,67523.0,72.0,0,corporate auto,two-door car,345.237659
ys49138,california,f,high school or below,8678.508294,62366.0,108.0,0,personal auto,four-door car,51.316527
xj34057,california,m,bachelor,10339.59799,67134.0,131.0,1,personal auto,luxury,277.448968
nj54277,california,f,college,3746.751625,41479.0,94.0,1,personal auto,two-door car,19.575683
rl64888,california,f,college,2571.260863,29697.0,66.0,4,personal auto,four-door car,316.8
um28580,oregon,f,high school or below,4428.031583,58577.0,110.0,0,personal auto,suv,303.872752
to87218,california,f,high school or below,7413.386729,0.0,106.0,0,personal auto,luxury,508.8
yq79307,washington,m,bachelor,4768.955924,51144.0,61.0,1,personal auto,two-door car,223.305224
kz80383,arizona,f,high school or below,6035.086336,29587.0,76.0,0,personal auto,four-door car,422.024661
ts78649,arizona,m,high school or below,16280.19859,0.0,157.0,0,personal auto,luxury,753.6
qx84389,california,m,master,9024.199159,71499.0,112.0,0,corporate auto,luxury,537.6
wc26700,california,f,bachelor,7495.676658,0.0,106.0,0,corporate auto,four-door car,763.2
jr26812,nevada,m,college,12520.97907,0.0,126.0,0,personal auto,suv,907.2
qd17769,oregon,m,high school or below,2552.038766,75740.0,64.0,0,corporate auto,two-door car,128.516525
va89404,california,m,master,16887.79708,53262.0,62.0,4,corporate auto,four-door car,223.72051
zr41880,nevada,f,college,3038.829992,75180.0,77.0,3,corporate auto,four-door car,154.907769
xk49057,california,m,high school or below,4455.518101,31196.0,62.0,4,corporate auto,two-door car,342.796508
zm52280,arizona,m,bachelor,11972.78231,0.0,186.0,2,personal auto,luxury,1441.843837
ux93878,oregon,f,bachelor,8513.697414,34505.0,106.0,0,personal auto,suv,359.861348
wy65854,oregon,f,bachelor,9085.204991,0.0,82.0,2,personal auto,four-door car,146.757086
es97823,oregon,f,bachelor,24096.23695,0.0,97.0,0,personal auto,four-door car,1154.635974
cx34236,oregon,m,college,9095.049868,37937.0,116.0,0,personal auto,suv,556.8
cq81839,oregon,f,college,21418.35544,21897.0,139.0,0,personal auto,suv,667.2
es97399,nevada,m,high school or below,10714.21449,55994.0,92.0,2,corporate auto,four-door car,441.6
gl44478,oregon,m,high school or below,9986.661111,24067.0,132.0,0,corporate auto,luxury,633.6
ml79788,arizona,f,college,7908.669486,43630.0,99.0,0,corporate auto,four-door car,475.2
kz67768,nevada,m,college,4869.596443,23811.0,130.0,0,personal auto,suv,624.0
xu67970,washington,m,college,2121.647053,0.0,62.0,0,personal auto,two-door car,446.4
iq40799,washington,m,bachelor,6328.180924,0.0,100.0,2,personal auto,suv,648.364172
bv80674,oregon,f,bachelor,4340.858797,0.0,124.0,0,personal auto,suv,595.2
th72397,california,m,bachelor,6279.816729,50562.0,79.0,0,personal auto,four-door car,545.013504
ec13382,oregon,f,master,11981.98481,21514.0,62.0,0,corporate auto,two-door car,257.248789
le30774,california,m,college,22235.01011,80355.0,187.0,1,corporate auto,luxury,897.6
ra14734,arizona,f,high school or below,8646.504109,64125.0,108.0,0,personal auto,suv,369.818708
iy31142,oregon,m,college,2444.329535,83800.0,62.0,0,personal auto,four-door car,196.155575
ck29372,california,f,college,5070.352408,23840.0,64.0,0,personal auto,four-door car,307.2
kd70601,washington,f,college,5647.145809,54834.0,72.0,0,corporate auto,four-door car,186.191931
qn76596,california,m,bachelor,13345.13545,80277.0,112.0,1,corporate auto,suv,36.975673
xi62151,oregon,m,college,13297.63587,88430.0,66.0,1,personal auto,four-door car,316.8
zq37702,california,f,high school or below,7031.785183,26255.0,88.0,0,personal auto,four-door car,52.752601
ge13332,nevada,m,high school or below,3615.889805,0.0,95.0,0,personal auto,four-door car,684.0
lz84227,arizona,m,college,14120.03562,95715.0,119.0,2,personal auto,four-door car,148.98255
ex97404,oregon,f,high school or below,2155.209879,0.0,70.0,3,personal auto,four-door car,336.0
rq99149,california,m,master,2748.851081,32437.0,69.0,0,corporate auto,two-door car,473.361602
up57305,california,m,bachelor,5087.015287,22726.0,65.0,0,personal auto,four-door car,312.0
ic82877,arizona,m,bachelor,14031.70314,58092.0,72.0,1,personal auto,two-door car,202.24202
jo63956,california,m,college,8656.396659,83365.0,109.0,1,personal auto,suv,523.2
md47500,california,m,college,4861.493017,12153.0,69.0,1,personal auto,four-door car,438.155584
ow31837,california,f,bachelor,19174.63407,74028.0,118.0,0,corporate auto,suv,53.076203
oy20177,oregon,m,high school or below,7089.68396,52707.0,90.0,1,corporate auto,four-door car,432.0
lz10377,california,m,high school or below,6802.06713,47451.0,87.0,1,personal auto,four-door car,417.6
ub17669,nevada,f,bachelor,2359.423599,19864.0,63.0,0,personal auto,four-door car,352.394515
dp77737,oregon,f,high school or below,15114.40241,28513.0,100.0,1,personal auto,suv,480.0
qt39597,arizona,m,high school or below,2926.829158,26242.0,74.0,0,personal auto,four-door car,347.060173
mq74051,arizona,f,bachelor,13014.23496,55067.0,110.0,1,personal auto,suv,353.098604
mn98042,california,m,college,7901.697919,62291.0,100.0,0,personal auto,luxury,480.0
xj60303,california,f,bachelor,13406.92021,25048.0,167.0,0,personal auto,suv,801.6
gu42671,arizona,f,bachelor,6106.941981,16654.0,79.0,0,personal auto,four-door car,379.2
dk26322,washington,m,high school or below,12321.83615,26887.0,113.0,0,special auto,suv,542.4
nt75612,oregon,f,college,19338.5293,22784.0,70.0,0,personal auto,four-door car,224.904234
ax28231,washington,m,high school or below,5431.371279,49345.0,69.0,0,personal auto,two-door car,251.075981
ga89827,oregon,m,college,7329.828776,0.0,70.0,0,personal auto,four-door car,622.381217
ux91266,california,m,bachelor,3484.141641,34307.0,92.0,2,personal auto,four-door car,186.025014
uc10048,oregon,f,college,6964.051797,0.0,95.0,1,corporate auto,four-door car,629.647822
cy90231,nevada,m,master,25253.10198,44096.0,72.0,1,personal auto,four-door car,345.6
qd26729,california,m,college,2523.654743,43204.0,64.0,3,personal auto,four-door car,246.065764
rz98310,nevada,f,bachelor,17349.03226,0.0,92.0,0,personal auto,four-door car,441.6
vj73478,oregon,m,bachelor,4058.668736,0.0,117.0,0,personal auto,luxury,842.4
kr29524,oregon,f,bachelor,4742.617289,78596.0,118.0,0,personal auto,suv,133.907696
id58813,california,m,bachelor,4363.599418,38925.0,112.0,0,personal auto,luxury,241.304377
sl98898,nevada,m,high school or below,9048.983447,0.0,119.0,0,personal auto,luxury,571.2
lh90819,california,m,master,4210.096739,21885.0,108.0,0,corporate auto,suv,52.339396
ol55220,california,f,bachelor,5241.142484,48345.0,67.0,0,personal auto,four-door car,212.009825
yu90693,california,f,high school or below,2481.842224,77993.0,62.0,0,personal auto,four-door car,297.6
nm70181,oregon,m,master,3585.942995,25748.0,90.0,0,personal auto,four-door car,117.871165
zu30804,california,m,college,5498.940679,22520.0,73.0,0,personal auto,four-door car,350.4
zt31931,oregon,m,high school or below,10377.36842,0.0,95.0,0,personal auto,two-door car,579.452318
bs29584,oregon,f,college,2589.695091,0.0,73.0,0,personal auto,four-door car,350.4
sx63814,arizona,m,high school or below,9312.585034,75986.0,115.0,0,personal auto,four-door car,89.119797
yl81070,oregon,m,high school or below,14396.24222,0.0,205.0,0,personal auto,luxury,1476.0
rw24925,oregon,f,college,31920.76916,58542.0,114.0,0,personal auto,suv,129.985718
fb84409,arizona,m,bachelor,4921.325084,43640.0,64.0,2,personal auto,four-door car,1.208908
yp38413,oregon,f,college,25805.50599,86901.0,72.0,0,personal auto,two-door car,313.366255
ze53116,arizona,m,high school or below,5963.818306,94115.0,74.0,0,personal auto,four-door car,409.089884
su95720,california,m,high school or below,8923.113112,0.0,125.0,0,personal auto,suv,900.0
um94104,oregon,m,high school or below,5214.971007,65375.0,65.0,0,personal auto,four-door car,6.07744
et64307,california,f,bachelor,12522.53868,44341.0,105.0,0,personal auto,luxury,355.114822
xd32841,oregon,m,bachelor,13897.38856,24378.0,188.0,0,corporate auto,suv,902.4
si90461,washington,f,high school or below,3372.420457,93489.0,84.0,0,corporate auto,four-door car,104.280764
rv75918,california,f,college,7809.515468,69161.0,97.0,0,personal auto,four-door car,341.431343
dz64604,california,m,high school or below,12269.41862,60774.0,154.0,0,personal auto,suv,739.2
wf98532,california,m,bachelor,3123.080994,0.0,101.0,4,personal auto,suv,960.115399
gq15613,arizona,f,high school or below,8004.214781,54008.0,67.0,0,personal auto,four-door car,370.503286
xu63766,oregon,f,bachelor,8105.872317,0.0,74.0,0,personal auto,four-door car,232.01349
vu35401,nevada,f,high school or below,2758.703811,44619.0,68.0,0,corporate auto,four-door car,283.668439
nh95163,oregon,f,college,3707.282365,16476.0,101.0,0,personal auto,four-door car,313.885191
cd55111,california,m,master,30154.68108,73359.0,94.0,0,corporate auto,two-door car,107.187926
tq73797,california,m,bachelor,8099.838433,25949.0,104.0,0,personal auto,suv,499.2
cc43119,california,f,bachelor,2921.490461,62018.0,73.0,0,corporate auto,two-door car,90.094835
cd38665,california,m,high school or below,14510.44376,41433.0,183.0,0,personal auto,luxury,1317.6
jm30137,washington,f,college,16793.9728,0.0,238.0,1,personal auto,luxury,1142.4
cj29883,arizona,f,doctor,5332.462694,68931.0,66.0,0,personal auto,four-door car,309.577946
lj35581,washington,f,bachelor,10025.91827,0.0,141.0,0,personal auto,suv,1015.2
dl11519,oregon,m,college,6875.606133,0.0,104.0,0,special auto,suv,748.8
ak11719,california,m,master,2272.30731,0.0,64.0,0,corporate auto,four-door car,286.124652
yl91288,california,f,master,8923.154803,98044.0,73.0,0,personal auto,four-door car,347.336864
xv53746,california,f,high school or below,16484.01644,91354.0,68.0,0,special auto,two-door car,361.646987
hu57895,washington,f,college,6860.592636,0.0,109.0,4,corporate auto,luxury,605.137484
mi95708,arizona,f,high school or below,12947.68269,15083.0,115.0,0,personal auto,four-door car,552.0
ax45422,california,f,high school or below,13786.70272,0.0,61.0,0,personal auto,four-door car,370.755025
kt92231,oregon,m,bachelor,7706.032636,0.0,107.0,0,personal auto,luxury,1267.709661
bm53580,oregon,f,bachelor,8520.145801,0.0,80.0,0,personal auto,four-door car,69.142986
zb32409,california,f,bachelor,2242.226055,0.0,67.0,3,personal auto,four-door car,618.355883
xa21742,california,f,bachelor,27069.49674,22955.0,92.0,3,personal auto,four-door car,441.6
rd22761,washington,m,bachelor,20579.69157,0.0,69.0,0,personal auto,four-door car,566.673518
pz10136,oregon,m,master,2465.616631,51641.0,63.0,1,personal auto,four-door car,137.091494
og62048,california,f,master,9052.951051,10211.0,119.0,0,personal auto,suv,571.2
ih23596,california,f,bachelor,2546.364668,0.0,68.0,0,corporate auto,four-door car,296.692076
he72629,arizona,f,bachelor,3007.386248,0.0,80.0,0,personal auto,two-door car,16.524885
kw52549,arizona,f,bachelor,27789.69235,33806.0,89.0,0,personal auto,four-door car,395.729716
oz82391,california,m,master,6289.014959,50269.0,80.0,0,personal auto,two-door car,32.228778
hh22446,nevada,m,bachelor,3954.344534,18375.0,103.0,0,personal auto,luxury,535.080276
hw16019,oregon,m,bachelor,7583.189638,24133.0,68.0,0,personal auto,two-door car,76.026046
is30186,california,f,college,6186.497831,88375.0,77.0,0,personal auto,four-door car,0.42331
hn45134,arizona,m,master,5757.442258,88997.0,72.0,0,personal auto,four-door car,174.041566
xi79589,california,f,high school or below,4473.883999,0.0,125.0,0,personal auto,suv,600.0
lk57294,oregon,m,high school or below,4786.009693,23402.0,61.0,0,personal auto,four-door car,292.8
jm88889,california,f,high school or below,12244.9049,46396.0,103.0,1,corporate auto,four-door car,384.01403
ez51276,arizona,f,college,7121.080412,0.0,96.0,0,personal auto,four-door car,460.8
jf16295,oregon,f,high school or below,7547.762822,0.0,102.0,0,personal auto,four-door car,489.6
xu76821,california,f,college,20380.06652,33175.0,66.0,0,corporate auto,two-door car,84.520776
kr62128,california,f,master,9011.764865,63885.0,114.0,0,personal auto,suv,86.477384
tg70775,california,f,high school or below,20096.89337,92766.0,71.0,0,personal auto,two-door car,379.029102
xr75319,arizona,m,college,4786.889347,45515.0,61.0,0,personal auto,two-door car,236.907007
qb26845,oregon,m,bachelor,11578.12643,0.0,115.0,0,personal auto,suv,1163.620366
no94161,california,m,high school or below,2719.431536,37703.0,70.0,0,corporate auto,two-door car,83.121963
sq87105,oregon,f,bachelor,4760.941906,0.0,68.0,0,corporate auto,four-door car,489.6
xm14899,oregon,m,college,8701.363763,0.0,122.0,0,personal auto,suv,684.851797
qq51185,nevada,f,college,2659.495086,64987.0,66.0,0,personal auto,four-door car,182.927837
xw51700,arizona,f,high school or below,5139.561422,73180.0,64.0,0,personal auto,four-door car,132.543257
yk60829,oregon,f,high school or below,20096.89337,92766.0,71.0,0,corporate auto,two-door car,379.029102
fb68802,arizona,m,college,4025.095533,0.0,119.0,2,personal auto,suv,571.2
on67674,california,f,college,2771.045031,50071.0,71.0,0,personal auto,two-door car,18.918935
ms20849,california,m,college,6745.886896,53058.0,91.0,4,personal auto,four-door car,209.465295
vk94354,oregon,m,master,9259.715798,0.0,127.0,0,special auto,suv,22.483259
pz53130,california,f,college,8467.267232,16370.0,74.0,0,personal auto,two-door car,296.049396
hv75704,california,f,bachelor,22762.21479,70521.0,63.0,0,corporate auto,four-door car,302.4
gu18646,oregon,m,bachelor,9332.494982,58007.0,81.0,0,special auto,two-door car,518.346912
li77073,oregon,m,college,7100.3251,31670.0,179.0,0,corporate auto,luxury,1288.8
fw43809,oregon,f,high school or below,8007.399376,0.0,112.0,0,personal auto,luxury,537.6
wc11515,arizona,f,bachelor,19511.99782,0.0,70.0,0,corporate auto,four-door car,491.112176
zt52415,oregon,f,bachelor,8145.985919,62534.0,68.0,0,personal auto,two-door car,326.4
ph83205,oregon,m,bachelor,2810.464447,26790.0,71.0,0,corporate auto,two-door car,340.8
gi46001,california,f,bachelor,6846.150323,0.0,95.0,0,personal auto,two-door car,456.0
dy27653,oregon,f,high school or below,3755.806897,56178.0,94.0,0,personal auto,four-door car,451.2
gb70718,arizona,f,high school or below,2393.036297,28646.0,61.0,0,personal auto,four-door car,355.028632
ye12395,oregon,m,high school or below,40636.66734,31267.0,129.0,0,personal auto,luxury,619.2
ma94219,nevada,m,college,9067.658438,78250.0,114.0,0,personal auto,four-door car,547.2
fj28407,california,m,high school or below,5619.689084,0.0,153.0,0,personal auto,suv,1027.000029
cj72056,california,m,bachelor,8013.895125,65636.0,67.0,0,personal auto,four-door car,321.6
qu52713,california,m,bachelor,4089.036013,43177.0,103.0,0,corporate auto,suv,420.966805
fe20514,oregon,m,college,5065.486772,26733.0,66.0,0,personal auto,four-door car,218.717113
ry43586,oregon,f,master,8372.851175,12590.0,73.0,0,personal auto,two-door car,132.503461
sk66747,washington,m,bachelor,66025.75407,33481.0,188.0,0,personal auto,luxury,1194.892002
sc31713,california,f,college,8175.315246,0.0,80.0,0,personal auto,four-door car,384.0
th72420,oregon,m,doctor,8720.458745,25752.0,73.0,0,personal auto,two-door car,378.262864
fd75102,california,f,college,3237.500928,27982.0,87.0,0,personal auto,two-door car,14.743099
lw75453,california,m,bachelor,5354.612433,29445.0,68.0,0,personal auto,four-door car,334.015169
bs96517,washington,f,college,2375.001798,47455.0,61.0,0,personal auto,four-door car,278.804991
so55284,nevada,f,high school or below,8646.504109,64125.0,108.0,0,personal auto,suv,369.818708
sd83603,oregon,f,college,6672.127831,56830.0,83.0,0,personal auto,two-door car,319.799712
jq68425,california,m,college,12919.41828,58236.0,108.0,0,corporate auto,suv,67.253453
vm51572,washington,m,bachelor,7385.359236,54289.0,62.0,0,personal auto,four-door car,430.093647
jh58282,california,f,college,7200.664877,0.0,66.0,0,personal auto,four-door car,316.8
wp23743,california,m,college,7281.715134,47482.0,93.0,0,corporate auto,four-door car,594.177664
ds47984,arizona,m,master,3237.996209,60244.0,83.0,3,personal auto,four-door car,326.281835
uv52613,arizona,m,college,2722.986709,20867.0,71.0,0,personal auto,four-door car,340.8
xm96138,california,m,master,11277.72488,98138.0,93.0,1,personal auto,four-door car,427.52731
hf95739,california,m,high school or below,8555.887254,0.0,81.0,0,personal auto,four-door car,583.2
hg81101,washington,f,bachelor,2911.923334,20327.0,74.0,0,personal auto,four-door car,824.254866
vn27419,oregon,f,high school or below,10083.48688,11828.0,90.0,0,personal auto,four-door car,571.479602
vz59523,arizona,m,doctor,5704.977144,50695.0,71.0,0,personal auto,two-door car,110.567069
uf91715,nevada,m,high school or below,7664.80924,0.0,107.0,0,personal auto,four-door car,770.4
jv13438,oregon,m,high school or below,4909.027487,98693.0,61.0,0,personal auto,four-door car,292.8
mn82687,oregon,f,bachelor,5470.060561,54507.0,138.0,0,personal auto,suv,702.990032
mr50410,nevada,m,college,5067.002561,89703.0,126.0,0,personal auto,suv,601.983113
dt53270,washington,f,college,4896.271406,0.0,71.0,0,personal auto,four-door car,421.147532
da79098,california,m,bachelor,4572.041785,0.0,67.0,1,personal auto,two-door car,357.14996
fy86121,oregon,m,college,8237.376444,70882.0,69.0,0,personal auto,four-door car,124.380223
aa69265,nevada,f,bachelor,3964.730745,60817.0,103.0,1,personal auto,four-door car,494.4
zt86224,nevada,m,bachelor,10901.22525,72257.0,90.0,0,personal auto,four-door car,408.415481
gw89148,california,m,doctor,16304.29777,90008.0,137.0,0,personal auto,suv,406.986034
ej97834,nevada,f,high school or below,2619.478929,93987.0,65.0,0,personal auto,two-door car,251.321448
vm66678,oregon,f,high school or below,14024.35839,81872.0,115.0,0,personal auto,four-door car,256.43803
oy34553,nevada,f,bachelor,24320.64401,60221.0,67.0,0,personal auto,four-door car,238.561687
jl49772,arizona,f,bachelor,24249.33685,33651.0,69.0,1,personal auto,four-door car,328.65413
zo44848,california,f,college,20864.30762,0.0,61.0,0,special auto,four-door car,216.08671
tw66679,oregon,m,high school or below,8823.852473,75741.0,109.0,0,corporate auto,suv,217.188864
rp98585,arizona,m,master,7610.203455,38086.0,96.0,0,personal auto,two-door car,243.237741
xk83294,california,f,high school or below,7486.171898,38725.0,64.0,0,corporate auto,two-door car,307.2
vz43707,nevada,m,high school or below,8763.449964,20132.0,86.0,3,corporate auto,four-door car,412.8
ro89767,arizona,m,master,27386.15024,0.0,105.0,0,personal auto,luxury,451.13986
un49741,oregon,m,high school or below,11121.62179,44299.0,106.0,5,personal auto,suv,754.260616
sy46862,arizona,m,high school or below,5657.685223,98917.0,139.0,0,corporate auto,luxury,336.612234
zy60545,california,f,college,18938.53677,91535.0,67.0,1,personal auto,four-door car,126.634634
wp62115,washington,f,college,13865.83107,53484.0,70.0,0,corporate auto,two-door car,333.051529
nk16909,oregon,m,doctor,8188.91743,45318.0,103.0,0,personal auto,suv,494.4
bq41371,oregon,f,bachelor,5626.530435,46897.0,70.0,0,personal auto,four-door car,344.377218
qf29828,arizona,f,master,3208.919835,40135.0,80.0,0,personal auto,four-door car,78.008093
lp59331,arizona,m,college,5282.543094,38606.0,68.0,0,personal auto,four-door car,413.288851
nj46471,oregon,f,bachelor,8696.7107,56550.0,73.0,3,corporate auto,four-door car,162.775889
kx53892,oregon,f,college,5259.444853,61146.0,65.0,0,personal auto,four-door car,273.018929
yp37291,nevada,m,high school or below,7854.771821,36409.0,66.0,0,personal auto,four-door car,316.8
rx93631,arizona,f,bachelor,6438.97103,90035.0,80.0,0,personal auto,four-door car,141.628547
gs26763,california,f,bachelor,11633.57855,39669.0,98.0,0,personal auto,two-door car,492.935479
sk74843,arizona,f,master,2442.422113,57963.0,61.0,0,personal auto,four-door car,42.160829
ag47947,washington,f,high school or below,14024.35839,81872.0,115.0,0,personal auto,four-door car,256.43803
lq23049,california,f,high school or below,2491.257604,25965.0,65.0,0,personal auto,four-door car,329.206567
vf10088,arizona,f,high school or below,3410.199334,59662.0,85.0,0,personal auto,four-door car,10.168824
oj65428,nevada,m,college,3842.028065,27906.0,102.0,0,personal auto,four-door car,489.6
zf48094,oregon,f,high school or below,3339.853704,51032.0,83.0,0,personal auto,four-door car,349.954886
tn56613,arizona,f,bachelor,5358.269985,83771.0,133.0,0,personal auto,luxury,482.328161
ia33339,oregon,f,bachelor,9268.672154,57052.0,115.0,1,corporate auto,suv,483.62724
ub28078,california,m,master,4200.373728,51510.0,106.0,0,personal auto,four-door car,688.547375
zk60855,oregon,f,college,4829.571981,34819.0,61.0,0,corporate auto,four-door car,185.898327
cm73149,california,f,bachelor,14244.73069,31189.0,122.0,0,personal auto,luxury,585.6
sc81807,california,f,college,4095.201692,32180.0,103.0,0,special auto,luxury,558.835255
ds57918,california,m,bachelor,33718.8424,27500.0,114.0,0,corporate auto,suv,472.280461
tn29644,california,f,college,7540.054749,67018.0,94.0,0,personal auto,four-door car,104.427573
ul17918,arizona,m,bachelor,2821.002026,0.0,77.0,0,corporate auto,two-door car,436.369797
mj25422,oregon,f,college,36695.90627,0.0,199.0,0,personal auto,luxury,1062.090461
fg21377,california,f,bachelor,19731.34147,33588.0,62.0,0,corporate auto,four-door car,419.921897
bq15946,oregon,m,doctor,6685.069081,56270.0,83.0,0,personal auto,four-door car,398.4
co53249,arizona,m,college,8408.317401,82800.0,70.0,0,corporate auto,four-door car,442.194796
xs83731,arizona,f,college,7371.58568,0.0,68.0,0,personal auto,four-door car,425.137341
vh41477,oregon,m,high school or below,4742.106389,63891.0,119.0,0,corporate auto,two-door car,7.651121
at13963,washington,f,master,15865.166,43946.0,133.0,0,corporate auto,luxury,415.98615
xu49878,washington,m,bachelor,5396.311664,62039.0,68.0,1,personal auto,four-door car,265.877583
ry10920,oregon,m,college,4330.38602,60475.0,107.0,0,personal auto,four-door car,513.6
oc32181,nevada,f,high school or below,5708.024308,70279.0,71.0,0,special auto,four-door car,331.231484
oe19653,oregon,f,high school or below,3500.855508,0.0,93.0,0,personal auto,two-door car,446.4
wg39961,oregon,f,high school or below,3919.366722,66676.0,97.0,0,personal auto,four-door car,558.099357
qy78671,arizona,m,high school or below,2910.317298,12048.0,77.0,0,corporate auto,four-door car,369.6
sy48591,arizona,f,college,4827.77681,0.0,68.0,0,personal auto,four-door car,326.4
sm16060,arizona,f,college,4811.740943,0.0,68.0,0,personal auto,two-door car,619.07199
fw53453,california,f,master,7834.151482,36094.0,99.0,1,personal auto,two-door car,456.50357
ku42210,arizona,m,bachelor,14666.23121,0.0,61.0,0,corporate auto,four-door car,439.2
xr74789,washington,f,college,7199.645715,63328.0,89.0,0,personal auto,two-door car,427.2
gb39602,nevada,m,high school or below,3914.719645,0.0,112.0,0,corporate auto,luxury,587.861936
sk93727,washington,f,high school or below,9470.273932,36121.0,118.0,0,personal auto,four-door car,1107.145019
om37845,california,m,master,5479.555081,56005.0,68.0,1,personal auto,four-door car,326.4
vr45143,arizona,f,high school or below,2488.241391,48597.0,71.0,5,corporate auto,four-door car,305.697525
gf35623,california,f,high school or below,5886.615741,0.0,81.0,0,personal auto,four-door car,583.2
af47139,oregon,f,college,8406.385414,42540.0,70.0,0,personal auto,four-door car,43.548973
is48950,california,m,college,8685.91529,87544.0,109.0,1,corporate auto,suv,523.2
nc98544,nevada,m,high school or below,25030.37545,26292.0,80.0,2,personal auto,two-door car,384.0
ad12500,california,f,high school or below,17822.56375,42696.0,228.0,0,personal auto,luxury,1273.741085
ze59681,nevada,m,college,2798.679988,88009.0,71.0,0,corporate auto,two-door car,266.52482
jq91314,washington,m,college,3288.6575,0.0,97.0,0,personal auto,four-door car,1026.315988
wx92260,washington,f,college,2004.350666,0.0,66.0,4,corporate auto,four-door car,316.8
mo21402,oregon,f,master,13736.1325,16181.0,181.0,0,personal auto,suv,1261.319869
qy41319,oregon,m,college,4411.65582,0.0,62.0,0,personal auto,two-door car,446.4
we90911,arizona,f,bachelor,5392.440611,75438.0,136.0,0,personal auto,suv,438.480672
kb90888,oregon,f,high school or below,2561.576924,0.0,73.0,0,corporate auto,two-door car,842.87608
nn87570,oregon,m,bachelor,6057.07208,27681.0,83.0,0,corporate auto,two-door car,398.4
pd94315,arizona,f,bachelor,22256.69368,23444.0,196.0,0,corporate auto,suv,940.8
in65727,washington,f,master,2693.530229,63684.0,68.0,0,personal auto,two-door car,343.889585
fb76635,oregon,f,college,4296.604128,61737.0,107.0,0,personal auto,luxury,495.670802
rf58958,california,m,high school or below,11624.82149,0.0,113.0,0,personal auto,four-door car,813.6
az15952,oregon,m,bachelor,8749.496793,52373.0,111.0,0,personal auto,four-door car,186.160527
kp22549,oregon,m,bachelor,3155.911309,58213.0,79.0,0,personal auto,four-door car,39.714767
qc34927,california,m,high school or below,3317.904817,74142.0,83.0,0,personal auto,two-door car,398.4
wd87578,nevada,f,high school or below,7821.188278,0.0,109.0,0,personal auto,four-door car,784.8
er51965,washington,m,college,4240.925575,49746.0,111.0,3,corporate auto,four-door car,589.298521
la53648,california,f,high school or below,8992.779137,0.0,129.0,0,personal auto,suv,1059.572464
fx73249,oregon,m,bachelor,7304.15545,0.0,104.0,0,personal auto,four-door car,499.2
wf53890,arizona,f,bachelor,5217.513287,39854.0,66.0,0,personal auto,two-door car,261.930545
ql35310,nevada,f,master,2725.356404,36650.0,69.0,1,corporate auto,four-door car,56.60333
fy30870,california,f,high school or below,18569.50063,32756.0,93.0,0,personal auto,two-door car,381.118731
jf73533,nevada,m,college,9985.366015,36268.0,86.0,1,personal auto,four-door car,531.164627
iw70308,oregon,f,bachelor,8257.666512,23815.0,73.0,0,personal auto,four-door car,424.330166
zs50183,arizona,f,college,8002.308333,0.0,107.0,0,corporate auto,suv,513.6
eu38033,nevada,m,high school or below,5897.745369,39188.0,74.0,0,personal auto,four-door car,355.2
zj86769,nevada,m,college,4686.469674,58089.0,118.0,0,personal auto,suv,566.4
jz90556,oregon,f,high school or below,5943.07303,62120.0,74.0,0,corporate auto,four-door car,28.31732
oq43721,oregon,f,high school or below,2648.471057,26540.0,69.0,0,personal auto,four-door car,378.432035
ni71089,california,m,college,4650.063763,28215.0,65.0,0,personal auto,two-door car,468.0
zf84966,nevada,f,doctor,44856.11397,61675.0,123.0,0,corporate auto,suv,482.550044
ln11802,california,m,master,26570.34335,0.0,100.0,0,personal auto,luxury,480.0
cg92708,nevada,f,college,2951.294057,69600.0,74.0,0,personal auto,four-door car,341.396161
th59993,california,f,college,2464.510412,40982.0,62.0,0,corporate auto,four-door car,106.665934
wh76688,oregon,m,bachelor,5555.830205,74015.0,72.0,0,personal auto,four-door car,471.443077
nk82261,california,m,high school or below,3199.703983,0.0,94.0,0,personal auto,two-door car,1121.876091
fi93397,oregon,f,bachelor,2776.317884,0.0,79.0,0,personal auto,four-door car,509.028102
fo33051,arizona,m,college,16355.31386,29439.0,146.0,0,personal auto,suv,700.8
ze40223,oregon,m,college,7329.889139,0.0,108.0,0,personal auto,luxury,518.4
ii49996,arizona,m,bachelor,5555.830205,74015.0,72.0,0,personal auto,four-door car,471.443077
ax71707,arizona,f,college,6383.482152,67881.0,79.0,0,personal auto,two-door car,391.039166
gf38306,nevada,f,high school or below,7758.588506,96162.0,97.0,0,corporate auto,four-door car,376.569009
tn54884,california,f,college,14932.09982,39049.0,63.0,0,personal auto,two-door car,294.75626
dd27635,oregon,m,doctor,8047.410936,29808.0,105.0,1,personal auto,suv,52.456587
nx84287,california,f,master,10861.515,65727.0,134.0,0,corporate auto,suv,363.995013
eo38569,washington,f,high school or below,2195.295372,0.0,62.0,1,personal auto,four-door car,446.4
ff77476,california,f,high school or below,2397.036098,22283.0,65.0,0,corporate auto,four-door car,572.072106
cw92156,washington,f,college,4070.045873,37435.0,105.0,0,personal auto,suv,314.441585
xa53408,oregon,m,college,5578.522348,27756.0,71.0,0,corporate auto,two-door car,735.733206
cv86445,arizona,m,high school or below,8139.525579,86876.0,68.0,0,personal auto,four-door car,118.810361
tk32843,california,m,bachelor,7444.939419,0.0,114.0,0,personal auto,four-door car,863.861736
ev14053,california,f,high school or below,7295.332712,34062.0,91.0,0,corporate auto,four-door car,603.350571
iy38767,oregon,m,high school or below,5325.724541,0.0,73.0,0,personal auto,two-door car,496.474767
vj34494,washington,f,college,2442.212317,0.0,69.0,0,corporate auto,four-door car,331.2
sn36487,arizona,f,college,10307.65258,78358.0,128.0,0,corporate auto,suv,614.4
sw88021,california,f,bachelor,2461.797738,12222.0,67.0,1,corporate auto,two-door car,321.6
us43945,california,f,bachelor,2521.684392,41247.0,64.0,0,personal auto,two-door car,307.2
qc93181,california,f,college,25464.82059,13663.0,97.0,0,corporate auto,four-door car,465.6
xs89049,nevada,f,college,2822.591481,25531.0,74.0,0,personal auto,two-door car,355.2
qr79788,nevada,m,college,5811.996703,58643.0,74.0,0,personal auto,four-door car,329.46648
wg51244,oregon,m,bachelor,21850.34627,48107.0,190.0,2,corporate auto,luxury,912.0
bf56053,washington,f,bachelor,9320.240511,18643.0,119.0,0,corporate auto,four-door car,571.2
an97123,nevada,f,college,22305.32351,0.0,102.0,0,personal auto,two-door car,401.528957
vs30147,oregon,m,master,22118.81261,58645.0,110.0,0,personal auto,suv,427.723646
fy70464,oregon,f,bachelor,7218.16275,95058.0,177.0,0,personal auto,suv,89.712324
bg19572,washington,f,bachelor,6117.034997,0.0,87.0,0,corporate auto,four-door car,1032.609293
lr43989,oregon,f,high school or below,4882.289803,19715.0,66.0,4,personal auto,four-door car,475.2
er10834,nevada,f,master,2674.07551,68787.0,66.0,0,personal auto,four-door car,105.379402
wl46620,nevada,m,bachelor,7724.678387,29056.0,66.0,0,personal auto,two-door car,355.531267
mo27230,oregon,f,college,4708.203284,47829.0,117.0,1,personal auto,suv,561.6
hd32695,arizona,f,bachelor,4447.423455,13128.0,118.0,0,personal auto,four-door car,771.878514
ed89934,california,f,college,4823.558028,58946.0,121.0,0,personal auto,suv,486.720776
wu63862,oregon,m,college,5420.361822,31614.0,71.0,0,personal auto,four-door car,234.683628
ew27959,california,f,bachelor,7583.141211,44667.0,65.0,0,personal auto,four-door car,245.661376
ig15771,oregon,m,college,3852.425156,0.0,111.0,0,personal auto,four-door car,937.824847
pj84431,california,m,high school or below,7647.451823,91512.0,189.0,0,personal auto,luxury,907.2
rw46214,oregon,f,high school or below,5229.68034,26540.0,69.0,1,personal auto,four-door car,331.2
vp91482,oregon,m,bachelor,3614.078436,0.0,103.0,0,personal auto,suv,741.6
dz48278,nevada,m,high school or below,2853.512645,38798.0,72.0,0,personal auto,four-door car,332.945455
hc37968,oregon,f,bachelor,8543.325539,0.0,117.0,0,personal auto,luxury,561.6
cq15251,oregon,f,bachelor,5150.416511,65629.0,64.0,0,personal auto,four-door car,89.411365
qd36906,nevada,f,master,8723.667123,33291.0,73.0,1,personal auto,four-door car,172.226165
bg95711,california,f,college,16477.47799,57264.0,84.0,1,personal auto,four-door car,129.249842
hr44460,california,f,bachelor,26338.58626,60970.0,110.0,0,personal auto,suv,94.496547
ne57101,oregon,m,college,4244.470352,34220.0,109.0,1,corporate auto,suv,523.2
uq34669,arizona,m,master,5757.442258,88997.0,72.0,0,personal auto,four-door car,174.041566
bl42392,arizona,m,doctor,4826.831451,18779.0,63.0,0,personal auto,four-door car,215.255721
wc52068,oregon,m,college,8092.87696,50825.0,102.0,0,corporate auto,suv,369.614729
gb20532,arizona,m,high school or below,3011.270628,0.0,86.0,0,personal auto,four-door car,569.130423
xs74432,california,f,high school or below,8663.919296,29218.0,72.0,0,personal auto,four-door car,502.369442
ya10507,california,m,high school or below,2471.528431,95697.0,61.0,0,special auto,two-door car,114.273025
nl59273,oregon,f,doctor,5627.297887,61486.0,70.0,0,personal auto,two-door car,334.13351
bz81849,arizona,f,bachelor,7494.087341,0.0,68.0,0,personal auto,four-door car,326.4
mf83904,oregon,f,bachelor,5452.625449,17723.0,72.0,0,personal auto,two-door car,345.6
mh14039,california,m,high school or below,2592.437797,72421.0,65.0,0,personal auto,four-door car,312.0
xj26467,california,f,college,6721.893743,36510.0,84.0,0,personal auto,four-door car,286.781601
bc53546,oregon,m,bachelor,5500.576161,35396.0,70.0,0,personal auto,two-door car,336.0
kb58189,oregon,f,college,2550.659053,69230.0,63.0,0,special auto,four-door car,283.241868
ff31523,washington,f,master,7771.582097,28054.0,195.0,1,corporate auto,suv,571.663256
ee98024,california,f,college,4236.301454,25866.0,109.0,0,personal auto,four-door car,523.2
qa50777,oregon,f,bachelor,9025.067525,23675.0,117.0,0,personal auto,four-door car,707.925645
hw36182,california,m,master,2615.911934,0.0,71.0,0,personal auto,two-door car,340.8
sb64064,nevada,f,bachelor,2396.219292,0.0,66.0,2,personal auto,four-door car,433.160284
my60905,california,f,bachelor,4784.416267,0.0,68.0,0,personal auto,two-door car,326.4
fb77856,nevada,m,college,3873.647046,28142.0,105.0,0,personal auto,luxury,701.708239
xq93931,oregon,m,college,7806.137458,23706.0,68.0,1,corporate auto,four-door car,326.4
wa74455,arizona,m,college,4717.625727,0.0,131.0,0,personal auto,suv,628.8
gk98989,washington,m,bachelor,5625.908671,0.0,85.0,0,corporate auto,four-door car,872.203927
va35421,nevada,f,master,5182.941518,83527.0,64.0,1,personal auto,two-door car,39.127298
bb41401,arizona,m,high school or below,6005.214792,26876.0,76.0,0,personal auto,four-door car,364.8
rq16234,arizona,f,high school or below,9837.507586,55099.0,122.0,0,corporate auto,luxury,260.265417
do83789,arizona,f,college,5206.028448,71661.0,65.0,0,personal auto,four-door car,312.0
ak46006,oregon,m,bachelor,36293.14678,18047.0,242.0,0,personal auto,luxury,1350.379181
cj59481,washington,m,college,2837.109178,90893.0,70.0,0,personal auto,two-door car,70.712507
jl86651,nevada,m,college,11785.04181,90016.0,102.0,4,personal auto,four-door car,20.405935
an32867,california,m,bachelor,3124.933827,81285.0,81.0,2,personal auto,four-door car,441.765368
ac67315,nevada,f,bachelor,13862.10016,96950.0,115.0,0,personal auto,luxury,633.132017
xn90444,california,m,doctor,8200.269735,24814.0,69.0,0,special auto,two-door car,331.2
cz72326,oregon,f,high school or below,8456.268179,0.0,90.0,3,corporate auto,two-door car,648.0
fg18525,nevada,m,bachelor,2124.173841,0.0,61.0,1,personal auto,two-door car,60.5975
hc25359,oregon,f,master,9045.111945,52572.0,113.0,0,personal auto,four-door car,441.623031
sm39580,arizona,m,doctor,3187.351993,0.0,85.0,0,corporate auto,two-door car,595.160486
uu81720,california,f,high school or below,8113.962284,41701.0,68.0,0,corporate auto,four-door car,64.646458
wo53546,oregon,m,college,34039.05613,0.0,104.0,0,personal auto,luxury,499.2
uh76249,arizona,m,high school or below,9087.586819,0.0,80.0,0,corporate auto,four-door car,384.0
yp79029,california,m,bachelor,12519.79639,34179.0,107.0,0,corporate auto,luxury,770.4
hs79851,oregon,m,bachelor,6057.07208,27681.0,83.0,0,personal auto,two-door car,398.4
yr49519,arizona,m,bachelor,4967.044248,0.0,73.0,0,corporate auto,four-door car,359.35328
an21193,washington,f,bachelor,6933.335325,0.0,70.0,1,personal auto,four-door car,504.0
ts98462,washington,f,high school or below,22399.12944,78494.0,69.0,0,personal auto,two-door car,78.189401
ob11898,nevada,f,college,2162.417356,0.0,66.0,2,personal auto,two-door car,316.8
rs85283,oregon,m,bachelor,21776.5819,56044.0,182.0,0,personal auto,suv,952.849701
nw19960,oregon,m,college,9095.049868,37937.0,116.0,0,personal auto,suv,556.8
ai11191,arizona,f,high school or below,4228.248035,77853.0,106.0,0,personal auto,suv,165.237444
pf24757,arizona,f,college,6521.368813,72608.0,82.0,3,personal auto,four-door car,393.6
ny20756,california,m,high school or below,10209.02324,36568.0,128.0,0,personal auto,suv,978.621302
eu98982,arizona,m,high school or below,7600.443798,0.0,110.0,2,personal auto,suv,796.987409
gl54755,washington,f,bachelor,3894.623983,59578.0,98.0,1,corporate auto,four-door car,403.67601
uf13251,oregon,m,high school or below,8510.758196,26032.0,109.0,0,personal auto,suv,638.098653
hk16676,oregon,m,high school or below,2712.832687,39618.0,68.0,0,corporate auto,four-door car,326.4
kf80571,arizona,m,high school or below,2258.793954,0.0,65.0,0,personal auto,four-door car,625.483498
xb43418,california,m,college,4815.851943,59438.0,124.0,0,special auto,suv,562.667789
ia78643,washington,f,high school or below,8007.399376,0.0,112.0,0,personal auto,luxury,537.6
ri97135,washington,m,bachelor,3008.969524,0.0,87.0,0,personal auto,four-door car,401.484738
hz52656,washington,f,bachelor,2530.705137,89451.0,63.0,0,personal auto,four-door car,61.769564
bm71358,arizona,m,high school or below,10787.11572,44695.0,91.0,0,personal auto,four-door car,147.954285
dj42087,california,f,high school or below,11923.75365,24581.0,101.0,0,personal auto,four-door car,484.8
nv98267,arizona,m,bachelor,5186.359717,0.0,73.0,1,personal auto,four-door car,194.944319
yd27780,arizona,f,bachelor,10103.64886,72334.0,129.0,3,corporate auto,suv,412.829624
dz38951,oregon,m,high school or below,6438.995346,19831.0,83.0,0,personal auto,four-door car,398.4
vo84133,california,m,high school or below,3909.636524,40361.0,98.0,0,personal auto,four-door car,71.169255
fp86246,california,m,bachelor,13211.01092,74656.0,111.0,0,personal auto,four-door car,504.365927
ya37626,oregon,m,master,14616.36817,25358.0,126.0,0,personal auto,suv,750.58561
xw54288,california,m,bachelor,3732.345012,35461.0,95.0,1,corporate auto,four-door car,9.214343
et81343,california,m,doctor,8750.643581,59047.0,76.0,3,personal auto,four-door car,364.8
cw57351,nevada,f,college,10662.63422,62409.0,89.0,0,personal auto,four-door car,392.686432
ev39201,california,f,college,3861.486269,93272.0,95.0,0,personal auto,four-door car,281.110788
yv40022,california,f,college,9807.829589,0.0,135.0,0,personal auto,luxury,970.456654
ix44049,oregon,m,bachelor,3252.828464,20166.0,83.0,0,personal auto,two-door car,398.4
di51103,washington,f,high school or below,2711.899826,0.0,74.0,0,personal auto,four-door car,355.2
as78838,california,m,bachelor,2453.570794,29735.0,69.0,0,personal auto,four-door car,331.2
yj16399,california,m,high school or below,11228.28966,0.0,64.0,0,corporate auto,four-door car,772.83851
lh52773,california,f,high school or below,23020.89147,97460.0,114.0,0,personal auto,suv,660.135987
xf99212,arizona,m,college,2458.447909,57564.0,63.0,1,personal auto,two-door car,302.4
cl52383,arizona,f,bachelor,11160.07706,33232.0,94.0,0,special auto,four-door car,435.527845
dd28380,arizona,f,college,13118.74322,11854.0,113.0,0,personal auto,four-door car,807.721213
cp87192,california,f,college,6120.185345,23843.0,79.0,0,personal auto,four-door car,344.693511
mh43755,arizona,f,college,13881.03947,17961.0,181.0,0,personal auto,luxury,476.707749
kt38145,california,f,college,4787.472973,0.0,64.0,0,personal auto,four-door car,360.110955
fu65756,arizona,f,college,8177.048957,54695.0,103.0,0,personal auto,suv,494.4
yg92601,california,m,college,3309.248219,85632.0,82.0,0,personal auto,two-door car,7.2574
mz63755,california,f,bachelor,14635.45158,0.0,139.0,0,personal auto,suv,667.2
bi33231,california,f,high school or below,5120.615661,0.0,76.0,4,personal auto,four-door car,277.220384
zd71862,oregon,f,high school or below,19253.03441,39895.0,160.0,0,personal auto,suv,765.591167
vt87641,washington,f,bachelor,6646.749298,95815.0,82.0,0,personal auto,four-door car,393.6
tn61016,california,f,high school or below,8742.472473,37224.0,74.0,0,personal auto,four-door car,355.2
px27645,california,m,bachelor,8467.369513,0.0,122.0,0,personal auto,suv,1100.088685
is53899,nevada,f,college,6992.531494,94652.0,86.0,0,personal auto,four-door car,412.8
kc69320,arizona,f,bachelor,13037.03339,28582.0,112.0,0,personal auto,luxury,537.6
wr86431,nevada,f,high school or below,10883.78785,91123.0,138.0,3,corporate auto,suv,103.462381
ty27229,arizona,m,bachelor,9114.276632,85942.0,116.0,2,personal auto,four-door car,79.340118
lc42182,nevada,f,high school or below,30442.53824,64321.0,253.0,0,personal auto,luxury,422.438297
sz64974,arizona,m,doctor,5104.354719,77025.0,64.0,2,personal auto,two-door car,380.917107
ah89786,oregon,m,high school or below,2174.111987,16997.0,65.0,3,personal auto,two-door car,468.0
qo70290,california,m,bachelor,9890.210998,52408.0,125.0,0,personal auto,luxury,179.125777
ir78670,california,m,bachelor,8719.125849,0.0,116.0,1,personal auto,four-door car,556.8
ou24549,nevada,m,bachelor,8516.751366,37573.0,112.0,3,corporate auto,suv,537.6
oo96263,nevada,f,high school or below,11606.84868,45893.0,97.0,0,personal auto,two-door car,465.6
sy86059,california,f,high school or below,3731.504584,0.0,96.0,0,corporate auto,four-door car,460.8
jz76788,nevada,m,college,3303.090814,29385.0,88.0,2,personal auto,two-door car,422.4
ab23825,california,m,college,8888.875454,21509.0,81.0,1,personal auto,two-door car,413.492922
bh61137,arizona,f,bachelor,8173.50314,68144.0,70.0,4,personal auto,four-door car,336.0
qw21716,nevada,m,bachelor,4923.950434,31093.0,63.0,0,personal auto,four-door car,302.4
iu95336,arizona,m,high school or below,2823.501795,24350.0,73.0,3,corporate auto,four-door car,350.4
ty22591,washington,m,college,7824.372789,32823.0,100.0,0,personal auto,suv,480.0
vr18539,washington,m,college,8311.854644,44843.0,105.0,0,personal auto,suv,391.419263
gd89605,oregon,f,master,5384.532684,59364.0,67.0,0,corporate auto,four-door car,321.6
rd47708,oregon,m,college,3978.665051,39101.0,99.0,0,personal auto,four-door car,167.174678
xh47201,california,m,high school or below,6237.507291,0.0,90.0,1,personal auto,two-door car,432.0
tw62773,washington,f,high school or below,6969.880958,27604.0,92.0,1,corporate auto,two-door car,441.6
qp77560,california,f,high school or below,5024.029643,91603.0,64.0,5,personal auto,four-door car,307.2
qv66305,washington,f,master,8414.080425,59828.0,104.0,0,personal auto,suv,499.2
wc83676,nevada,m,college,2801.562831,33247.0,72.0,0,special auto,four-door car,284.956298
qd98396,california,m,college,5010.917847,45867.0,126.0,0,personal auto,luxury,604.8
am36670,california,f,college,4997.780688,54827.0,64.0,0,personal auto,four-door car,132.947215
cj78727,california,f,bachelor,2236.085718,0.0,64.0,3,corporate auto,two-door car,307.2
gn61665,arizona,m,bachelor,10934.73726,47170.0,139.0,0,corporate auto,luxury,667.2
hy49431,california,f,bachelor,3289.132998,21947.0,83.0,0,personal auto,four-door car,366.90936
ik82336,oregon,f,college,14014.10119,39018.0,117.0,0,personal auto,suv,561.6
wa16954,arizona,m,master,5604.330774,20252.0,71.0,0,personal auto,four-door car,198.227061
qd69852,oregon,m,bachelor,2912.235077,0.0,88.0,0,personal auto,four-door car,633.6
xg47945,oregon,m,master,5616.845326,48602.0,70.0,0,corporate auto,two-door car,487.884823
uv57184,california,f,bachelor,7504.685954,97849.0,62.0,0,special auto,four-door car,183.117146
ju55710,oregon,f,college,3746.751625,41479.0,94.0,1,personal auto,two-door car,19.575683
pt50287,oregon,f,bachelor,2959.819985,69746.0,74.0,0,personal auto,four-door car,225.032781
ab73565,california,m,bachelor,7725.535708,96748.0,96.0,0,personal auto,two-door car,460.8
pk20739,oregon,m,bachelor,13248.63735,25074.0,112.0,0,personal auto,two-door car,537.6
xi85062,nevada,m,master,2717.781848,66463.0,68.0,0,personal auto,two-door car,326.4
ka77514,washington,m,high school or below,2734.149158,34865.0,69.0,0,corporate auto,four-door car,255.946801
nd80148,california,m,college,9199.388961,37399.0,116.0,0,personal auto,four-door car,392.826082
ak72422,california,m,college,29049.71315,21070.0,195.0,0,corporate auto,luxury,1404.0
ln49978,oregon,f,bachelor,4956.620638,31562.0,66.0,4,personal auto,four-door car,316.8
rz80299,california,f,master,5574.959174,54684.0,71.0,2,personal auto,four-door car,487.070965
qu53781,oregon,m,high school or below,9192.592887,37388.0,117.0,0,corporate auto,suv,561.6
md70013,nevada,f,bachelor,3878.770231,84981.0,96.0,0,personal auto,four-door car,4.719043
qd97878,nevada,m,master,4419.116971,24046.0,116.0,0,personal auto,two-door car,556.8
wk24299,california,m,high school or below,4772.943848,20993.0,133.0,0,personal auto,suv,638.4
rj45123,oregon,m,college,9101.523916,48029.0,116.0,0,personal auto,suv,556.8
hm33037,arizona,m,bachelor,7609.089616,16233.0,197.0,0,personal auto,luxury,1418.4
qy70905,arizona,m,college,2668.662697,30718.0,67.0,1,personal auto,two-door car,321.6
yl86561,oregon,m,high school or below,5141.976413,60277.0,65.0,0,personal auto,four-door car,146.390518
lk40971,california,m,bachelor,7451.49202,0.0,107.0,0,personal auto,suv,770.4
ui44314,arizona,m,bachelor,2620.167098,31911.0,68.0,0,personal auto,four-door car,245.893663
nn44612,nevada,f,bachelor,4909.844198,61402.0,62.0,0,personal auto,two-door car,252.157829
ma37431,california,f,college,8023.075248,34335.0,101.0,0,corporate auto,two-door car,484.8
dp57381,nevada,m,college,20446.6023,71467.0,86.0,0,personal auto,two-door car,324.879569
px45824,washington,m,college,4966.848441,0.0,74.0,0,personal auto,four-door car,532.8
og17838,washington,m,high school or below,3549.016697,36168.0,90.0,0,personal auto,four-door car,432.0
wg37485,oregon,f,college,5350.367001,58357.0,137.0,2,personal auto,luxury,708.220713
rv95842,california,m,college,8065.234637,29692.0,77.0,0,personal auto,four-door car,449.352139
ng13451,oregon,m,high school or below,7892.824093,29215.0,67.0,0,personal auto,four-door car,327.656191
uq82778,oregon,f,high school or below,4540.9925,0.0,61.0,0,personal auto,two-door car,486.121464
zg16710,washington,m,high school or below,2852.527169,26841.0,74.0,1,personal auto,four-door car,418.534381
ot53330,arizona,f,bachelor,10720.41744,34837.0,139.0,1,personal auto,suv,667.2
lz12396,arizona,f,bachelor,4795.387295,33068.0,61.0,1,personal auto,four-door car,213.038013
uu77151,washington,f,college,5182.393447,44820.0,133.0,3,personal auto,luxury,336.13217
cd71877,nevada,f,bachelor,22620.74841,49564.0,193.0,0,corporate auto,luxury,286.370988
pa95799,arizona,m,college,2320.750557,19581.0,61.0,0,personal auto,four-door car,377.24342
fk28721,oregon,m,high school or below,7714.650119,0.0,74.0,0,corporate auto,two-door car,532.8
cm42637,oregon,m,bachelor,7880.337212,23129.0,70.0,0,personal auto,four-door car,491.65337
ci47242,washington,m,bachelor,9029.940704,0.0,138.0,0,personal auto,suv,1376.958592
fe46445,arizona,f,high school or below,6965.423975,25411.0,86.0,0,personal auto,four-door car,242.807725
pd32854,arizona,f,high school or below,15114.40241,28513.0,100.0,1,personal auto,suv,480.0
gv35061,oregon,m,high school or below,22523.7063,69346.0,63.0,1,special auto,two-door car,246.284609
bg44829,oregon,f,high school or below,10760.17612,74835.0,133.0,0,corporate auto,suv,107.645982
rh83684,oregon,f,master,5808.932598,43282.0,72.0,0,personal auto,two-door car,166.799814
sb82356,nevada,f,bachelor,30591.61257,11276.0,91.0,1,corporate auto,four-door car,436.8
tw49116,nevada,m,college,2220.187426,0.0,62.0,2,personal auto,four-door car,311.506082
rj39700,oregon,m,bachelor,4914.035833,10037.0,71.0,0,personal auto,four-door car,292.181494
lo40410,oregon,f,doctor,2395.57,21986.0,63.0,0,personal auto,two-door car,333.696228
sx85653,arizona,f,doctor,5522.524223,85609.0,136.0,0,personal auto,suv,652.8
ph91033,oregon,m,college,15808.75757,86347.0,130.0,0,personal auto,luxury,593.779554
lc69427,oregon,f,college,2827.328603,20368.0,72.0,0,corporate auto,four-door car,345.6
mz85889,california,f,master,5421.524497,25778.0,68.0,0,corporate auto,two-door car,20.141289
gl82358,nevada,f,high school or below,2514.59196,43860.0,65.0,0,corporate auto,four-door car,156.124914
am94127,oregon,m,college,5157.642282,93303.0,65.0,0,corporate auto,four-door car,40.757983
to19482,oregon,m,high school or below,4874.665223,67467.0,61.0,0,personal auto,two-door car,365.879938
wa68850,arizona,m,high school or below,4198.02525,30598.0,106.0,0,personal auto,suv,508.8
er97256,arizona,f,college,5380.898636,55350.0,67.0,0,personal auto,four-door car,321.6
ck85904,california,f,high school or below,13466.92071,11432.0,119.0,0,corporate auto,suv,571.2
gh30325,oregon,m,college,2424.424678,27093.0,61.0,0,personal auto,four-door car,292.8
lg98245,nevada,m,bachelor,3823.853815,0.0,108.0,0,personal auto,suv,777.6
kw31376,oregon,f,high school or below,13883.32934,0.0,197.0,0,corporate auto,luxury,1418.4
xz45224,oregon,f,college,2438.533897,38961.0,62.0,0,corporate auto,two-door car,297.6
hd56196,oregon,f,doctor,34090.03598,51840.0,94.0,0,corporate auto,two-door car,33.747903
em39400,nevada,m,bachelor,2840.302575,79181.0,72.0,0,personal auto,four-door car,241.277426
fp39090,oregon,m,bachelor,24127.50402,14072.0,71.0,0,special auto,four-door car,511.2
ce17166,california,m,college,7596.143777,56225.0,97.0,0,personal auto,four-door car,465.6
hf67477,washington,m,high school or below,15096.27023,14909.0,199.0,0,personal auto,luxury,1238.077611
gj79432,nevada,m,high school or below,6005.214792,26876.0,76.0,0,personal auto,four-door car,364.8
ze17448,oregon,m,college,3455.23067,68401.0,88.0,0,personal auto,four-door car,242.254164
sk65854,nevada,f,college,5728.581037,29730.0,72.0,0,personal auto,four-door car,463.21435
rt23641,oregon,f,high school or below,5163.228365,35577.0,130.0,0,personal auto,suv,574.51239
py79113,california,m,master,2602.650842,41958.0,66.0,1,corporate auto,four-door car,206.818326
ep61197,oregon,f,master,32643.07651,77915.0,115.0,0,personal auto,four-door car,552.0
il12516,oregon,f,bachelor,2789.74739,15514.0,74.0,0,corporate auto,four-door car,355.2
bf55854,nevada,f,college,11250.09857,29505.0,284.0,0,personal auto,luxury,1979.444237
gp19791,california,f,college,16510.96722,31356.0,68.0,0,personal auto,two-door car,326.4
ii16403,california,f,college,7607.983712,31456.0,199.0,0,personal auto,luxury,436.695385
ss28002,arizona,f,high school or below,5603.73932,95284.0,69.0,0,personal auto,four-door car,327.647322
vt97066,nevada,m,high school or below,6674.44805,0.0,98.0,0,personal auto,two-door car,931.648937
fh97700,washington,f,bachelor,4049.415027,62864.0,104.0,0,personal auto,two-door car,171.213743
nb96938,oregon,m,college,4958.016206,22842.0,65.0,0,personal auto,four-door car,468.0
hy32811,california,f,bachelor,7850.128057,67186.0,66.0,0,personal auto,four-door car,184.936711
mb69465,arizona,m,high school or below,6382.583452,0.0,87.0,0,personal auto,four-door car,417.6
le12086,oregon,f,college,5737.499595,68946.0,71.0,0,personal auto,four-door car,309.627788
io89174,oregon,f,bachelor,7688.023506,56680.0,100.0,2,personal auto,suv,480.0
db26077,arizona,f,high school or below,4873.436612,18866.0,126.0,0,personal auto,suv,604.8
nb98740,california,f,high school or below,2824.681217,82875.0,70.0,0,personal auto,four-door car,455.337179
el82767,arizona,f,college,3722.368016,0.0,109.0,2,personal auto,suv,523.2
ak54675,california,f,bachelor,5535.963648,84863.0,138.0,0,corporate auto,suv,691.697458
ew67766,california,f,college,4727.8341,0.0,127.0,0,personal auto,suv,609.6
js36743,california,m,bachelor,2378.667328,54753.0,61.0,0,personal auto,four-door car,292.8
tv20901,california,f,college,9337.895228,76381.0,116.0,0,special auto,two-door car,556.8
lq20969,california,m,bachelor,6189.994337,59523.0,78.0,1,personal auto,four-door car,343.789779
bz33435,arizona,f,bachelor,5638.262608,56017.0,71.0,0,corporate auto,four-door car,51.995897
oa55110,arizona,m,master,5264.361755,14306.0,74.0,3,corporate auto,four-door car,355.061143
yj42538,arizona,f,bachelor,4035.68383,21359.0,101.0,0,personal auto,luxury,484.8
xb64207,arizona,f,bachelor,4117.4697,86101.0,102.0,0,personal auto,suv,344.736945
kz80424,washington,m,bachelor,8382.478392,25998.0,71.0,0,personal auto,four-door car,791.878042
bc34309,california,f,master,2435.147986,64341.0,61.0,0,personal auto,four-door car,79.934072
jc34468,california,f,high school or below,6599.081932,36060.0,165.0,0,special auto,luxury,774.558233
on34922,oregon,m,high school or below,5353.932122,61894.0,67.0,0,personal auto,four-door car,266.996814
mq93707,oregon,m,high school or below,6747.524275,26721.0,65.0,3,personal auto,four-door car,312.0
sy28542,nevada,f,bachelor,7412.135256,59940.0,94.0,0,personal auto,four-door car,303.098944
ra29518,washington,m,master,5512.342258,45971.0,138.0,0,special auto,suv,139.826393
no34698,oregon,m,bachelor,4015.34005,80055.0,100.0,0,corporate auto,suv,121.945071
vk37392,arizona,m,college,7772.473464,58345.0,98.0,0,personal auto,four-door car,346.971517
lj43082,oregon,f,college,4638.945365,0.0,71.0,3,personal auto,two-door car,143.276484
fi90697,oregon,m,bachelor,10507.50144,76549.0,132.0,0,personal auto,suv,616.349424
dr93103,arizona,f,master,17556.99121,36212.0,73.0,0,personal auto,two-door car,119.033795
xr37151,california,f,bachelor,9103.700091,0.0,131.0,0,personal auto,luxury,628.8
zz43513,california,m,high school or below,13110.54899,73597.0,114.0,5,personal auto,suv,485.183645
qw81912,california,f,high school or below,8006.219948,63762.0,99.0,0,personal auto,four-door car,108.161276
az50087,california,m,bachelor,6807.271588,32787.0,86.0,0,personal auto,two-door car,568.58486
hq87008,california,f,bachelor,2627.610202,94962.0,67.0,4,personal auto,two-door car,321.6
fm30352,oregon,f,high school or below,9095.744565,0.0,256.0,0,personal auto,luxury,1943.772393
pd30266,california,f,college,5015.643575,73809.0,125.0,0,special auto,suv,537.315879
ga50461,oregon,f,bachelor,4726.869327,13037.0,124.0,0,personal auto,suv,839.348464
fy84962,california,m,high school or below,3059.182181,0.0,88.0,0,personal auto,four-door car,989.200247
gt14584,oregon,f,college,4122.569957,75272.0,103.0,0,personal auto,suv,71.647924
ia87250,arizona,f,master,2620.903729,39278.0,66.0,0,personal auto,four-door car,65.590217
mm67983,oregon,m,bachelor,4938.893241,36913.0,62.0,0,personal auto,four-door car,90.569696
mw40110,california,m,bachelor,4691.043597,0.0,74.0,1,personal auto,four-door car,407.218947
sh93005,california,m,college,6005.847375,13528.0,86.0,0,personal auto,four-door car,412.8
kd69941,california,m,bachelor,4941.650159,0.0,137.0,0,personal auto,suv,986.4
jv38934,washington,f,bachelor,2254.402024,0.0,65.0,1,personal auto,four-door car,768.797656
xi16714,arizona,f,high school or below,2554.032052,0.0,72.0,0,corporate auto,four-door car,405.804184
dg68667,arizona,m,doctor,8123.955566,12617.0,108.0,0,personal auto,suv,648.925597
ar40217,oregon,f,high school or below,19079.09518,42754.0,65.0,4,personal auto,two-door car,279.715067
im73868,oregon,m,college,10461.58298,0.0,155.0,0,corporate auto,luxury,1116.0
br44176,california,f,high school or below,4669.22664,76157.0,116.0,0,personal auto,two-door car,556.8
my51849,oregon,f,bachelor,4903.810606,0.0,66.0,0,personal auto,four-door car,469.6093
fq61281,oregon,m,high school or below,83325.38119,58958.0,231.0,0,personal auto,luxury,1108.8
nj72300,oregon,f,bachelor,8009.028202,0.0,107.0,0,personal auto,suv,740.963933
yo81740,oregon,f,bachelor,23895.6779,0.0,98.0,0,personal auto,four-door car,705.6
wm25415,oregon,f,high school or below,7732.385103,34430.0,65.0,0,personal auto,two-door car,184.958966
gu41036,oregon,m,high school or below,9416.28441,13411.0,127.0,0,personal auto,suv,609.6
nn66592,california,m,bachelor,5923.518828,73758.0,74.0,0,personal auto,four-door car,301.562622
to29918,california,f,high school or below,3833.066768,0.0,116.0,2,personal auto,luxury,1397.954723
pf53601,oregon,m,bachelor,28432.00202,17130.0,198.0,0,special auto,luxury,950.4
tf61492,washington,f,college,5553.756551,0.0,92.0,3,personal auto,four-door car,662.4
pd52748,oregon,f,high school or below,10036.53634,0.0,134.0,1,personal auto,suv,1353.28906
tf68928,arizona,m,bachelor,6575.53817,10517.0,92.0,0,personal auto,four-door car,441.540848
vz79366,california,m,college,4362.931238,58842.0,110.0,0,personal auto,four-door car,528.0
sq53118,california,m,college,7873.708219,22355.0,71.0,3,personal auto,four-door car,340.8
qz56257,washington,f,high school or below,13021.0853,0.0,223.0,5,personal auto,luxury,1605.6
zi34278,arizona,f,bachelor,4492.23348,21137.0,61.0,1,personal auto,four-door car,292.8
zb82406,oregon,f,bachelor,6650.456653,0.0,99.0,2,personal auto,four-door car,712.8
op93305,california,m,high school or below,11093.71591,78255.0,95.0,0,personal auto,four-door car,456.0
ck31454,arizona,f,bachelor,5107.163002,35625.0,65.0,1,special auto,four-door car,288.572108
fx81675,california,f,college,7334.328083,87957.0,61.0,0,personal auto,four-door car,308.321335
bk85520,oregon,f,college,4996.564694,25915.0,64.0,0,corporate auto,two-door car,317.979988
kb18303,california,m,college,8658.863813,62464.0,109.0,0,corporate auto,luxury,400.181882
gx47381,california,m,high school or below,9657.579498,0.0,131.0,0,corporate auto,suv,628.8
rx31862,california,m,high school or below,6176.700392,49529.0,78.0,0,personal auto,two-door car,234.723464
yq58965,california,f,bachelor,2867.312197,23376.0,78.0,0,personal auto,four-door car,374.4
hg60406,california,m,college,2821.448707,0.0,81.0,0,personal auto,four-door car,583.2
bc52397,arizona,m,college,2843.557702,67952.0,71.0,0,personal auto,two-door car,167.405624
ar69517,california,m,college,11790.49617,25251.0,66.0,0,corporate auto,four-door car,316.8
jj23168,arizona,f,high school or below,7785.666532,20497.0,65.0,0,personal auto,four-door car,425.358596
nb39218,california,m,high school or below,12315.09489,68420.0,104.0,1,personal auto,four-door car,499.2
fp95606,arizona,f,college,4810.97858,24711.0,122.0,0,personal auto,luxury,259.998169
yp27180,california,f,college,27279.33647,76530.0,119.0,4,personal auto,suv,254.149197
jk74110,california,m,high school or below,3980.421464,98333.0,99.0,1,personal auto,four-door car,459.048775
mc85738,california,f,bachelor,14635.45158,0.0,139.0,0,personal auto,suv,667.2
ce78778,oregon,f,college,3761.792015,0.0,106.0,1,personal auto,four-door car,1116.943654
lt72149,nevada,m,high school or below,5619.689084,0.0,153.0,0,personal auto,suv,1027.000029
zc89812,arizona,m,bachelor,5304.541694,0.0,74.0,0,personal auto,four-door car,532.8
gf68713,oregon,m,bachelor,3207.468733,24695.0,82.0,0,personal auto,four-door car,393.6
hb23001,california,m,bachelor,8697.787865,26287.0,111.0,0,personal auto,two-door car,279.378884
dh99299,california,m,college,8717.049833,83846.0,74.0,3,personal auto,four-door car,355.2
ra61917,washington,f,high school or below,8029.715047,76081.0,68.0,0,personal auto,four-door car,384.210821
km65135,oregon,m,college,4763.327142,14957.0,66.0,0,corporate auto,four-door car,316.8
rr37482,washington,m,high school or below,23055.57229,41727.0,117.0,1,personal auto,four-door car,82.25632
wm24870,nevada,f,college,5383.670919,89092.0,68.0,2,personal auto,two-door car,91.8198
ec78254,washington,f,college,8409.668976,53986.0,70.0,1,corporate auto,four-door car,127.886591
cq19667,oregon,f,bachelor,4257.477861,49853.0,109.0,0,personal auto,four-door car,679.534284
ay43037,oregon,m,high school or below,14708.99565,36670.0,189.0,0,corporate auto,luxury,907.2
gn36177,nevada,m,bachelor,2593.818427,43626.0,67.0,0,personal auto,two-door car,321.6
vl36269,washington,f,high school or below,2466.581354,0.0,70.0,0,special auto,four-door car,504.0
ua58104,california,f,college,7933.820656,76505.0,65.0,0,personal auto,four-door car,144.051716
gr12431,california,f,college,36860.72688,66216.0,103.0,0,personal auto,luxury,96.723812
iv37346,oregon,f,college,7412.029748,52497.0,63.0,0,corporate auto,two-door car,302.4
vu99589,arizona,f,high school or below,34611.37896,20090.0,109.0,0,personal auto,luxury,523.2
vv61641,oregon,f,high school or below,18726.15325,0.0,185.0,2,personal auto,suv,1543.932434
zy26831,california,f,bachelor,7249.065093,37751.0,93.0,0,corporate auto,four-door car,56.692777
ip84574,oregon,f,college,8193.091589,54840.0,72.0,3,corporate auto,four-door car,468.728516
xf33416,oregon,f,college,8692.282356,31986.0,111.0,0,personal auto,four-door car,532.8
pv62583,nevada,m,college,9799.175061,22166.0,126.0,0,personal auto,suv,604.8
qk29271,california,m,bachelor,14084.48944,0.0,208.0,0,corporate auto,luxury,2270.508697
zf58696,california,m,high school or below,13104.14911,0.0,130.0,0,personal auto,luxury,1430.548077
pk37320,oregon,f,master,2628.657528,83838.0,65.0,0,personal auto,two-door car,281.405931
ep35930,oregon,f,master,5245.683756,46061.0,65.0,0,personal auto,two-door car,21.612658
ts34391,oregon,m,college,8092.87696,50825.0,102.0,0,personal auto,suv,369.614729
st65635,arizona,f,college,2719.506996,14030.0,72.0,0,corporate auto,two-door car,345.6
aq25590,washington,f,high school or below,5445.373289,20282.0,79.0,3,personal auto,two-door car,507.549315
qk37708,california,m,bachelor,4514.247473,50146.0,116.0,1,personal auto,suv,759.291202
ey83434,washington,m,high school or below,22029.1505,0.0,121.0,0,personal auto,suv,580.8
dq55516,california,f,bachelor,5408.892351,20472.0,139.0,0,corporate auto,suv,667.2
ks72802,oregon,f,master,3768.371028,85751.0,93.0,0,corporate auto,four-door car,391.210704
pe32165,california,f,high school or below,27934.62373,76912.0,116.0,2,corporate auto,luxury,169.226996
xo78284,arizona,m,master,3887.324208,96335.0,97.0,0,personal auto,four-door car,161.388136
hs39343,washington,f,bachelor,7475.784971,29633.0,196.0,0,corporate auto,luxury,534.653787
zf77631,california,m,master,22758.91192,80540.0,63.0,0,personal auto,four-door car,65.845112
ze60021,nevada,f,high school or below,5124.79641,14465.0,135.0,1,corporate auto,luxury,944.506601
iu15885,washington,f,bachelor,4900.336708,0.0,66.0,0,personal auto,four-door car,316.8
hi16116,oregon,f,master,5278.6471,29899.0,66.0,0,personal auto,four-door car,419.302975
wh41496,washington,m,college,4821.986443,0.0,136.0,0,personal auto,suv,652.8
iq24777,nevada,m,bachelor,8044.872393,71391.0,67.0,0,personal auto,four-door car,284.000172
ca55066,arizona,m,high school or below,12157.32992,57449.0,103.0,0,personal auto,four-door car,494.4
lg87047,california,m,high school or below,18591.54967,14209.0,62.0,0,personal auto,four-door car,297.6
tk38732,oregon,m,high school or below,4873.350518,47824.0,129.0,3,personal auto,suv,546.046853
kh94432,arizona,f,doctor,5338.525632,48696.0,66.0,0,corporate auto,four-door car,48.762193
id21652,washington,f,bachelor,2878.766728,79189.0,71.0,0,personal auto,two-door car,56.092247
rv90030,california,f,high school or below,8473.46358,0.0,116.0,2,special auto,luxury,1148.461246
ck36026,arizona,f,bachelor,3440.361969,23870.0,91.0,0,personal auto,two-door car,500.577875
ur27848,california,m,college,17497.52201,0.0,73.0,0,personal auto,two-door car,350.4
kp68957,california,f,bachelor,2544.337548,41059.0,64.0,0,corporate auto,four-door car,151.670029
lc86277,oregon,m,high school or below,3336.219942,19447.0,89.0,0,corporate auto,four-door car,640.8
uw55977,washington,m,bachelor,5206.108215,94392.0,65.0,1,personal auto,four-door car,156.18031
re46032,nevada,m,college,43290.49543,23203.0,132.0,0,personal auto,suv,1158.79311
cg69038,washington,m,college,4817.992644,38157.0,61.0,0,personal auto,two-door car,81.53233
ir73545,oregon,m,college,13727.79972,0.0,126.0,0,personal auto,suv,604.8
cr85257,oregon,m,high school or below,4996.545123,99761.0,63.0,0,corporate auto,two-door car,452.246664
jx88012,oregon,f,college,7960.007541,98350.0,101.0,3,corporate auto,suv,289.181979
ed44765,oregon,f,high school or below,7367.653764,25318.0,63.0,2,personal auto,four-door car,302.4
tw81986,arizona,f,bachelor,5632.613078,51721.0,139.0,0,personal auto,suv,625.282599
ha56889,nevada,f,bachelor,3884.8552,0.0,114.0,0,personal auto,luxury,851.031598
eb72669,california,m,bachelor,4518.024385,0.0,78.0,3,personal auto,four-door car,374.4
ch95772,california,m,college,2565.124294,68321.0,66.0,0,personal auto,four-door car,198.263056
oz62735,arizona,m,bachelor,15487.44072,69161.0,129.0,0,personal auto,luxury,441.138769
un50538,oregon,f,bachelor,6395.351807,72667.0,80.0,0,personal auto,four-door car,383.228397
js76871,oregon,m,high school or below,8639.088723,62082.0,72.0,0,corporate auto,four-door car,91.036967
ug42487,arizona,f,high school or below,9806.215757,0.0,87.0,0,personal auto,four-door car,626.4
tb56369,california,f,bachelor,12472.1199,36551.0,107.0,0,personal auto,four-door car,53.837271
zn27753,oregon,m,bachelor,5794.565797,70524.0,73.0,0,personal auto,four-door car,350.4
fh22442,california,f,high school or below,2619.027206,60477.0,65.0,0,corporate auto,four-door car,139.841411
lv81383,washington,f,high school or below,3731.504584,0.0,96.0,0,personal auto,four-door car,460.8
hi34993,oregon,m,high school or below,5421.018201,40376.0,69.0,0,personal auto,four-door car,427.874055
kw59167,oregon,f,college,6521.368813,72608.0,82.0,3,personal auto,four-door car,393.6
bl44722,nevada,f,high school or below,41787.90343,46587.0,119.0,2,personal auto,four-door car,571.2
qv11152,arizona,m,high school or below,9613.613215,34398.0,61.0,1,personal auto,two-door car,292.8
sg53084,california,f,bachelor,4766.645359,70432.0,61.0,3,personal auto,four-door car,6.422285
ez30537,oregon,f,doctor,23984.62144,79655.0,296.0,0,personal auto,luxury,498.159874
ay35050,arizona,f,college,7292.913911,0.0,98.0,0,personal auto,two-door car,470.4
uq59692,california,f,bachelor,21255.49606,73457.0,133.0,1,personal auto,suv,198.115298
jf11031,california,m,college,5357.75893,0.0,82.0,0,personal auto,four-door car,393.6
de53644,california,f,bachelor,5192.355227,23059.0,66.0,0,personal auto,two-door car,372.430947
kr53335,washington,f,bachelor,7116.549068,0.0,66.0,0,personal auto,four-door car,316.8
aj89108,california,f,bachelor,11009.13049,51643.0,283.0,0,personal auto,luxury,1358.4
mz10085,nevada,m,high school or below,4328.373176,72531.0,109.0,1,personal auto,luxury,523.2
ev68966,california,m,college,9419.883665,87840.0,118.0,1,personal auto,suv,161.590594
ps28082,arizona,m,high school or below,2592.928283,57563.0,66.0,0,personal auto,four-door car,316.8
mx89333,arizona,m,bachelor,2554.189234,0.0,72.0,2,personal auto,two-door car,345.6
oe14751,oregon,m,doctor,3528.044252,31278.0,92.0,4,personal auto,two-door car,441.6
yi73667,nevada,f,college,5340.810309,0.0,72.0,0,personal auto,four-door car,345.6
ax70794,california,m,high school or below,2449.31771,47122.0,62.0,0,personal auto,two-door car,297.6
bf69918,oregon,m,high school or below,5666.465804,0.0,77.0,0,personal auto,four-door car,534.228036
ke61355,oregon,f,high school or below,5272.703428,60260.0,66.0,0,corporate auto,four-door car,328.366827
hg65194,oregon,f,college,8672.814261,0.0,125.0,0,personal auto,suv,600.0
gv68933,arizona,m,high school or below,7679.677721,12677.0,101.0,0,personal auto,suv,500.633484
lm76366,nevada,m,high school or below,2999.338779,28564.0,76.0,0,corporate auto,two-door car,364.8
ps57128,california,f,bachelor,3834.735196,41341.0,99.0,0,personal auto,four-door car,240.24432
ah55475,arizona,m,college,33053.26869,44246.0,122.0,3,personal auto,suv,585.6
le91297,oregon,m,master,5175.28934,0.0,71.0,0,personal auto,four-door car,340.8
if18508,california,f,high school or below,7950.570995,70610.0,99.0,0,personal auto,four-door car,240.977382
ye87442,arizona,f,high school or below,9935.165983,34831.0,124.0,0,personal auto,suv,595.2
qd85803,california,f,bachelor,7861.798596,30374.0,99.0,0,personal auto,four-door car,304.537298
sf25048,california,m,college,8092.87696,50825.0,102.0,0,personal auto,suv,369.614729
fh39423,oregon,f,master,5539.349243,80727.0,68.0,0,personal auto,four-door car,98.71658
lw43630,california,f,bachelor,9628.702696,71269.0,80.0,0,personal auto,four-door car,350.689559
xo17798,washington,m,high school or below,5827.483965,45794.0,74.0,0,personal auto,four-door car,449.63005
in15077,california,m,high school or below,4807.846463,99874.0,119.0,0,corporate auto,luxury,307.639408
ne16405,california,f,bachelor,2582.408525,76731.0,64.0,0,personal auto,four-door car,201.455005
tu82820,california,m,master,4475.161898,73019.0,112.0,0,corporate auto,suv,537.6
fr26341,oregon,m,master,2399.045522,19112.0,62.0,0,personal auto,four-door car,259.006614
mt27589,oregon,m,college,7840.165778,58414.0,210.0,2,corporate auto,luxury,1008.0
ug72692,oregon,m,bachelor,2378.090679,0.0,70.0,0,personal auto,four-door car,734.072654
mp95255,california,f,high school or below,3919.366722,66676.0,97.0,0,personal auto,four-door car,558.099357
em16179,arizona,f,college,8274.145703,69011.0,70.0,0,personal auto,four-door car,336.0
dr77208,california,m,bachelor,9538.770856,0.0,85.0,0,personal auto,two-door car,58.714775
pr31509,nevada,m,bachelor,5331.823882,0.0,71.0,0,personal auto,four-door car,340.8
se33381,arizona,f,bachelor,4531.675269,0.0,126.0,0,corporate auto,suv,907.2
bw43011,california,m,high school or below,3834.210713,0.0,112.0,0,personal auto,suv,806.4
yp96182,oregon,m,master,2726.797356,31385.0,69.0,0,personal auto,four-door car,68.193193
wi58274,oregon,f,college,8238.45802,68261.0,102.0,0,personal auto,luxury,84.097896
yf26585,nevada,m,high school or below,4758.470236,92324.0,119.0,2,corporate auto,luxury,603.110961
uh76090,california,f,bachelor,8818.051498,0.0,136.0,4,personal auto,suv,1237.257917
vf36700,oregon,f,master,24278.10167,20983.0,97.0,1,personal auto,four-door car,451.751555
cs32416,oregon,m,bachelor,5595.761077,68004.0,72.0,0,corporate auto,two-door car,416.344082
at18041,california,f,high school or below,2682.704812,63471.0,67.0,0,personal auto,two-door car,387.71779
tb54645,oregon,f,bachelor,3033.407812,27369.0,77.0,0,personal auto,four-door car,331.94306
lx11170,oregon,f,high school or below,4862.908979,36839.0,61.0,0,personal auto,four-door car,152.496995
ro43614,washington,f,bachelor,2128.621329,0.0,65.0,2,personal auto,four-door car,312.0
qs36363,arizona,f,high school or below,12655.52878,26149.0,157.0,0,personal auto,suv,753.6
fx72157,oregon,f,high school or below,8556.58016,52440.0,109.0,0,corporate auto,four-door car,371.206205
xc43591,oregon,m,college,12880.74907,24571.0,109.0,0,personal auto,four-door car,523.2
pj71030,oregon,m,high school or below,3049.837544,0.0,90.0,0,special auto,four-door car,432.0
jh14651,washington,m,master,3237.996209,60244.0,83.0,3,personal auto,four-door car,326.281835
yg42297,arizona,m,college,5248.978048,0.0,72.0,0,personal auto,four-door car,216.700125
ty31217,washington,f,bachelor,11009.13049,51643.0,283.0,0,personal auto,luxury,1358.4
ku69274,arizona,f,high school or below,14267.93156,17157.0,123.0,0,personal auto,suv,770.746666
mu53420,oregon,m,high school or below,5325.724541,0.0,73.0,0,personal auto,two-door car,496.474767
re36747,nevada,m,high school or below,3034.771777,17308.0,82.0,0,personal auto,four-door car,874.324338
in78205,arizona,f,college,8329.039004,0.0,118.0,0,personal auto,suv,849.6
ah39293,california,m,college,2616.613903,72302.0,66.0,0,personal auto,two-door car,316.8
if30418,california,f,master,2574.020376,34990.0,65.0,0,personal auto,four-door car,42.689135
qh51455,arizona,m,college,4004.5513,0.0,107.0,0,personal auto,four-door car,513.6
uz60774,nevada,f,bachelor,6051.799036,0.0,87.0,1,personal auto,four-door car,626.4
ad63766,oregon,m,bachelor,2839.013244,0.0,81.0,0,personal auto,two-door car,388.8
mn19541,arizona,m,college,1994.774936,0.0,61.0,0,personal auto,four-door car,393.215919
sf38922,oregon,m,college,11944.40399,33760.0,102.0,0,personal auto,suv,123.491865
st91578,california,m,master,6466.304259,0.0,90.0,0,personal auto,four-door car,144.776935
ap52565,arizona,f,high school or below,6746.434272,70328.0,84.0,0,corporate auto,four-door car,293.227028
bt68954,oregon,m,bachelor,3561.035706,0.0,99.0,0,special auto,four-door car,712.8
nu93648,arizona,m,bachelor,20774.02463,0.0,63.0,0,corporate auto,two-door car,243.208647
ou60143,oregon,f,bachelor,3939.00637,60021.0,99.0,0,corporate auto,four-door car,882.871945
ec51047,california,f,bachelor,8915.172898,31991.0,81.0,3,personal auto,four-door car,548.321886
ev46476,california,m,bachelor,8084.325058,20169.0,112.0,1,personal auto,suv,537.6
hb59616,washington,f,college,4502.980016,0.0,64.0,0,personal auto,two-door car,307.2
ra34556,california,m,high school or below,4877.954567,20178.0,69.0,2,corporate auto,four-door car,331.2
nb87421,arizona,m,high school or below,8294.968932,78189.0,103.0,0,corporate auto,four-door car,99.143241
hr64765,washington,m,high school or below,8485.385641,0.0,244.0,0,personal auto,luxury,1756.8
fm70419,oregon,m,college,4740.202507,0.0,72.0,1,personal auto,four-door car,518.4
gx51965,california,m,high school or below,8564.768226,95697.0,107.0,0,personal auto,luxury,178.006524
os75351,oregon,m,college,2393.915369,0.0,70.0,0,personal auto,four-door car,425.266308
tu25694,oregon,m,high school or below,2458.746211,0.0,70.0,0,personal auto,four-door car,504.0
js90115,nevada,f,high school or below,19597.05706,64559.0,62.0,0,personal auto,four-door car,107.538749
kw93227,washington,m,college,21892.93859,58149.0,61.0,0,special auto,four-door car,292.8
su41739,california,m,college,8728.456239,0.0,124.0,0,personal auto,suv,473.469932
tv75816,oregon,m,high school or below,2386.201293,70911.0,63.0,3,corporate auto,two-door car,302.4
rs54064,washington,m,high school or below,21892.3539,78337.0,62.0,2,corporate auto,two-door car,36.285512
ob63331,arizona,f,doctor,2813.50617,50397.0,70.0,0,corporate auto,four-door car,350.65008
ti58610,arizona,f,master,2996.889929,51199.0,74.0,0,corporate auto,four-door car,355.2
tj82551,nevada,f,bachelor,4063.331688,46928.0,102.0,1,personal auto,four-door car,631.402071
zo43755,oregon,f,master,8368.875358,23879.0,107.0,0,corporate auto,suv,635.64283
vg16827,california,f,master,4626.801093,79487.0,114.0,0,personal auto,suv,547.2
kj48497,oregon,f,high school or below,7516.786075,0.0,106.0,0,personal auto,suv,850.593038
na27429,nevada,f,high school or below,3644.833554,82477.0,90.0,0,personal auto,two-door car,432.0
az38648,washington,f,master,11981.98481,21514.0,62.0,0,personal auto,two-door car,257.248789
sr53077,nevada,f,high school or below,2601.810999,57231.0,65.0,0,personal auto,four-door car,305.117221
uo12263,oregon,f,high school or below,4654.954187,0.0,69.0,4,corporate auto,four-door car,331.2
bc86800,california,f,bachelor,3579.773094,84598.0,89.0,2,personal auto,two-door car,639.267653
zq28996,nevada,m,college,5388.023812,48895.0,68.0,0,corporate auto,four-door car,325.009146
ji42730,arizona,m,high school or below,3705.291862,84493.0,92.0,0,personal auto,four-door car,441.6
vf21170,california,f,bachelor,8613.464001,37277.0,109.0,1,personal auto,suv,417.72438
mp25903,oregon,m,high school or below,2703.266928,0.0,71.0,0,personal auto,two-door car,497.392925
yh24323,california,f,college,2511.697993,14906.0,66.0,0,corporate auto,four-door car,421.632668
xb86235,arizona,m,doctor,24186.24342,14710.0,112.0,0,personal auto,luxury,537.6
wr53191,california,f,bachelor,15120.21281,20656.0,130.0,0,corporate auto,suv,706.114237
um83813,oregon,f,bachelor,13379.81103,0.0,194.0,0,personal auto,luxury,1396.8
jw45704,california,m,bachelor,2308.692609,0.0,64.0,0,personal auto,four-door car,431.768752
pv26437,california,f,bachelor,7319.575712,57777.0,61.0,1,corporate auto,four-door car,273.879927
ax39008,oregon,m,bachelor,26113.36,80409.0,74.0,0,personal auto,two-door car,262.984836
dj52170,california,m,high school or below,5639.941974,73168.0,70.0,0,special auto,four-door car,425.800112
rm34371,nevada,f,bachelor,4715.285559,0.0,64.0,0,personal auto,two-door car,345.345026
tz65661,california,f,college,2742.797845,32437.0,69.0,0,corporate auto,two-door car,331.2
yd74214,california,f,college,3808.122147,94903.0,94.0,0,personal auto,two-door car,451.2
ar99766,nevada,f,bachelor,4692.048347,82534.0,118.0,0,personal auto,suv,4.23752
za30025,arizona,m,bachelor,4055.399126,0.0,121.0,0,personal auto,suv,1215.970113
ie85867,arizona,f,high school or below,41787.90343,46587.0,119.0,2,personal auto,four-door car,571.2
xk52242,california,m,bachelor,9800.33636,32245.0,124.0,0,personal auto,suv,257.502471
rp12388,arizona,m,bachelor,12379.56803,39886.0,64.0,1,personal auto,two-door car,290.359207
tp30316,california,m,college,9705.30895,79157.0,61.0,0,corporate auto,two-door car,117.781906
rs60249,oregon,m,bachelor,4253.283113,0.0,62.0,0,personal auto,two-door car,446.4
al50693,oregon,m,bachelor,3567.503755,0.0,102.0,0,corporate auto,suv,660.430456
sh36838,arizona,m,high school or below,5153.91989,0.0,74.0,0,personal auto,four-door car,532.8
cv44550,arizona,m,college,7559.206998,0.0,119.0,1,corporate auto,four-door car,964.51598
yo23637,washington,m,college,4194.906755,0.0,64.0,3,special auto,two-door car,759.285255
aj32539,oregon,m,bachelor,2829.312319,25860.0,72.0,0,personal auto,four-door car,345.6
vq48245,washington,f,master,3221.788294,77882.0,79.0,0,personal auto,four-door car,379.2
id15010,oregon,m,doctor,10972.06778,24164.0,137.0,0,personal auto,luxury,657.6
rh28799,arizona,m,college,2430.959055,0.0,70.0,0,personal auto,four-door car,341.329847
wc72942,oregon,m,high school or below,3790.190029,66169.0,96.0,1,personal auto,two-door car,156.429591
ht92952,california,m,bachelor,8838.085637,82664.0,114.0,3,corporate auto,suv,133.425609
lr82110,nevada,f,doctor,20101.65141,23638.0,102.0,0,personal auto,suv,489.6
je19783,arizona,m,bachelor,6388.21126,26436.0,83.0,0,personal auto,two-door car,398.4
mx97096,nevada,f,college,2656.522604,0.0,78.0,1,personal auto,four-door car,374.4
td51026,arizona,m,bachelor,7714.60093,13154.0,102.0,0,personal auto,suv,489.6
sd75391,california,f,master,2704.537211,24173.0,70.0,0,personal auto,four-door car,181.468292
cn29830,california,m,high school or below,2495.464753,26689.0,64.0,0,corporate auto,four-door car,424.711758
rv52244,arizona,f,bachelor,2498.35063,31357.0,63.0,0,personal auto,four-door car,2.016239
wa59097,oregon,f,college,5614.587986,40417.0,71.0,1,personal auto,four-door car,130.303439
tv23956,washington,m,high school or below,2089.337182,0.0,63.0,1,personal auto,four-door car,453.6
xq81794,arizona,m,high school or below,5137.349322,93872.0,64.0,0,personal auto,four-door car,206.495442
bb21794,oregon,f,bachelor,5394.913017,29853.0,69.0,0,personal auto,four-door car,76.586018
hc63693,arizona,f,college,7341.741414,88049.0,92.0,0,corporate auto,two-door car,567.065802
kj55021,washington,f,college,4791.081559,29111.0,63.0,0,personal auto,four-door car,302.4
hx45529,oregon,m,master,25169.18817,37282.0,79.0,0,personal auto,four-door car,222.508607
xy78443,arizona,f,college,2147.656911,0.0,62.0,0,personal auto,two-door car,297.6
kq38375,california,f,bachelor,9902.392683,0.0,133.0,0,personal auto,suv,945.169882
hc66205,washington,m,high school or below,3157.742637,58248.0,80.0,0,corporate auto,four-door car,134.371323
kf62288,oregon,f,high school or below,6269.136365,0.0,89.0,1,special auto,two-door car,942.277602
ye46109,arizona,f,college,10839.50749,26367.0,139.0,0,personal auto,suv,105.991559
tt30338,arizona,f,master,7675.871354,89586.0,63.0,1,personal auto,four-door car,302.4
mc22692,washington,f,high school or below,7035.974353,86642.0,87.0,0,personal auto,two-door car,234.057985
fw17421,washington,f,high school or below,3576.705025,24959.0,89.0,0,corporate auto,four-door car,640.8
ke83023,oregon,m,bachelor,10845.74473,27279.0,137.0,0,personal auto,suv,770.227699
ht96569,oregon,m,bachelor,2656.99458,57117.0,67.0,0,personal auto,four-door car,321.6
go27855,oregon,f,college,6883.665071,64600.0,86.0,0,personal auto,four-door car,168.28738
ux71974,california,m,college,20314.44095,42218.0,180.0,3,personal auto,luxury,212.130344
qt97406,arizona,m,bachelor,20120.56053,32869.0,85.0,0,corporate auto,two-door car,117.467331
qq37605,washington,f,master,2547.370551,26047.0,64.0,1,personal auto,four-door car,187.903224
bl79888,oregon,f,high school or below,34611.37896,20090.0,109.0,0,personal auto,luxury,523.2
wf91295,oregon,f,high school or below,4254.620669,11904.0,61.0,2,personal auto,two-door car,292.8
nq92014,california,f,high school or below,3659.18314,0.0,106.0,0,personal auto,suv,763.2
rp33869,washington,f,bachelor,2577.514741,49467.0,65.0,0,personal auto,two-door car,413.695258
ts31001,oregon,m,bachelor,26243.85811,55705.0,113.0,0,personal auto,suv,149.90747
ne58217,oregon,f,bachelor,27064.46339,83560.0,113.0,1,corporate auto,four-door car,276.048405
bv57364,arizona,m,college,8092.87696,50825.0,102.0,0,personal auto,suv,369.614729
fs84707,nevada,f,doctor,2691.217074,82108.0,67.0,0,personal auto,four-door car,52.804096
an80983,oregon,m,college,5218.343293,85721.0,65.0,0,corporate auto,four-door car,312.0
uu84036,california,m,high school or below,8267.848845,59597.0,69.0,0,special auto,two-door car,222.791933
xq51968,california,m,high school or below,5568.947534,0.0,79.0,1,corporate auto,two-door car,407.440238
cy59740,california,m,high school or below,2594.809242,0.0,73.0,0,corporate auto,four-door car,350.4
xt58648,arizona,f,high school or below,8646.504109,64125.0,108.0,0,personal auto,suv,369.818708
wz63975,california,f,high school or below,2423.755534,22319.0,63.0,1,personal auto,two-door car,302.4
rq72272,arizona,m,college,2814.2088,94304.0,71.0,0,personal auto,two-door car,182.815897
fr34560,oregon,f,master,2506.263939,17193.0,66.0,0,corporate auto,four-door car,316.8
ef99768,california,f,high school or below,4424.579094,37800.0,112.0,0,corporate auto,suv,662.715218
lw50691,nevada,f,college,9555.169159,96269.0,118.0,0,personal auto,four-door car,58.776508
ep34249,oregon,m,college,13869.92705,28432.0,118.0,0,corporate auto,suv,612.300581
dq54144,arizona,f,high school or below,8841.77038,0.0,118.0,0,personal auto,suv,566.4
se62920,california,m,bachelor,8836.030712,63909.0,112.0,0,personal auto,suv,206.911942
pl54420,arizona,f,bachelor,33473.34946,33190.0,106.0,0,personal auto,suv,508.8
qg22665,arizona,m,college,5000.61936,43723.0,66.0,3,personal auto,four-door car,316.8
lj59940,nevada,f,high school or below,16468.22079,0.0,63.0,0,corporate auto,four-door car,685.12694
av17528,nevada,f,high school or below,9233.19066,42600.0,115.0,0,personal auto,luxury,660.136987
zu88796,arizona,f,bachelor,2448.811216,87802.0,63.0,5,personal auto,four-door car,173.899238
sd96596,washington,f,high school or below,18544.30271,34087.0,235.0,0,personal auto,luxury,889.518521
lt98784,oregon,m,master,5229.986897,18129.0,69.0,0,personal auto,four-door car,364.695093
oq45659,arizona,f,college,41745.00646,45431.0,116.0,0,personal auto,four-door car,556.8
zs66375,california,f,bachelor,7531.033623,0.0,71.0,0,personal auto,four-door car,511.2
ej67407,arizona,m,high school or below,8024.508444,95191.0,101.0,0,corporate auto,four-door car,316.111035
jd19036,arizona,f,master,16261.16768,41671.0,136.0,0,personal auto,suv,570.388228
yo11701,oregon,m,high school or below,8022.686194,53231.0,101.0,0,personal auto,suv,484.8
ko73340,oregon,m,college,2640.316068,77299.0,66.0,0,personal auto,four-door car,151.872106
bv53716,oregon,f,high school or below,5266.420543,93348.0,65.0,0,personal auto,four-door car,108.567965
cv95479,california,m,bachelor,3362.670123,0.0,107.0,2,personal auto,four-door car,770.4
oz97304,arizona,f,high school or below,2630.009217,0.0,78.0,1,corporate auto,four-door car,374.4
re63028,nevada,f,high school or below,6486.111674,87210.0,81.0,0,personal auto,four-door car,353.592003
ln37854,arizona,f,college,18399.82784,0.0,73.0,0,personal auto,four-door car,525.6
mu76701,washington,f,college,3921.018919,62445.0,98.0,1,personal auto,four-door car,681.167228
vi66513,california,m,high school or below,9688.334578,20009.0,87.0,1,corporate auto,four-door car,987.122788
eb30823,california,m,college,19668.86758,0.0,67.0,1,personal auto,four-door car,482.4
dq19343,california,f,high school or below,5583.068307,57925.0,72.0,1,corporate auto,two-door car,204.620759
sb61617,california,m,master,8935.03414,39910.0,112.0,0,personal auto,suv,561.499579
dy92795,oregon,f,bachelor,3226.850118,83252.0,80.0,0,personal auto,four-door car,384.0
wz92405,nevada,f,college,7492.162376,31723.0,62.0,0,personal auto,two-door car,242.628654
wl21375,arizona,f,high school or below,7890.597705,0.0,112.0,3,personal auto,four-door car,747.658769
kl83882,nevada,f,bachelor,6639.328932,72661.0,83.0,1,personal auto,four-door car,398.4
et87938,oregon,m,college,4328.864771,24711.0,62.0,0,personal auto,two-door car,362.989533
eq87425,california,f,high school or below,6919.016085,0.0,69.0,1,corporate auto,four-door car,40.401396
um17151,california,m,bachelor,1898.007675,0.0,67.0,3,personal auto,two-door car,413.606733
ms11057,oregon,m,bachelor,9587.586583,84539.0,119.0,0,personal auto,four-door car,65.428481
uu99893,arizona,f,master,7689.700105,42677.0,96.0,0,personal auto,four-door car,1084.95655
fe93665,oregon,f,high school or below,7897.015071,0.0,72.0,0,personal auto,two-door car,518.4
an53225,washington,m,high school or below,24672.65531,0.0,76.0,0,personal auto,two-door car,364.8
rl12319,oregon,f,high school or below,7484.383041,51692.0,186.0,0,special auto,luxury,892.8
ar25213,arizona,m,high school or below,7282.967586,40858.0,184.0,0,personal auto,luxury,883.2
jl15127,nevada,m,college,9816.528302,37256.0,62.0,0,personal auto,four-door car,128.969729
sd42668,washington,m,bachelor,5295.625697,0.0,74.0,0,personal auto,four-door car,532.8
zg82127,california,f,bachelor,12741.84754,73054.0,106.0,1,corporate auto,suv,419.365958
dw37404,california,f,bachelor,7858.047444,20532.0,67.0,0,personal auto,four-door car,282.657499
xm87301,oregon,m,bachelor,2397.536652,0.0,66.0,0,personal auto,four-door car,596.494439
tj46491,oregon,f,college,5980.846151,22946.0,76.0,0,personal auto,four-door car,377.350433
ka98111,washington,m,bachelor,2513.117202,22475.0,64.0,1,personal auto,four-door car,307.2
im15816,oregon,f,high school or below,9403.962744,79440.0,117.0,0,personal auto,suv,500.638118
zt63368,arizona,m,college,2618.80573,0.0,74.0,0,personal auto,four-door car,470.956628
vu79621,oregon,m,master,8139.996817,0.0,108.0,0,personal auto,luxury,518.4
hp20623,california,f,high school or below,5227.570224,70988.0,65.0,0,personal auto,four-door car,312.0
ry44996,oregon,f,high school or below,2677.223462,56536.0,67.0,0,special auto,four-door car,301.891189
ys71471,arizona,m,high school or below,2685.738737,45754.0,69.0,0,personal auto,two-door car,333.189774
vw74085,oregon,f,high school or below,5932.560456,48278.0,74.0,0,personal auto,two-door car,98.198664
yd76280,oregon,m,high school or below,2335.878238,22087.0,61.0,2,personal auto,two-door car,292.8
tl67005,california,f,high school or below,4811.184482,0.0,136.0,1,corporate auto,suv,569.908338
mo65595,nevada,f,bachelor,3386.532195,0.0,92.0,0,personal auto,two-door car,571.593637
rx96438,washington,f,high school or below,2311.211287,24400.0,62.0,0,corporate auto,two-door car,297.6
va65117,oregon,m,high school or below,7635.422232,0.0,110.0,0,personal auto,suv,1138.687583
kg16176,washington,f,college,2434.849287,0.0,66.0,0,personal auto,four-door car,167.073308
nt79981,nevada,f,high school or below,3605.974564,13199.0,93.0,0,personal auto,four-door car,582.462008
es88339,california,m,master,3337.980868,60607.0,83.0,0,corporate auto,four-door car,379.583119
ad33971,california,m,doctor,12564.06775,0.0,68.0,0,personal auto,four-door car,326.4
jr84006,washington,m,high school or below,2454.355436,74624.0,62.0,1,personal auto,four-door car,297.6
fn66436,california,f,college,10722.0645,54311.0,90.0,0,personal auto,two-door car,385.572011
yx84828,oregon,f,bachelor,5079.830406,0.0,68.0,0,personal auto,two-door car,326.4
jh94846,california,f,bachelor,3829.278604,19240.0,99.0,0,personal auto,four-door car,475.2
tx73398,nevada,m,bachelor,3697.04094,0.0,113.0,0,personal auto,two-door car,813.6
rx45809,california,m,college,14854.19552,37899.0,187.0,0,personal auto,luxury,246.993145
us36532,arizona,f,high school or below,4938.21454,76283.0,61.0,0,corporate auto,four-door car,292.8
rn86953,california,f,high school or below,7536.070851,69674.0,62.0,1,personal auto,two-door car,297.6
rz50353,california,m,high school or below,6243.141785,57734.0,78.0,0,personal auto,four-door car,374.4
qp32003,arizona,f,college,9983.128441,0.0,93.0,0,personal auto,four-door car,669.6
wn91943,california,m,college,12948.39854,30763.0,111.0,0,personal auto,four-door car,1072.532443
br24590,arizona,m,bachelor,2510.593651,0.0,70.0,0,personal auto,four-door car,522.41314
ui57491,california,m,bachelor,5165.571852,0.0,72.0,0,personal auto,two-door car,518.4
uj70796,oregon,f,college,7413.422501,52130.0,62.0,0,personal auto,four-door car,124.463095
nx32730,california,f,high school or below,3000.437822,77041.0,74.0,0,personal auto,two-door car,475.01424
oh98172,california,f,high school or below,3188.53073,81081.0,79.0,0,personal auto,two-door car,224.888004
aq30231,california,f,bachelor,5800.772699,0.0,78.0,0,personal auto,four-door car,374.4
mu97512,oregon,m,bachelor,7398.873941,27383.0,188.0,0,corporate auto,luxury,902.4
co75086,arizona,m,college,7269.338677,20407.0,95.0,2,corporate auto,four-door car,36.97749
ww52683,california,f,bachelor,5067.635525,61067.0,64.0,1,personal auto,four-door car,86.309744
xo38850,arizona,m,college,6227.365252,0.0,94.0,0,personal auto,four-door car,676.8
db50188,california,m,college,4448.642277,23006.0,113.0,0,personal auto,suv,792.104571
dg23204,california,f,doctor,2595.558788,27734.0,65.0,0,personal auto,four-door car,193.33986
js64688,oregon,m,high school or below,2595.853636,48608.0,67.0,0,personal auto,four-door car,321.6
pu81096,arizona,m,bachelor,6817.430723,43947.0,61.0,4,personal auto,four-door car,291.388894
iw56740,oregon,m,high school or below,15519.67161,23402.0,82.0,0,personal auto,two-door car,393.6
ak44985,california,f,college,3853.473448,0.0,110.0,0,personal auto,suv,792.0
fx55409,oregon,f,master,8229.240991,0.0,109.0,0,personal auto,suv,298.636534
bk76107,oregon,f,high school or below,14024.35839,81872.0,115.0,0,personal auto,four-door car,256.43803
ay26056,arizona,f,college,7948.567913,63892.0,66.0,0,personal auto,four-door car,90.712257
qr36329,washington,f,bachelor,2624.099741,11822.0,70.0,0,corporate auto,two-door car,285.894115
gf70857,nevada,m,college,2933.960426,0.0,83.0,0,personal auto,four-door car,199.851201
qe46704,nevada,m,college,2871.145075,94178.0,72.0,1,personal auto,four-door car,226.10336
pd22502,california,f,bachelor,4799.621411,0.0,65.0,0,personal auto,two-door car,312.0
xf94560,washington,f,high school or below,2305.238251,0.0,62.0,0,corporate auto,four-door car,297.6
hz64168,california,m,bachelor,40440.76481,0.0,129.0,0,personal auto,suv,1191.319334
ft79229,washington,f,bachelor,8900.420359,83761.0,111.0,0,personal auto,suv,532.8
ei17753,oregon,f,high school or below,4428.031583,58577.0,110.0,0,personal auto,suv,303.872752
ev15646,california,m,college,3781.690691,46573.0,94.0,0,personal auto,four-door car,77.778826
ff38892,california,f,high school or below,32861.25616,49889.0,118.0,0,personal auto,two-door car,201.545818
pp35705,california,m,high school or below,35862.99324,26376.0,121.0,0,personal auto,suv,580.8
fq24781,oregon,f,master,2574.020376,34990.0,65.0,0,personal auto,four-door car,42.689135
cr20811,california,f,bachelor,10660.89661,60642.0,133.0,0,personal auto,suv,428.27511
xt55646,arizona,m,bachelor,4428.625763,18263.0,117.0,0,personal auto,suv,758.333096
jh30819,california,f,bachelor,25674.14895,66550.0,107.0,1,corporate auto,suv,513.6
yv88022,washington,m,high school or below,6689.022728,56980.0,84.0,0,personal auto,two-door car,599.000883
vf57165,california,f,high school or below,16256.80661,21206.0,136.0,0,corporate auto,luxury,98.086192
az36763,arizona,f,bachelor,11834.73469,0.0,85.0,0,personal auto,four-door car,612.0
fl50532,arizona,m,master,8237.251407,48866.0,103.0,0,personal auto,luxury,494.4
jp88955,oregon,m,high school or below,8876.667487,30525.0,115.0,0,personal auto,luxury,368.022992
qf69163,washington,f,college,4373.35826,25676.0,113.0,0,personal auto,two-door car,542.4
oa26316,arizona,f,college,2221.364314,0.0,62.0,0,personal auto,four-door car,699.521401
fl55134,nevada,m,high school or below,10408.96865,20228.0,101.0,1,personal auto,suv,523.815839
ol48469,nevada,m,high school or below,4162.179638,0.0,67.0,3,personal auto,four-door car,321.6
cr86548,nevada,f,master,12349.70232,67248.0,102.0,0,personal auto,suv,489.6
xo11574,california,m,high school or below,3399.125502,28928.0,87.0,1,personal auto,four-door car,192.644347
dm34321,california,f,master,3420.661111,11652.0,89.0,0,personal auto,two-door car,526.476537
wh56217,washington,m,college,8927.565817,29136.0,118.0,0,corporate auto,suv,566.4
bv55733,nevada,m,college,10852.95712,67696.0,97.0,5,corporate auto,two-door car,17.479575
pk37121,washington,f,high school or below,4369.595738,91775.0,108.0,0,personal auto,suv,256.893746
eo87464,oregon,m,high school or below,7915.980712,31383.0,99.0,0,corporate auto,four-door car,475.2
uf49068,california,m,college,7754.666388,0.0,117.0,0,corporate auto,suv,918.655051
ch20044,california,f,bachelor,2241.463188,0.0,65.0,0,corporate auto,four-door car,312.0
nu57274,california,m,bachelor,9354.128045,0.0,135.0,0,personal auto,suv,972.0
cv63337,oregon,f,bachelor,3499.139864,37273.0,88.0,0,personal auto,two-door car,422.4
gy87675,oregon,m,college,5140.391812,26952.0,76.0,1,corporate auto,four-door car,364.8
oh93496,arizona,m,bachelor,3703.404606,0.0,109.0,0,personal auto,suv,784.8
ay99324,oregon,m,college,6555.360031,21853.0,86.0,0,personal auto,four-door car,412.8
mr27647,washington,f,high school or below,3312.176781,27431.0,85.0,0,personal auto,four-door car,457.783791
vq82774,california,f,master,16301.9676,19614.0,85.0,0,personal auto,two-door car,574.024018
wt38706,oregon,f,bachelor,14635.45158,0.0,139.0,0,personal auto,suv,667.2
ui89243,california,f,bachelor,5723.535705,77646.0,71.0,0,personal auto,four-door car,340.8
xp69351,california,m,college,2443.925701,0.0,69.0,0,personal auto,four-door car,124.180159
py64219,california,m,master,13024.13012,0.0,125.0,0,personal auto,suv,900.0
qj64737,california,f,high school or below,6165.864761,60884.0,77.0,0,personal auto,four-door car,491.848498
iu14618,oregon,m,high school or below,5838.89915,81082.0,73.0,0,personal auto,four-door car,281.295903
hh61461,nevada,f,bachelor,9971.017125,57483.0,82.0,0,personal auto,four-door car,540.072619
jx10102,arizona,f,high school or below,3223.217276,0.0,91.0,1,personal auto,four-door car,655.2
sg86615,oregon,m,high school or below,14558.42424,40260.0,73.0,0,personal auto,four-door car,299.505575
ve47660,oregon,f,high school or below,9033.246265,30004.0,112.0,0,personal auto,suv,806.4
bz36030,oregon,m,college,12590.93519,62575.0,106.0,0,personal auto,two-door car,508.8
kj52520,arizona,f,high school or below,8161.781091,45270.0,70.0,0,personal auto,two-door car,46.053458
ik60267,nevada,f,bachelor,2730.96734,24967.0,69.0,0,personal auto,two-door car,331.2
nx15614,oregon,m,high school or below,20294.39491,0.0,73.0,0,personal auto,two-door car,525.6
jo64353,oregon,f,high school or below,5301.835462,20269.0,66.0,0,personal auto,two-door car,475.2
bl89983,california,f,high school or below,9035.671134,34337.0,113.0,0,special auto,four-door car,542.4
se64365,california,m,high school or below,4674.705262,35830.0,118.0,1,corporate auto,four-door car,597.259924
jw16295,california,f,high school or below,10676.58892,55510.0,89.0,0,personal auto,two-door car,427.2
ic61020,oregon,f,high school or below,7437.514997,88360.0,185.0,0,personal auto,luxury,929.958895
wb73140,arizona,f,high school or below,5447.809042,0.0,73.0,0,personal auto,four-door car,350.4
jp52554,california,f,bachelor,15550.19077,17449.0,71.0,0,corporate auto,four-door car,268.676912
qz24527,california,f,bachelor,33473.34946,33190.0,106.0,0,personal auto,suv,508.8
vb53090,california,m,master,8013.608606,43196.0,66.0,0,personal auto,four-door car,1.48947
lr49580,oregon,f,bachelor,5061.180855,59216.0,64.0,2,personal auto,four-door car,200.493214
lh66741,arizona,m,bachelor,7034.345804,23158.0,63.0,3,personal auto,four-door car,302.4
is79761,oregon,m,high school or below,3815.851163,38651.0,98.0,0,personal auto,two-door car,470.4
pm11577,oregon,f,bachelor,8476.766278,74001.0,108.0,3,corporate auto,two-door car,254.311154
zb84321,washington,f,college,19690.44179,36032.0,70.0,0,personal auto,four-door car,336.0
qo26846,oregon,f,master,3359.290918,16891.0,88.0,0,personal auto,four-door car,633.6
yu55375,oregon,m,college,4502.408771,0.0,67.0,0,personal auto,two-door car,499.590386
yu83697,nevada,f,bachelor,3871.073807,0.0,110.0,0,corporate auto,suv,528.0
lq24783,oregon,f,doctor,6162.19867,80590.0,76.0,0,corporate auto,four-door car,104.06843
kl27226,california,m,bachelor,6412.368115,58776.0,83.0,2,personal auto,four-door car,478.750667
mr84659,oregon,f,college,10208.92761,35482.0,129.0,0,personal auto,suv,619.2
gu92938,nevada,f,bachelor,6943.555989,25612.0,61.0,0,personal auto,two-door car,292.8
oe56979,oregon,f,high school or below,9551.167226,57016.0,119.0,0,personal auto,suv,341.868399
qt13680,california,m,high school or below,2555.51822,25385.0,65.0,0,corporate auto,four-door car,458.804028
fg35165,washington,f,college,2480.487171,50516.0,62.0,0,personal auto,four-door car,179.633818
ms41043,arizona,f,college,7469.145695,0.0,199.0,0,personal auto,luxury,1956.368115
bb19609,california,m,college,15769.10776,29977.0,133.0,0,personal auto,suv,255.659711
qw44027,oregon,m,college,22837.1392,89384.0,285.0,0,corporate auto,luxury,2052.0
as60178,nevada,f,bachelor,2796.870102,54655.0,70.0,1,corporate auto,four-door car,186.608147
ap89323,nevada,f,college,2728.842912,40516.0,70.0,0,personal auto,four-door car,336.0
ty30683,oregon,f,college,3527.398513,26156.0,96.0,0,corporate auto,four-door car,460.8
mp16820,arizona,m,college,2821.100535,70047.0,71.0,0,personal auto,two-door car,107.713617
zt60102,arizona,m,college,17790.40826,26000.0,256.0,0,personal auto,luxury,1228.8
qx24179,oregon,m,bachelor,5619.649515,41878.0,71.0,0,personal auto,four-door car,161.695519
rl21492,arizona,m,bachelor,4984.618655,86305.0,62.0,0,corporate auto,four-door car,80.73124
jw44963,arizona,f,college,5447.835272,55483.0,70.0,0,personal auto,four-door car,230.912999
it37924,oregon,f,college,9752.698201,37345.0,82.0,0,personal auto,four-door car,31.652079
xc49176,california,f,bachelor,3193.817363,93405.0,79.0,0,corporate auto,four-door car,202.514015
jk30153,oregon,f,master,8566.423522,99652.0,106.0,2,personal auto,suv,406.634615
mh50997,california,f,bachelor,20003.14091,33901.0,84.0,1,personal auto,four-door car,145.990089
yj53102,oregon,f,master,3687.169374,0.0,99.0,1,corporate auto,four-door car,378.261483
ex80215,california,f,college,2822.731903,0.0,77.0,0,personal auto,four-door car,138.947984
ni46290,oregon,f,college,4860.910322,39429.0,62.0,0,corporate auto,four-door car,102.466444
cj78860,oregon,m,high school or below,3649.194138,0.0,104.0,0,personal auto,suv,748.8
wr88041,washington,m,high school or below,5043.801276,35832.0,65.0,0,personal auto,four-door car,177.211626
yi70563,california,m,bachelor,2780.845565,88704.0,69.0,0,personal auto,two-door car,259.714887
xb91559,washington,m,college,5274.429281,44051.0,67.0,0,personal auto,four-door car,321.6
lt80200,oregon,f,high school or below,2693.606981,0.0,74.0,0,personal auto,four-door car,355.2
dj71217,washington,m,college,21561.71277,0.0,110.0,0,personal auto,suv,792.0
pi79725,oregon,f,bachelor,2569.692441,79297.0,64.0,0,corporate auto,four-door car,164.328953
yv23210,oregon,m,high school or below,7422.186246,23617.0,189.0,0,personal auto,luxury,907.2
bp49831,washington,f,bachelor,2926.5223,23656.0,80.0,3,corporate auto,four-door car,384.0
of20965,nevada,f,bachelor,7284.363465,67780.0,92.0,0,personal auto,four-door car,601.455036
rx25695,arizona,m,bachelor,22721.24078,26900.0,97.0,1,personal auto,four-door car,465.6
io14680,oregon,m,bachelor,8838.085637,82664.0,114.0,3,corporate auto,suv,133.425609
wi52672,california,f,high school or below,13576.143,94153.0,111.0,0,corporate auto,suv,4.845348
yc45944,arizona,m,college,3885.456401,0.0,105.0,0,personal auto,four-door car,504.0
fv22585,oregon,m,college,6960.920371,74487.0,88.0,0,personal auto,four-door car,16.711329
hp27902,arizona,f,bachelor,23536.74767,33747.0,199.0,0,corporate auto,luxury,832.701335
tp52309,california,m,high school or below,13752.46705,0.0,131.0,1,personal auto,luxury,628.8
ku54022,nevada,f,high school or below,3323.856125,12762.0,86.0,0,corporate auto,two-door car,412.8
fp67637,nevada,m,bachelor,5380.312218,93818.0,66.0,0,personal auto,four-door car,248.405684
so43919,california,m,bachelor,14228.23432,31650.0,121.0,0,personal auto,suv,580.8
lh85364,oregon,f,high school or below,26016.525,43922.0,83.0,0,personal auto,four-door car,40.740297
ap95078,oregon,m,bachelor,7855.324623,37229.0,67.0,0,personal auto,four-door car,321.6
jc16991,arizona,f,master,7423.899674,36639.0,62.0,0,personal auto,four-door car,297.6
gg24674,california,f,high school or below,2497.543631,15520.0,66.0,0,personal auto,two-door car,316.8
ia11038,oregon,f,college,8845.710917,77077.0,112.0,0,personal auto,suv,528.047506
sa88518,oregon,f,college,7737.265103,50296.0,65.0,1,personal auto,two-door car,46.804
go80206,arizona,f,bachelor,2433.214447,23737.0,62.0,1,personal auto,four-door car,437.934279
gb71156,california,m,college,9156.322563,59624.0,117.0,0,corporate auto,four-door car,582.781896
ru39880,california,f,bachelor,11747.65373,58658.0,74.0,0,personal auto,two-door car,355.2
nd77597,oregon,m,bachelor,11084.60844,25542.0,70.0,0,personal auto,four-door car,448.374285
rb70060,california,m,high school or below,7434.247572,51408.0,62.0,0,personal auto,four-door car,297.6
bh68769,oregon,m,bachelor,6347.497519,42259.0,81.0,0,personal auto,two-door car,529.502964
io64256,oregon,f,high school or below,2736.944466,78889.0,68.0,0,corporate auto,two-door car,51.822348
xu98055,arizona,m,college,9546.81655,15406.0,124.0,0,personal auto,suv,892.8
hp68848,arizona,f,high school or below,9165.721087,53792.0,115.0,1,corporate auto,four-door car,552.0
aw84946,arizona,m,bachelor,4479.59882,36349.0,117.0,3,personal auto,suv,326.787526
he29300,california,m,college,38545.70689,41104.0,109.0,0,corporate auto,suv,440.030847
xk99408,california,f,high school or below,9177.953095,29098.0,115.0,0,personal auto,suv,683.554301
ra38184,arizona,f,bachelor,3444.171166,0.0,93.0,0,corporate auto,four-door car,7.991571
tn79733,oregon,f,high school or below,16468.22079,0.0,63.0,0,personal auto,four-door car,685.12694
ru58277,california,f,master,15485.80378,72026.0,191.0,0,corporate auto,luxury,554.926724
li10567,oregon,m,high school or below,11700.6441,0.0,169.0,0,personal auto,luxury,1312.201307
jb29250,oregon,f,high school or below,7573.336505,87615.0,94.0,0,personal auto,four-door car,451.2
vn57368,california,m,high school or below,7091.740512,0.0,68.0,0,corporate auto,four-door car,489.6
vt51874,oregon,m,high school or below,14862.76011,0.0,82.0,0,personal auto,four-door car,393.6
bc48076,washington,f,master,7783.78421,48689.0,191.0,0,personal auto,luxury,985.193759
dx91931,washington,m,college,10242.4096,0.0,150.0,0,personal auto,suv,1080.0
bp74289,oregon,m,college,7281.247847,0.0,103.0,0,personal auto,suv,494.4
ps77478,arizona,m,college,6863.706694,0.0,110.0,1,personal auto,suv,792.0
da10870,arizona,m,bachelor,6289.799089,40675.0,81.0,2,personal auto,four-door car,563.727058
te60343,oregon,m,high school or below,4716.264294,25746.0,61.0,1,corporate auto,four-door car,292.8
xj40322,california,f,high school or below,5294.28379,61687.0,67.0,0,personal auto,two-door car,120.128737
hj57617,oregon,m,bachelor,7685.402943,31686.0,101.0,2,corporate auto,suv,710.661746
cd95333,california,m,bachelor,5638.930838,20920.0,74.0,0,personal auto,two-door car,14.784843
cw98743,california,f,college,2554.033928,22538.0,64.0,0,personal auto,four-door car,423.787608
pa80607,oregon,m,high school or below,8096.312478,85483.0,67.0,0,personal auto,two-door car,314.143133
yc87263,oregon,f,master,21312.37811,70734.0,175.0,0,corporate auto,suv,1200.292827
eb52195,oregon,f,college,7981.444703,40639.0,67.0,0,personal auto,four-door car,301.60252
vf33776,nevada,f,high school or below,31269.27308,90289.0,99.0,3,corporate auto,four-door car,164.496171
bp23267,california,f,bachelor,73225.95652,39547.0,202.0,0,personal auto,luxury,969.6
oh80943,california,f,college,2659.70565,0.0,87.0,3,special auto,four-door car,420.041981
oa46321,oregon,m,college,15512.24997,54833.0,198.0,3,corporate auto,luxury,1396.702365
ca22248,oregon,f,master,2505.42043,60546.0,63.0,0,personal auto,four-door car,46.278027
lk40273,oregon,m,college,4898.674401,33938.0,64.0,0,personal auto,four-door car,63.709865
li13735,oregon,f,bachelor,3113.338974,85586.0,77.0,0,personal auto,two-door car,13.444132
lk35963,california,f,bachelor,17019.0061,89601.0,70.0,0,personal auto,two-door car,117.015463
yk36937,washington,m,college,5791.012841,33799.0,74.0,1,personal auto,four-door car,355.2
iy91183,arizona,f,master,3683.794027,0.0,100.0,1,personal auto,suv,480.0
ra91280,arizona,m,doctor,3436.134281,30817.0,88.0,0,personal auto,four-door car,91.834668
la78882,california,m,bachelor,6297.002886,0.0,189.0,1,personal auto,luxury,1823.730828
ro26233,california,f,college,2464.707849,31056.0,63.0,0,personal auto,four-door car,302.4
ze79055,california,m,bachelor,3075.594979,65017.0,81.0,4,personal auto,four-door car,301.841073
oi92280,oregon,f,college,8428.471635,12180.0,113.0,0,corporate auto,suv,675.569113
uk62940,oregon,m,college,2354.495752,0.0,64.0,0,personal auto,four-door car,333.830572
pu41916,oregon,m,college,22103.5072,0.0,102.0,0,personal auto,suv,489.6
qu75179,california,m,bachelor,7147.621865,87454.0,89.0,0,personal auto,four-door car,60.921658
pb16956,oregon,f,college,7842.377593,51001.0,99.0,1,personal auto,four-door car,291.890464
jx60415,arizona,f,master,3554.845264,58557.0,88.0,0,personal auto,four-door car,55.510526
cg39505,oregon,m,bachelor,7251.331956,18665.0,66.0,0,personal auto,four-door car,583.278307
gd59850,oregon,f,college,5316.606293,21299.0,69.0,0,corporate auto,four-door car,331.2
me37450,arizona,m,bachelor,5210.348372,89781.0,66.0,0,special auto,four-door car,37.960537
ee24901,arizona,m,bachelor,2989.912494,0.0,83.0,0,personal auto,two-door car,398.4
vy40793,oregon,m,college,4270.034394,0.0,122.0,0,personal auto,suv,725.870693
zb54635,california,f,bachelor,2524.646973,0.0,68.0,3,personal auto,two-door car,386.977271
if58637,california,f,high school or below,2555.851671,22881.0,65.0,0,personal auto,four-door car,312.0
re95629,california,f,college,2320.516874,0.0,63.0,0,personal auto,two-door car,453.6
xo67536,california,f,college,2563.394054,10860.0,66.0,0,personal auto,four-door car,316.8
qy56887,arizona,f,high school or below,14208.50598,0.0,131.0,0,corporate auto,suv,943.2
tb77524,arizona,f,college,8048.371634,0.0,116.0,0,personal auto,suv,1339.303486
wm14507,nevada,f,high school or below,7671.847478,62582.0,95.0,0,personal auto,four-door car,456.0
xl90594,california,f,college,7584.361069,87473.0,95.0,0,personal auto,four-door car,448.061777
cq78705,oregon,f,college,7145.29959,92681.0,91.0,3,personal auto,four-door car,436.8
ny55083,oregon,f,college,14083.97061,74916.0,62.0,4,personal auto,two-door car,123.490337
nj28041,oregon,m,high school or below,13055.57087,58684.0,162.0,0,personal auto,suv,1166.4
cf62430,nevada,f,bachelor,9129.872774,70973.0,114.0,1,personal auto,suv,547.2
sm54927,washington,f,bachelor,6739.664992,0.0,93.0,0,personal auto,four-door car,13.073952
rv58659,washington,f,college,4422.883059,21124.0,112.0,0,corporate auto,suv,733.319294
uz42802,oregon,m,bachelor,4526.606038,0.0,135.0,0,personal auto,luxury,1516.383753
kd63933,california,m,college,7048.384055,24030.0,194.0,0,personal auto,luxury,970.688934
eg54606,california,m,bachelor,5218.97082,21371.0,66.0,0,personal auto,four-door car,590.017366
op73328,arizona,f,high school or below,5399.57618,71186.0,67.0,0,personal auto,two-door car,29.984815
qg61936,california,m,master,4516.811394,0.0,124.0,0,corporate auto,suv,595.2
uu22643,oregon,f,high school or below,3600.934326,25147.0,101.0,0,personal auto,suv,694.598288
mf65419,oregon,m,bachelor,3979.586552,0.0,116.0,0,personal auto,luxury,835.2
nt97069,washington,m,bachelor,2533.740057,53988.0,64.0,0,personal auto,two-door car,206.82346
oc50447,nevada,m,bachelor,4966.767294,38055.0,64.0,1,personal auto,two-door car,39.069987
fa39525,oregon,m,high school or below,4901.892602,72859.0,61.0,0,personal auto,two-door car,49.961074
xw18691,washington,m,doctor,7751.927614,67787.0,194.0,0,personal auto,suv,469.257835
un98304,oregon,m,high school or below,6880.63389,0.0,66.0,0,corporate auto,four-door car,475.2
zw33889,california,f,bachelor,2477.708203,44280.0,62.0,0,corporate auto,two-door car,130.298883
mq80538,oregon,m,college,2727.735302,0.0,78.0,0,personal auto,four-door car,374.4
hz28612,washington,f,college,5626.572446,59782.0,70.0,0,personal auto,four-door car,336.0
zq35017,california,m,college,4650.063763,28215.0,65.0,0,personal auto,two-door car,468.0
ae30506,california,f,bachelor,2396.219292,0.0,66.0,2,personal auto,four-door car,433.160284
la16827,arizona,m,master,5432.862643,49919.0,134.0,0,personal auto,suv,643.2
tb46243,arizona,m,high school or below,8693.649178,88294.0,108.0,0,personal auto,suv,367.150034
gi14815,washington,m,college,15759.62394,55800.0,66.0,0,personal auto,two-door car,473.324671
lq28707,oregon,m,bachelor,22658.53652,23665.0,67.0,0,personal auto,four-door car,404.817249
lc27380,oregon,f,high school or below,5720.897922,32224.0,72.0,0,personal auto,four-door car,19.281882
tj32609,california,m,high school or below,8925.632207,23860.0,114.0,1,personal auto,suv,547.2
au71562,washington,f,high school or below,2936.726182,27179.0,74.0,0,personal auto,four-door car,355.2
jq66292,oregon,f,master,2592.890469,35705.0,65.0,0,personal auto,two-door car,312.0
bd66455,california,m,high school or below,4920.77107,0.0,143.0,0,personal auto,suv,1029.6
hs97484,california,f,college,32437.0535,0.0,99.0,0,personal auto,four-door car,475.2
ab45325,arizona,m,high school or below,2577.319607,74215.0,64.0,0,personal auto,two-door car,345.180055
ml93514,california,m,bachelor,4737.841289,63977.0,118.0,0,personal auto,four-door car,32.83059
eo56466,oregon,m,college,24660.48825,22070.0,72.0,0,special auto,four-door car,345.6
zk52226,california,f,high school or below,2499.411829,0.0,72.0,0,corporate auto,two-door car,345.6
ek87467,arizona,f,college,2722.210707,17576.0,71.0,0,personal auto,four-door car,398.502948
qt24496,california,f,college,4083.560673,13483.0,107.0,0,personal auto,suv,556.054702
nm44679,california,m,college,9783.628981,0.0,136.0,0,personal auto,suv,979.2
sk47066,washington,m,college,10492.97256,72297.0,87.0,2,personal auto,four-door car,109.543927
yb39959,oregon,m,master,3237.996209,60244.0,83.0,3,personal auto,four-door car,326.281835
ob97365,california,f,high school or below,4045.341004,77237.0,102.0,0,personal auto,four-door car,197.040115
hx53470,california,f,college,4711.845199,0.0,129.0,0,corporate auto,suv,1178.950186
ja17689,arizona,m,bachelor,2416.479564,0.0,68.0,0,personal auto,two-door car,436.411688
cj63667,oregon,f,master,31803.30779,25663.0,114.0,0,corporate auto,luxury,663.131089
gi70759,california,m,bachelor,4818.635094,0.0,71.0,0,personal auto,four-door car,511.2
lt24477,california,m,high school or below,8605.495006,47589.0,109.0,1,personal auto,suv,110.529874
lq45358,nevada,m,bachelor,4035.769432,0.0,112.0,0,personal auto,four-door car,537.6
wy58284,california,m,bachelor,8622.835375,97361.0,73.0,0,personal auto,four-door car,350.4
yd53564,california,f,college,5553.801956,26441.0,71.0,0,personal auto,two-door car,152.216871
ni66988,oregon,f,high school or below,24868.24096,0.0,128.0,0,personal auto,suv,715.951352
lw25030,arizona,f,bachelor,5046.892442,29957.0,65.0,0,corporate auto,four-door car,312.0
kx47545,oregon,m,high school or below,8031.706693,40082.0,69.0,0,personal auto,four-door car,331.2
xb27698,oregon,m,bachelor,8622.835375,97361.0,73.0,0,personal auto,four-door car,350.4
bx45636,california,f,high school or below,9161.655119,91763.0,113.0,0,special auto,suv,441.992043
is85460,california,f,high school or below,5956.545724,48993.0,74.0,0,personal auto,two-door car,810.461707
eg36536,arizona,m,bachelor,8496.063681,24031.0,109.0,0,personal auto,luxury,523.2
uz95992,california,f,bachelor,4376.363592,63774.0,111.0,0,personal auto,four-door car,60.036683
ql20148,oregon,m,college,22332.43946,49078.0,97.0,0,personal auto,four-door car,484.013411
sv51174,oregon,m,master,20631.15177,28935.0,87.0,0,personal auto,two-door car,119.630789
wp10197,nevada,m,high school or below,3933.813993,25927.0,103.0,0,personal auto,suv,674.973614
vv81837,oregon,m,high school or below,4928.648668,52507.0,123.0,0,personal auto,suv,590.4
gt41712,california,f,bachelor,5414.320958,0.0,74.0,0,personal auto,four-door car,78.581528
vl59942,arizona,f,bachelor,10571.5377,94137.0,65.0,0,personal auto,four-door car,43.579327
lh53046,nevada,f,high school or below,5439.3601,69186.0,69.0,0,personal auto,four-door car,192.591072
og36837,arizona,f,doctor,7648.25947,91071.0,94.0,2,personal auto,four-door car,402.74168
vo30155,nevada,m,high school or below,5421.537952,85447.0,71.0,2,corporate auto,four-door car,509.997312
ww19050,oregon,m,high school or below,5714.246379,0.0,79.0,0,personal auto,two-door car,50.447629
uy85263,nevada,f,bachelor,11255.46343,88858.0,93.0,0,personal auto,four-door car,310.36774
cs30372,oregon,m,bachelor,5420.339434,21881.0,69.0,0,corporate auto,four-door car,133.099001
tq85537,washington,m,college,2980.464566,72669.0,74.0,0,personal auto,four-door car,332.76894
pe72696,california,m,college,10892.90825,68025.0,91.0,0,personal auto,four-door car,436.8
uv89077,oregon,f,college,11638.89947,25370.0,102.0,0,personal auto,luxury,489.6
ei29901,arizona,m,bachelor,7295.42703,26849.0,62.0,0,personal auto,four-door car,38.309313
fd16853,arizona,f,high school or below,5373.724065,0.0,72.0,0,personal auto,four-door car,427.265172
fh81409,california,m,high school or below,8152.244431,0.0,79.0,0,personal auto,four-door car,568.8
zf64287,california,m,high school or below,13081.3077,89948.0,110.0,1,special auto,luxury,125.017501
nt82538,oregon,f,bachelor,4496.977642,0.0,63.0,0,personal auto,two-door car,419.610914
ha56608,california,m,college,13727.79972,0.0,126.0,0,special auto,suv,604.8
jz61712,nevada,m,bachelor,3359.239423,97576.0,83.0,1,personal auto,two-door car,544.712653
sh55598,arizona,f,high school or below,3703.437656,23120.0,93.0,0,personal auto,four-door car,446.4
tm43177,oregon,f,high school or below,3105.35094,97234.0,78.0,0,personal auto,four-door car,317.982567
wr90490,nevada,m,high school or below,4893.979609,25572.0,65.0,0,personal auto,four-door car,312.0
wv57524,oregon,f,college,10208.92761,35482.0,129.0,0,personal auto,suv,619.2
lk73001,california,m,college,8954.434101,34614.0,114.0,0,personal auto,four-door car,547.2
jq29969,oregon,f,bachelor,4236.468669,59038.0,105.0,0,personal auto,two-door car,588.265049
gs50147,oregon,m,high school or below,5234.780561,0.0,73.0,0,personal auto,two-door car,794.874636
nb10500,california,f,bachelor,3939.00637,60021.0,99.0,0,personal auto,four-door car,882.871945
nm77735,oregon,f,bachelor,8396.605358,47593.0,72.0,0,personal auto,four-door car,344.137073
cg36206,california,m,bachelor,2141.979314,0.0,67.0,1,personal auto,four-door car,321.6
uz80048,oregon,m,college,6185.9699,28001.0,83.0,0,personal auto,two-door car,438.778537
um15297,california,f,bachelor,9640.532979,30431.0,122.0,0,corporate auto,suv,133.4674
dw11738,california,m,master,4241.636538,19834.0,64.0,4,personal auto,four-door car,460.8
yk92080,california,f,college,3436.448003,30509.0,88.0,0,personal auto,four-door car,442.964578
to39943,washington,f,high school or below,4897.979559,30503.0,63.0,3,corporate auto,two-door car,257.923563
jv29414,oregon,m,doctor,17788.05705,73339.0,89.0,0,personal auto,four-door car,17.558721
jq22359,oregon,f,college,3268.323585,0.0,93.0,0,personal auto,two-door car,549.101027
vw84170,washington,f,high school or below,2819.114769,88067.0,70.0,0,personal auto,four-door car,336.0
da84476,oregon,m,college,7019.177186,26806.0,63.0,0,corporate auto,four-door car,302.4
tv34024,oregon,m,high school or below,4108.257228,0.0,114.0,0,personal auto,suv,820.8
uo32521,california,f,high school or below,2195.911185,0.0,63.0,0,corporate auto,two-door car,617.201984
gr90142,oregon,f,college,3808.122147,94903.0,94.0,0,personal auto,two-door car,451.2
zs73935,washington,f,high school or below,23435.72605,42862.0,65.0,0,personal auto,four-door car,254.223496
xh71839,oregon,m,high school or below,6739.316292,0.0,96.0,0,personal auto,four-door car,1012.030163
cm48429,california,m,high school or below,23554.392,31157.0,100.0,0,personal auto,suv,444.530425
fs56709,california,m,doctor,2874.074736,44084.0,72.0,0,personal auto,four-door car,243.598068
ij52285,arizona,f,master,6135.083838,43579.0,77.0,0,personal auto,two-door car,452.095421
uf36172,oregon,f,high school or below,6900.951275,0.0,92.0,0,personal auto,two-door car,428.064465
lq71247,arizona,f,high school or below,4524.642758,0.0,65.0,2,personal auto,four-door car,490.113784
kb25170,washington,f,doctor,2560.082499,88059.0,63.0,0,personal auto,four-door car,144.551024
ey19523,washington,m,bachelor,2333.609334,25772.0,64.0,0,personal auto,four-door car,307.2
cy30418,washington,m,college,5783.175676,72354.0,73.0,0,personal auto,four-door car,13.949992
xp92021,oregon,f,high school or below,13295.60284,68009.0,110.0,0,personal auto,suv,528.0
mq64736,washington,f,bachelor,3700.420255,12287.0,99.0,0,personal auto,four-door car,712.8
mt67399,nevada,f,bachelor,6488.89559,95025.0,81.0,0,personal auto,four-door car,271.968707
hg81172,arizona,f,college,7693.119768,54665.0,97.0,1,personal auto,four-door car,99.810799
db34757,arizona,m,college,2630.213326,80129.0,66.0,0,personal auto,four-door car,165.243007
am79057,oregon,f,bachelor,2287.91729,69024.0,61.0,5,personal auto,four-door car,238.530745
hj21793,oregon,f,bachelor,4648.539191,0.0,121.0,0,personal auto,suv,1080.559002
qh61060,arizona,f,high school or below,9209.41167,31365.0,115.0,0,special auto,suv,828.0
ur40795,oregon,m,high school or below,9269.677845,27849.0,119.0,0,personal auto,luxury,571.2
kr88393,california,f,high school or below,15002.60308,19245.0,84.0,1,personal auto,four-door car,604.8
yk65946,oregon,f,bachelor,8427.172486,46503.0,215.0,1,personal auto,luxury,1032.0
fd21881,oregon,m,college,3011.766294,77912.0,76.0,0,personal auto,two-door car,444.027215
cg60089,washington,m,bachelor,12898.59142,37449.0,111.0,1,personal auto,four-door car,170.559281
as48176,oregon,m,bachelor,12168.74492,14973.0,115.0,0,personal auto,suv,828.0
my55142,washington,m,college,5551.589436,46043.0,70.0,0,personal auto,four-door car,336.0
sn94425,oregon,f,high school or below,4541.26342,0.0,65.0,2,special auto,four-door car,312.0
dy69629,oregon,f,college,3096.511217,21604.0,79.0,0,corporate auto,four-door car,379.2
ui73553,nevada,f,bachelor,2359.423599,19864.0,63.0,0,personal auto,four-door car,352.394515
cw63533,california,m,bachelor,2468.443101,65876.0,63.0,1,personal auto,two-door car,44.359382
ey71418,oregon,f,bachelor,25640.24004,24695.0,168.0,0,corporate auto,suv,806.4
sk47162,oregon,m,bachelor,3567.503755,0.0,102.0,0,personal auto,suv,660.430456
vk43303,oregon,m,bachelor,6019.92547,68658.0,77.0,0,personal auto,two-door car,296.261405
sb60942,arizona,m,college,7258.634662,88082.0,61.0,1,personal auto,two-door car,218.779614
sx29898,california,f,bachelor,9111.75642,54751.0,114.0,0,personal auto,suv,721.241935
er29107,oregon,m,high school or below,6369.262355,34498.0,83.0,0,personal auto,two-door car,398.4
qv13947,oregon,m,college,4425.749642,63597.0,114.0,2,personal auto,suv,183.978738
uo54511,california,f,high school or below,4950.250892,27400.0,63.0,1,personal auto,four-door car,302.4
ad18174,california,f,high school or below,4837.926404,0.0,65.0,0,personal auto,four-door car,468.0
hb48518,nevada,m,college,3891.537785,31409.0,100.0,0,corporate auto,suv,116.163
lc12930,california,m,master,4872.01638,0.0,64.0,0,personal auto,four-door car,307.2
zq22116,arizona,f,high school or below,5310.905647,73102.0,66.0,0,corporate auto,four-door car,117.928547
xb35510,california,m,bachelor,8704.278179,38072.0,113.0,1,personal auto,suv,151.055863
cv78865,arizona,m,high school or below,2698.010741,95399.0,68.0,1,personal auto,two-door car,78.003781
wf75492,oregon,m,high school or below,8360.14874,48521.0,105.0,0,personal auto,luxury,263.82569
wh41844,oregon,f,bachelor,5316.644499,45856.0,67.0,0,personal auto,two-door car,91.735354
tu47984,arizona,f,college,3733.034622,21542.0,97.0,0,personal auto,four-door car,465.6
io73222,washington,f,bachelor,5407.745153,22555.0,70.0,0,personal auto,two-door car,336.0
nj21108,oregon,f,bachelor,5297.673655,33832.0,67.0,1,corporate auto,four-door car,321.6
oh91173,california,m,college,3873.647046,28142.0,105.0,0,personal auto,luxury,701.708239
ft24768,california,m,bachelor,6508.759916,60188.0,84.0,3,personal auto,four-door car,333.423827
om92482,arizona,m,bachelor,4834.397455,11698.0,65.0,0,personal auto,four-door car,468.0
iz47097,arizona,f,master,2927.216278,76850.0,72.0,0,personal auto,four-door car,345.6
kq49890,oregon,m,high school or below,5924.667902,78387.0,74.0,0,corporate auto,four-door car,204.090644
xb15703,california,m,bachelor,15262.95878,80757.0,128.0,0,personal auto,suv,339.73717
gr31499,oregon,f,master,2541.627614,23692.0,65.0,2,personal auto,two-door car,312.0
no59551,california,f,college,4904.894731,12902.0,139.0,0,personal auto,luxury,667.2
kv17233,arizona,f,bachelor,2434.004911,23033.0,62.0,0,personal auto,two-door car,500.908028
od75777,oregon,f,college,5586.965345,19280.0,72.0,0,personal auto,four-door car,345.6
ld68165,arizona,f,high school or below,26197.41498,18495.0,113.0,0,corporate auto,suv,542.4
yo14199,oregon,m,high school or below,2609.877842,30825.0,68.0,0,personal auto,four-door car,326.4
rr49534,oregon,f,bachelor,3265.156348,25820.0,82.0,0,personal auto,four-door car,393.6
wl69218,oregon,f,bachelor,17435.68167,54105.0,73.0,2,personal auto,two-door car,350.4
jf38079,california,m,high school or below,9080.604474,69853.0,114.0,2,personal auto,suv,244.278662
gy64553,california,m,bachelor,4637.034667,97017.0,115.0,1,personal auto,two-door car,534.079032
ct11176,california,f,bachelor,2615.304467,24914.0,66.0,0,personal auto,four-door car,138.729702
wu95334,california,m,college,7019.177186,26806.0,63.0,0,personal auto,four-door car,302.4
bk43823,oregon,f,high school or below,12052.98409,25419.0,101.0,0,personal auto,four-door car,584.567645
lk90215,oregon,m,college,2647.519741,37876.0,69.0,0,personal auto,four-door car,300.056383
xh72888,arizona,m,high school or below,15956.02945,36354.0,202.0,0,corporate auto,luxury,1454.4
my89889,nevada,f,bachelor,5039.389325,0.0,74.0,0,personal auto,four-door car,355.2
cy33307,california,f,college,5583.830065,32403.0,71.0,0,corporate auto,four-door car,97.410282
bc51708,california,m,high school or below,5074.841142,51659.0,64.0,0,personal auto,four-door car,307.2
jx78176,california,f,bachelor,12045.67286,55805.0,99.0,0,personal auto,four-door car,425.527151
gp20237,nevada,f,bachelor,2727.082424,29286.0,69.0,1,personal auto,four-door car,496.8
oy68395,oregon,f,high school or below,55277.44589,40740.0,198.0,0,personal auto,luxury,950.4
gn18675,california,m,bachelor,5080.23973,70784.0,64.0,0,special auto,four-door car,107.928851
eq75249,arizona,f,college,5838.133617,55419.0,72.0,0,personal auto,four-door car,171.166733
jv40853,california,f,high school or below,27666.30052,61886.0,87.0,0,personal auto,two-door car,417.6
oz47099,arizona,m,master,2676.948677,0.0,71.0,0,corporate auto,four-door car,340.8
rb16360,oregon,m,high school or below,5330.593183,84240.0,132.0,0,personal auto,suv,633.6
jk26373,california,m,high school or below,6305.925101,0.0,65.0,2,personal auto,two-door car,468.0
gm88979,oregon,f,college,4746.759537,54050.0,119.0,0,personal auto,two-door car,571.2
xm57550,washington,f,college,3423.973171,29958.0,90.0,0,personal auto,four-door car,432.0
sd94067,california,f,master,6610.048274,23616.0,83.0,0,special auto,two-door car,229.620398
oy96856,oregon,m,bachelor,8044.872393,71391.0,67.0,0,personal auto,four-door car,284.000172
fl76894,washington,m,high school or below,4314.174392,33488.0,110.0,0,personal auto,suv,316.876671
xh72278,arizona,m,high school or below,6715.294284,0.0,92.0,0,personal auto,two-door car,441.6
yv49293,arizona,f,college,17646.72772,36900.0,61.0,3,corporate auto,two-door car,109.291516
qv83172,nevada,m,high school or below,41855.17315,28311.0,134.0,0,personal auto,suv,643.2
lu18867,oregon,m,high school or below,6620.444259,25075.0,86.0,0,personal auto,four-door car,412.8
cz25193,arizona,m,bachelor,4078.290374,57031.0,104.0,1,personal auto,four-door car,13.810251
ve87035,oregon,m,bachelor,8382.478392,25998.0,71.0,0,personal auto,four-door car,791.878042
vy27019,oregon,f,college,4807.002259,0.0,69.0,0,personal auto,four-door car,496.8
gp22382,oregon,f,college,4858.116042,21685.0,127.0,0,corporate auto,luxury,609.6
fg15154,california,m,bachelor,7240.662339,32818.0,93.0,0,personal auto,four-door car,446.4
nk34682,oregon,m,bachelor,2736.53263,39492.0,68.0,0,corporate auto,four-door car,326.4
yq98465,california,f,high school or below,26197.41498,18495.0,113.0,0,personal auto,suv,542.4
ty86306,california,f,college,2336.286633,21564.0,61.0,0,corporate auto,two-door car,49.014822
cn19138,arizona,f,bachelor,2254.931708,0.0,65.0,0,corporate auto,four-door car,312.0
lo14518,california,m,bachelor,6376.754915,27835.0,81.0,0,personal auto,two-door car,529.45565
no73257,nevada,f,bachelor,2941.828805,64431.0,74.0,0,personal auto,four-door car,48.181699
re80124,arizona,f,college,6199.962422,0.0,84.0,0,personal auto,two-door car,604.8
wu50951,washington,f,bachelor,6846.150323,0.0,95.0,0,personal auto,two-door car,456.0
ev66951,nevada,m,master,14032.59376,0.0,191.0,1,corporate auto,luxury,916.8
to37423,oregon,m,college,17569.15979,41463.0,74.0,0,special auto,four-door car,355.2
xf92956,oregon,m,high school or below,2448.859093,0.0,68.0,0,personal auto,four-door car,489.6
zp64637,arizona,m,high school or below,3857.770745,0.0,110.0,0,corporate auto,luxury,792.0
jg74360,arizona,m,college,4558.972934,37709.0,116.0,0,corporate auto,suv,556.8
nz81536,washington,f,doctor,16710.83929,73049.0,139.0,0,personal auto,suv,284.43696
kt26739,nevada,f,master,3554.845264,58557.0,88.0,0,personal auto,four-door car,55.510526
yu15037,arizona,f,high school or below,4671.416683,0.0,66.0,0,personal auto,four-door car,475.2
yx91403,arizona,f,high school or below,2909.547713,88944.0,72.0,0,personal auto,four-door car,113.805875
ks46420,washington,f,master,13411.31102,26140.0,112.0,0,personal auto,suv,229.70752
tw11712,arizona,m,master,4574.924641,32906.0,115.0,0,personal auto,suv,552.0
xy36764,california,f,college,2771.045031,50071.0,71.0,0,personal auto,two-door car,18.918935
lq16286,oregon,m,college,8038.949652,71982.0,103.0,0,corporate auto,four-door car,494.4
xe86547,oregon,m,college,5143.647642,58443.0,65.0,0,personal auto,four-door car,312.0
qs83113,oregon,m,bachelor,5032.386371,30735.0,63.0,0,personal auto,two-door car,307.080113
ph97342,arizona,f,high school or below,26197.41498,18495.0,113.0,0,personal auto,suv,542.4
vq47100,washington,f,high school or below,4894.986713,67436.0,61.0,0,personal auto,four-door car,292.8
be17305,nevada,m,master,3193.459822,52653.0,81.0,0,personal auto,two-door car,230.300308
kz11847,california,f,master,5096.673223,22886.0,65.0,0,personal auto,four-door car,312.0
ex73249,arizona,f,college,7706.956035,0.0,73.0,0,personal auto,four-door car,350.4
js19054,oregon,f,bachelor,3339.299496,38821.0,87.0,0,personal auto,two-door car,488.84232
yh94097,washington,m,college,9575.357152,0.0,134.0,0,personal auto,suv,643.2
uq19505,oregon,f,college,3557.196138,39075.0,89.0,0,personal auto,two-door car,142.415244
yi95574,arizona,m,high school or below,3587.359906,16049.0,93.0,0,personal auto,four-door car,446.4
jq84105,oregon,f,high school or below,2360.601748,0.0,65.0,0,corporate auto,four-door car,468.0
nu61528,washington,m,doctor,3023.887488,28383.0,81.0,0,personal auto,four-door car,258.109435
fq20031,oregon,m,high school or below,10926.69497,29418.0,274.0,0,personal auto,luxury,1972.8
xx32359,california,m,high school or below,5325.724541,0.0,73.0,0,personal auto,two-door car,496.474767
bp69529,arizona,m,bachelor,9915.90229,30604.0,131.0,2,corporate auto,suv,984.170299
li60972,arizona,f,college,5017.610845,91804.0,62.0,0,special auto,four-door car,388.80286
hq60388,oregon,f,high school or below,8625.836992,50446.0,74.0,4,personal auto,four-door car,355.2
ke66309,california,m,college,8432.519368,87728.0,70.0,0,personal auto,four-door car,201.589875
yt56442,california,m,college,2642.932059,58729.0,68.0,2,corporate auto,four-door car,94.845076
vh51235,arizona,f,bachelor,3097.915845,0.0,89.0,0,personal auto,four-door car,427.2
sf18484,oregon,f,master,19837.30548,0.0,67.0,1,personal auto,four-door car,321.6
hw99293,arizona,m,bachelor,2869.743883,21234.0,73.0,0,personal auto,four-door car,378.333708
qr57598,oregon,m,bachelor,4927.068115,0.0,73.0,0,personal auto,four-door car,751.927019
fy27460,california,m,college,4285.575678,47823.0,108.0,0,personal auto,luxury,518.4
yq75801,arizona,f,high school or below,8874.551335,84731.0,110.0,1,personal auto,suv,226.738219
lp48634,california,f,high school or below,2578.835541,59974.0,65.0,0,corporate auto,four-door car,127.233139
ei32190,arizona,m,doctor,6920.999642,67534.0,87.0,2,personal auto,four-door car,104.905661
ws68402,oregon,m,bachelor,2349.957291,0.0,70.0,0,special auto,four-door car,716.67276
nd43316,oregon,m,high school or below,4027.703503,27782.0,103.0,0,personal auto,suv,517.100887
hw94513,nevada,m,high school or below,8481.310791,67197.0,74.0,3,personal auto,two-door car,275.608537
zs72533,oregon,m,high school or below,5191.446028,86451.0,65.0,0,personal auto,two-door car,7.793078
rz97154,arizona,m,bachelor,3572.49065,56768.0,92.0,0,personal auto,two-door car,441.6
lk73198,washington,f,high school or below,4869.240839,55593.0,61.0,0,personal auto,four-door car,9.050204
rs29507,arizona,f,bachelor,10395.70939,0.0,95.0,0,personal auto,four-door car,337.79769
xj39660,oregon,f,bachelor,5297.918924,66203.0,66.0,0,personal auto,four-door car,130.697268
pk47936,washington,f,high school or below,8750.710415,25806.0,110.0,0,personal auto,four-door car,528.0
eu95973,california,f,bachelor,14941.90379,22978.0,190.0,0,personal auto,luxury,912.0
ou40102,oregon,f,high school or below,6503.397049,22081.0,84.0,0,special auto,two-door car,451.670309
rc67125,arizona,f,college,10110.96161,96506.0,124.0,0,corporate auto,suv,504.513989
nk53902,oregon,m,high school or below,6459.640843,23235.0,82.0,0,personal auto,four-door car,483.482031
rh70599,arizona,m,bachelor,2769.252177,40506.0,70.0,0,personal auto,four-door car,113.724707
rr64429,california,m,high school or below,6778.84457,0.0,96.0,0,personal auto,four-door car,460.8
iw99237,oregon,m,bachelor,4492.518464,0.0,65.0,0,personal auto,two-door car,312.0
pz94965,california,f,high school or below,5733.213979,79955.0,71.0,0,personal auto,four-door car,142.932303
pv77228,arizona,m,college,3230.576665,62873.0,81.0,0,corporate auto,four-door car,207.75186
ex63393,california,f,master,6314.492009,66947.0,78.0,0,personal auto,four-door car,374.4
qv26574,washington,m,college,6013.73829,25646.0,83.0,1,personal auto,four-door car,377.917394
zl29593,arizona,f,college,2180.084066,0.0,64.0,0,personal auto,four-door car,460.8
tu67471,washington,f,high school or below,20096.89337,92766.0,71.0,0,personal auto,two-door car,379.029102
fd45309,oregon,m,high school or below,5568.947534,0.0,79.0,1,personal auto,two-door car,407.440238
ah58807,arizona,f,college,51426.24815,84650.0,185.0,3,personal auto,luxury,660.474274
cx58204,nevada,f,high school or below,8079.833042,13050.0,102.0,0,personal auto,suv,734.4
te35954,arizona,m,college,2674.730716,56342.0,69.0,0,personal auto,four-door car,331.2
xo70106,oregon,m,bachelor,12421.86213,58781.0,106.0,0,personal auto,suv,502.46107
ow20992,california,m,high school or below,2311.118403,0.0,68.0,0,personal auto,four-door car,489.6
jv44724,arizona,m,bachelor,10255.80275,0.0,102.0,0,personal auto,luxury,734.4
pi96349,california,m,college,22103.5072,0.0,102.0,0,personal auto,suv,489.6
na82031,washington,f,college,2962.982516,71809.0,74.0,0,corporate auto,four-door car,78.248458
yh86106,arizona,m,bachelor,5764.862315,40238.0,73.0,1,personal auto,four-door car,350.4
di82448,california,m,bachelor,4700.421406,0.0,70.0,0,personal auto,four-door car,504.0
hl97125,nevada,f,high school or below,4669.22664,76157.0,116.0,0,personal auto,two-door car,556.8
nb18234,nevada,f,college,5384.015304,30514.0,72.0,2,personal auto,four-door car,154.049617
kh53118,california,f,bachelor,7505.768149,44485.0,62.0,0,special auto,four-door car,79.893853
ux94928,arizona,m,high school or below,10551.1476,50941.0,69.0,0,personal auto,four-door car,331.2
ho94329,arizona,m,college,25900.19716,53105.0,110.0,0,corporate auto,suv,365.361427
lw64678,california,f,master,51016.06704,25167.0,140.0,0,personal auto,suv,422.494292
ce11308,washington,m,college,3575.04124,30244.0,92.0,0,personal auto,four-door car,383.110633
dc46685,california,f,college,11638.89947,25370.0,102.0,0,corporate auto,luxury,489.6
lm69036,oregon,m,master,14050.17358,0.0,73.0,1,corporate auto,four-door car,350.4
mm83308,arizona,m,high school or below,2379.825871,69202.0,61.0,0,personal auto,two-door car,292.8
gl33494,oregon,f,master,5460.373249,31530.0,69.0,1,personal auto,two-door car,331.2
bh61054,california,f,college,6269.592055,61040.0,78.0,0,personal auto,two-door car,391.942636
oj77448,arizona,f,bachelor,8709.847614,85185.0,107.0,0,corporate auto,suv,166.502804
in10489,nevada,f,master,5024.777578,78772.0,62.0,0,personal auto,four-door car,86.274545
fy32647,california,m,college,12515.18061,0.0,63.0,0,special auto,two-door car,577.57549
yp17198,oregon,m,master,22325.82746,99241.0,70.0,0,corporate auto,four-door car,48.304125
rb79317,arizona,f,bachelor,3059.056323,0.0,83.0,0,personal auto,two-door car,197.498882
ie49043,nevada,f,college,6698.974274,21114.0,180.0,0,personal auto,luxury,864.0
zl82075,nevada,m,master,5479.555081,56005.0,68.0,1,corporate auto,four-door car,326.4
dv24592,oregon,f,college,2472.469209,63860.0,62.0,0,personal auto,four-door car,208.598246
xf89906,arizona,m,high school or below,58207.12842,29295.0,219.0,0,personal auto,luxury,1328.839129
ad71478,arizona,m,high school or below,3430.316936,54339.0,86.0,0,personal auto,four-door car,10.478305
se15781,california,f,bachelor,2396.219292,0.0,66.0,2,corporate auto,four-door car,433.160284
yg71375,nevada,f,college,5964.345179,98078.0,73.0,0,personal auto,four-door car,418.689402
kh95802,arizona,m,college,2605.599527,20592.0,71.0,1,personal auto,two-door car,195.153339
fw16824,oregon,m,high school or below,4758.19231,72805.0,62.0,4,corporate auto,four-door car,365.466805
fk17363,washington,f,high school or below,5154.051492,55645.0,129.0,0,personal auto,suv,619.2
dk66277,california,m,high school or below,2805.176489,98859.0,70.0,0,personal auto,four-door car,504.0
fx67699,oregon,f,high school or below,4250.282624,0.0,61.0,1,corporate auto,four-door car,292.8
lc92080,oregon,m,college,7247.736708,23541.0,62.0,0,personal auto,two-door car,98.923871
cq57225,california,m,bachelor,5008.789971,0.0,73.0,0,corporate auto,two-door car,350.4
am53473,arizona,f,bachelor,5821.787383,60087.0,74.0,0,special auto,four-door car,355.2
te50227,arizona,m,college,18898.32653,0.0,132.0,0,personal auto,suv,1405.292809
is45756,arizona,f,college,4756.913057,48938.0,121.0,0,personal auto,suv,580.8
qa71190,california,f,bachelor,8083.917906,31506.0,102.0,0,personal auto,four-door car,601.074585
ld53393,california,m,bachelor,7417.406267,67454.0,185.0,0,personal auto,luxury,1332.0
jo35068,nevada,m,bachelor,2538.62632,18608.0,71.0,0,personal auto,four-door car,340.8
ec71857,washington,f,doctor,2432.958093,28519.0,61.0,0,personal auto,four-door car,111.865326
lb19360,nevada,f,master,4170.687348,29462.0,107.0,1,personal auto,suv,513.6
rm70340,oregon,m,high school or below,2489.662064,0.0,74.0,0,corporate auto,four-door car,532.8
yl34043,nevada,f,bachelor,3758.950734,58300.0,94.0,0,personal auto,four-door car,24.04838
bq88033,oregon,m,college,42389.00791,82554.0,132.0,0,personal auto,luxury,154.749492
sg46572,california,f,high school or below,29830.38714,0.0,102.0,0,personal auto,luxury,489.6
lt94367,california,m,college,26134.90739,0.0,111.0,0,personal auto,luxury,673.262794
fv83989,arizona,m,bachelor,2453.570794,29735.0,69.0,0,personal auto,four-door car,331.2
wo80705,arizona,f,bachelor,2855.925747,50738.0,71.0,0,personal auto,four-door car,344.470631
ct51200,oregon,f,high school or below,5771.610372,65709.0,72.0,0,corporate auto,four-door car,12.945127
ix65163,california,m,college,8098.51111,0.0,123.0,0,personal auto,suv,885.6
ap32891,arizona,m,high school or below,3432.961074,0.0,95.0,0,personal auto,four-door car,456.0
ay29281,arizona,f,bachelor,9408.343519,0.0,85.0,0,corporate auto,four-door car,408.0
uk18731,california,f,bachelor,5595.971365,19651.0,72.0,0,personal auto,two-door car,345.6
jt32550,washington,m,high school or below,7260.833833,0.0,72.0,0,personal auto,four-door car,744.026708
mt91823,arizona,f,college,13438.04189,69693.0,112.0,1,special auto,luxury,537.6
fi11096,arizona,f,high school or below,7324.285428,0.0,104.0,0,special auto,suv,1114.092784
qf13998,california,f,college,2357.801509,0.0,65.0,1,personal auto,four-door car,294.502382
bc35753,arizona,f,college,2671.295549,45525.0,66.0,0,personal auto,two-door car,316.8
lx74249,oregon,f,bachelor,2938.814981,96765.0,72.0,0,personal auto,two-door car,216.01091
vx43756,oregon,m,college,4911.002585,32903.0,64.0,3,personal auto,four-door car,98.33116
jz61928,california,m,college,5498.940679,22520.0,73.0,0,corporate auto,four-door car,350.4
dt59560,california,f,high school or below,4757.242856,67486.0,118.0,0,personal auto,two-door car,529.493769
ci99444,nevada,f,college,2926.886293,92381.0,72.0,0,special auto,four-door car,234.774747
jf25129,california,m,master,8509.850887,26057.0,74.0,0,personal auto,four-door car,523.888845
yb57848,oregon,f,doctor,9928.986032,75716.0,247.0,0,personal auto,luxury,562.088587
dj27518,california,f,high school or below,10089.79095,63657.0,128.0,0,corporate auto,luxury,614.4
do95670,arizona,m,doctor,5073.282126,57709.0,125.0,0,personal auto,suv,600.0
wv53830,oregon,f,master,16301.9676,19614.0,85.0,0,personal auto,two-door car,574.024018
ly30169,california,m,high school or below,3360.269641,75216.0,84.0,1,corporate auto,four-door car,65.803328
ah41449,nevada,m,college,7907.133288,24666.0,101.0,0,personal auto,luxury,151.835574
gv21882,nevada,f,high school or below,28328.46548,20799.0,111.0,0,personal auto,luxury,388.995233
fh14955,california,m,college,4467.705159,0.0,64.0,0,corporate auto,four-door car,307.2
ja60749,oregon,f,high school or below,9035.671134,34337.0,113.0,0,personal auto,four-door car,542.4
pb81005,oregon,m,bachelor,5364.469352,53562.0,135.0,0,personal auto,suv,589.628918
oy88200,nevada,f,college,2706.606128,22664.0,73.0,0,personal auto,two-door car,350.4
zt72561,arizona,m,high school or below,6167.854162,27289.0,158.0,2,personal auto,luxury,758.4
zf95586,arizona,f,master,2476.046413,54831.0,61.0,0,personal auto,four-door car,136.2171
lv44800,california,f,high school or below,3056.990764,78310.0,76.0,0,personal auto,four-door car,364.8
fc46260,california,f,bachelor,5217.513287,39854.0,66.0,0,corporate auto,two-door car,261.930545
hy68437,oregon,m,high school or below,6744.190752,0.0,90.0,0,personal auto,four-door car,547.912576
xl50897,arizona,f,master,15739.92367,48096.0,131.0,0,personal auto,luxury,450.090267
ar83514,arizona,f,high school or below,7153.671737,59522.0,89.0,0,corporate auto,four-door car,427.2
na43540,washington,m,high school or below,8263.482214,0.0,79.0,1,corporate auto,two-door car,46.464625
jp22499,california,m,bachelor,3142.739611,43285.0,83.0,0,corporate auto,two-door car,265.742679
kw84736,california,m,college,2691.596929,33104.0,70.0,1,personal auto,two-door car,336.0
eu21305,arizona,m,college,2500.837384,56172.0,64.0,0,personal auto,four-door car,307.2
yt96284,oregon,m,master,3728.873486,83632.0,94.0,4,personal auto,four-door car,216.839496
rh96816,arizona,f,bachelor,2937.165583,0.0,81.0,0,personal auto,two-door car,388.8
jb20173,california,m,bachelor,10391.78109,81439.0,90.0,1,personal auto,two-door car,108.118855
rr73059,california,f,college,2994.351694,55911.0,74.0,0,personal auto,four-door car,187.934331
ch38655,oregon,m,bachelor,14203.6226,90456.0,71.0,0,personal auto,four-door car,165.057816
ig12691,arizona,f,bachelor,4490.549093,0.0,64.0,0,personal auto,two-door car,254.404622
nz60700,washington,m,high school or below,10963.95723,55687.0,276.0,0,personal auto,luxury,1324.8
jl21509,california,m,college,3508.569533,20978.0,98.0,1,personal auto,four-door car,1176.2788
gr76453,oregon,m,high school or below,4942.873707,82093.0,62.0,0,personal auto,four-door car,266.932542
us63915,arizona,m,high school or below,6218.662593,51944.0,156.0,0,corporate auto,luxury,748.8
vy30333,nevada,m,college,6156.363979,78824.0,77.0,0,personal auto,four-door car,267.699403
ac42963,california,m,bachelor,21423.63723,0.0,65.0,0,special auto,two-door car,312.0
at89553,california,m,college,5926.729379,23091.0,96.0,5,personal auto,four-door car,460.8
dn76322,oregon,f,college,10295.46521,24723.0,129.0,0,corporate auto,luxury,619.2
ez48093,arizona,m,bachelor,2710.811423,31998.0,69.0,0,corporate auto,four-door car,331.2
da34555,california,f,college,3363.004143,80138.0,83.0,0,personal auto,four-door car,209.427344
rk63095,california,m,college,3122.984111,72916.0,80.0,0,personal auto,two-door car,384.0
og69038,washington,f,high school or below,6220.765007,0.0,65.0,2,corporate auto,four-door car,468.0
so98684,california,f,high school or below,3455.17183,0.0,91.0,0,personal auto,four-door car,681.038959
bz85306,california,f,bachelor,11855.13545,0.0,170.0,0,corporate auto,suv,1227.491941
ev14479,california,m,bachelor,7163.796624,44527.0,94.0,2,personal auto,four-door car,286.960016
yd71702,oregon,m,bachelor,3157.551595,46655.0,82.0,0,personal auto,four-door car,336.892624
uc69263,california,m,bachelor,8336.08382,0.0,67.0,2,personal auto,two-door car,445.265108
dh25145,arizona,f,high school or below,5809.261551,26975.0,73.0,0,personal auto,two-door car,548.333667
ku94282,oregon,f,master,10016.28847,62900.0,62.0,0,personal auto,two-door car,83.897335
ut18598,california,f,bachelor,4914.731004,14232.0,64.0,0,personal auto,four-door car,307.2
da40009,washington,f,bachelor,2750.540853,34200.0,70.0,0,corporate auto,four-door car,167.295936
hu87011,california,f,bachelor,5677.309793,0.0,77.0,0,personal auto,four-door car,369.6
ek40672,california,m,college,2393.1169,22981.0,69.0,0,personal auto,four-door car,16.80116
zh92587,oregon,f,college,8126.766397,14616.0,107.0,0,personal auto,suv,513.6
ej95100,california,f,master,2774.799523,0.0,74.0,0,personal auto,four-door car,355.2
ws56675,oregon,f,high school or below,4300.901435,88590.0,107.0,0,personal auto,two-door car,41.721538
uf28233,washington,f,high school or below,5221.14469,60445.0,65.0,0,personal auto,four-door car,279.450351
hq76003,nevada,f,high school or below,12383.5306,40602.0,105.0,0,personal auto,luxury,459.895876
ss90882,oregon,f,college,7680.748159,66795.0,64.0,0,personal auto,four-door car,238.032027
zn71189,oregon,f,doctor,4014.453113,37384.0,99.0,0,personal auto,four-door car,475.2
vx85673,arizona,f,high school or below,4250.282624,0.0,61.0,1,personal auto,four-door car,292.8
np19156,arizona,f,master,4624.557568,28264.0,61.0,4,corporate auto,four-door car,167.889924
zv43428,arizona,f,bachelor,27789.69235,33806.0,89.0,0,special auto,four-door car,395.729716
nk53911,california,m,high school or below,7345.897176,79980.0,91.0,0,personal auto,two-door car,629.82071
bg73480,oregon,f,high school or below,5323.866117,64706.0,135.0,0,corporate auto,suv,77.129691
vy58444,nevada,f,college,4426.096934,29660.0,112.0,0,personal auto,suv,334.133949
sj15498,oregon,f,bachelor,6852.36423,26313.0,87.0,0,corporate auto,two-door car,417.6
zb71094,oregon,m,bachelor,3534.337809,19861.0,93.0,0,corporate auto,four-door car,446.4
ui99818,oregon,f,college,4349.30875,75648.0,108.0,0,personal auto,suv,112.660916
ws24655,oregon,f,college,29676.81386,33992.0,194.0,1,personal auto,suv,931.2
lz98947,nevada,f,bachelor,24238.66071,0.0,109.0,2,personal auto,suv,784.8
ic94523,california,f,college,11638.89947,25370.0,102.0,0,personal auto,luxury,489.6
tk59338,arizona,m,college,13559.39395,98036.0,113.0,0,personal auto,suv,662.444819
bv36386,california,f,college,4282.947971,40864.0,109.0,1,personal auto,suv,166.937747
qt63794,california,f,bachelor,9144.856285,21150.0,116.0,0,personal auto,suv,833.417104
lf36128,california,f,college,7434.270631,49057.0,63.0,0,personal auto,two-door car,29.618152
jk53304,california,f,high school or below,6159.011684,97658.0,76.0,1,personal auto,four-door car,364.8
hu76577,california,m,bachelor,3883.398053,0.0,109.0,0,personal auto,suv,765.906271
jg81480,oregon,f,bachelor,10622.51656,25634.0,67.0,0,personal auto,four-door car,144.728404
cc88237,california,m,high school or below,5257.241485,56154.0,67.0,0,personal auto,two-door car,386.160674
ov64984,arizona,m,bachelor,4881.394894,90892.0,61.0,0,personal auto,two-door car,102.322529
vg45203,nevada,f,college,13197.92893,0.0,68.0,3,personal auto,four-door car,326.4
yq42353,oregon,m,doctor,5334.183231,72960.0,68.0,1,personal auto,four-door car,143.535826
ap46166,california,f,high school or below,4965.491316,0.0,73.0,1,personal auto,two-door car,525.6
ui36374,oregon,f,bachelor,5470.060561,54507.0,138.0,0,corporate auto,suv,702.990032
zr76229,arizona,f,college,3713.790822,81190.0,92.0,0,corporate auto,two-door car,356.563616
zd65365,oregon,f,college,2894.583582,28204.0,73.0,0,personal auto,four-door car,486.987555
xi84293,oregon,m,high school or below,1940.981221,0.0,66.0,3,personal auto,two-door car,475.2
mt97446,california,f,master,2647.204207,26441.0,66.0,0,corporate auto,two-door car,210.641776
gm48223,oregon,f,bachelor,5461.967787,42650.0,69.0,0,personal auto,four-door car,35.565605
yq42614,washington,m,high school or below,2661.82351,29195.0,68.0,0,personal auto,two-door car,448.181396
zk56389,arizona,f,high school or below,2397.036098,22283.0,65.0,0,special auto,four-door car,572.072106
mk19833,arizona,m,college,4567.874448,15383.0,61.0,0,corporate auto,two-door car,292.8
to12347,california,m,bachelor,5534.569714,16101.0,74.0,0,personal auto,four-door car,437.608909
ke63160,oregon,m,bachelor,6057.07208,27681.0,83.0,0,personal auto,two-door car,398.4
sr49919,arizona,f,bachelor,10656.88195,72540.0,88.0,0,personal auto,two-door car,631.743039
ci38171,washington,f,bachelor,13798.47871,42780.0,181.0,2,personal auto,luxury,868.8
vk42108,washington,f,bachelor,18060.47947,57882.0,115.0,0,corporate auto,suv,552.0
nb86692,nevada,f,college,2690.477161,60060.0,67.0,0,personal auto,four-door car,320.629479
yn15967,california,m,college,7409.083969,61160.0,96.0,0,corporate auto,two-door car,354.530239
ku56071,oregon,f,college,4991.535369,93416.0,62.0,0,personal auto,two-door car,246.249051
ln47910,arizona,f,college,4434.028141,83220.0,110.0,0,personal auto,four-door car,528.0
cy80935,oregon,m,high school or below,14748.92373,31226.0,93.0,0,personal auto,four-door car,446.4
sa84892,california,f,high school or below,4916.373221,66982.0,121.0,0,corporate auto,suv,871.2
ly93301,oregon,m,bachelor,12495.73971,0.0,61.0,0,corporate auto,two-door car,292.8
fg63647,nevada,m,bachelor,12877.7765,0.0,117.0,0,personal auto,four-door car,561.6
vx79712,washington,m,doctor,6775.924167,27354.0,86.0,1,personal auto,two-door car,412.8
uh59257,washington,m,doctor,7540.911474,61726.0,96.0,2,personal auto,two-door car,689.507724
me84824,arizona,m,college,5989.773931,66839.0,154.0,0,personal auto,luxury,739.2
zr68364,california,m,college,9171.000967,60433.0,77.0,0,personal auto,four-door car,369.6
wq25142,california,m,bachelor,21528.56723,11538.0,82.0,0,corporate auto,four-door car,393.6
ow84481,nevada,m,high school or below,2675.569927,67837.0,69.0,4,personal auto,four-door car,430.477436
fu77365,california,f,bachelor,9246.223462,40032.0,118.0,2,personal auto,suv,717.763724
mr46875,washington,m,master,4860.580033,41126.0,61.0,0,corporate auto,four-door car,199.281404
pt46181,california,m,college,2471.145145,65176.0,62.0,0,personal auto,four-door car,297.6
lt41574,oregon,f,bachelor,2760.954751,34717.0,70.0,2,special auto,four-door car,336.0
wx16395,california,m,college,4270.034394,0.0,122.0,0,personal auto,suv,725.870693
hd82971,arizona,f,high school or below,3136.082008,0.0,89.0,0,personal auto,four-door car,640.8
zc17276,california,m,master,7755.209719,0.0,110.0,0,personal auto,four-door car,528.0
or27665,washington,f,bachelor,4927.707574,0.0,67.0,0,personal auto,two-door car,132.443705
vo75043,oregon,m,bachelor,6661.744145,0.0,95.0,0,personal auto,four-door car,456.0
lz78622,california,m,high school or below,6529.911496,44379.0,83.0,1,special auto,four-door car,398.4
pk24825,oregon,f,college,3293.245706,0.0,94.0,0,corporate auto,four-door car,676.8
hg93801,arizona,m,high school or below,5154.764074,82730.0,127.0,0,corporate auto,suv,442.521087
pj36749,washington,f,high school or below,5597.12496,37995.0,139.0,0,personal auto,suv,667.2
ij33473,california,f,bachelor,20766.66918,0.0,73.0,2,personal auto,two-door car,350.4
ch96412,oregon,f,doctor,5423.136755,85018.0,68.0,3,personal auto,four-door car,62.837764
pr74833,oregon,m,bachelor,5553.362689,0.0,89.0,1,personal auto,two-door car,640.8
zs36394,california,f,bachelor,5504.139033,0.0,73.0,0,corporate auto,four-door car,350.4
dp50922,california,m,high school or below,12663.99057,72109.0,105.0,0,personal auto,luxury,504.0
vy23882,arizona,m,bachelor,5548.031892,67798.0,69.0,0,personal auto,four-door car,331.2
uh62357,washington,f,high school or below,4389.945709,0.0,118.0,1,personal auto,suv,670.656551
bg74433,oregon,f,bachelor,2604.84712,0.0,74.0,0,corporate auto,four-door car,532.8
ti19394,oregon,m,college,2918.576189,80714.0,72.0,0,personal auto,four-door car,345.6
aq91207,california,m,high school or below,2487.649473,38667.0,63.0,0,personal auto,four-door car,293.070538
ql46987,oregon,f,bachelor,9082.833891,34430.0,117.0,0,personal auto,four-door car,232.875794
bs34332,oregon,f,high school or below,5557.934118,83576.0,69.0,0,personal auto,two-door car,331.2
ij26642,nevada,f,bachelor,5107.163002,35625.0,65.0,1,personal auto,four-door car,288.572108
xs36281,washington,f,college,5570.21583,85718.0,139.0,1,personal auto,luxury,540.173933
sr47878,california,f,high school or below,5595.389905,74454.0,71.0,0,personal auto,four-door car,340.8
hg53255,nevada,m,college,11243.90285,66146.0,96.0,0,personal auto,two-door car,250.697824
qv65644,oregon,m,high school or below,6113.869984,0.0,88.0,0,personal auto,four-door car,1034.799615
zw76597,california,f,bachelor,5271.372558,13215.0,74.0,1,corporate auto,four-door car,443.772927
sm80235,oregon,m,high school or below,2746.921502,62302.0,70.0,0,personal auto,four-door car,504.0
fe24232,nevada,f,high school or below,4729.970205,0.0,124.0,0,corporate auto,luxury,630.85509
by78730,oregon,f,high school or below,8879.790017,52583.0,113.0,0,special auto,suv,528.20086
cr40615,arizona,m,bachelor,3106.48254,22076.0,85.0,0,personal auto,four-door car,422.765363
wl24392,arizona,m,bachelor,5860.16743,94527.0,73.0,0,personal auto,four-door car,41.464402
mz81826,arizona,f,high school or below,9035.671134,34337.0,113.0,0,personal auto,four-door car,542.4
eo99750,nevada,f,master,7256.576235,29053.0,181.0,0,personal auto,luxury,404.95431
hf82396,oregon,f,high school or below,14428.86926,0.0,68.0,0,personal auto,two-door car,326.4
dh68319,oregon,f,college,2787.501453,62506.0,69.0,0,personal auto,two-door car,331.2
eg12987,california,f,bachelor,4845.002948,0.0,65.0,0,personal auto,two-door car,129.165554
zu71467,arizona,m,bachelor,5460.315095,45404.0,70.0,2,corporate auto,two-door car,266.144648
ad95939,california,m,bachelor,26511.60445,28773.0,229.0,0,personal auto,luxury,1099.2
tb71474,nevada,f,college,3141.333694,24019.0,79.0,0,personal auto,four-door car,47.22861
wn76039,nevada,f,bachelor,2545.056879,0.0,71.0,0,special auto,four-door car,340.8
hi16472,arizona,f,college,8355.958185,23666.0,104.0,0,personal auto,suv,499.2
vg43444,oregon,m,bachelor,3837.492458,36794.0,99.0,0,personal auto,four-door car,712.8
qi11566,oregon,f,bachelor,2534.990075,25163.0,67.0,0,corporate auto,two-door car,321.6
jm98365,nevada,m,doctor,5762.472144,66156.0,72.0,0,personal auto,four-door car,345.6
cp67787,california,f,bachelor,15936.5764,0.0,76.0,0,personal auto,four-door car,364.8
lm83004,arizona,m,high school or below,12552.64705,10147.0,67.0,0,personal auto,four-door car,459.276664
jm77470,arizona,f,college,2352.3679,0.0,64.0,0,corporate auto,four-door car,381.062306
wi47826,oregon,f,college,4935.642812,95765.0,61.0,0,personal auto,four-door car,352.089317
ge39783,oregon,f,college,5356.137712,60752.0,67.0,0,personal auto,four-door car,414.106436
jn96178,oregon,m,high school or below,3740.404374,0.0,104.0,1,personal auto,suv,499.2
kh41809,california,f,college,2489.387507,31058.0,67.0,5,personal auto,two-door car,309.424708
kx86150,california,m,high school or below,7188.292633,13542.0,94.0,0,personal auto,four-door car,451.2
gx33877,arizona,f,bachelor,35022.45478,25270.0,99.0,0,personal auto,two-door car,712.8
iq15028,arizona,f,bachelor,2661.729688,24152.0,72.0,2,personal auto,four-door car,345.6
we11250,washington,f,college,12200.78537,60282.0,102.0,0,corporate auto,suv,120.083224
ox61728,california,f,high school or below,29006.67071,40252.0,104.0,0,personal auto,luxury,499.2
vw39046,nevada,m,college,3873.647046,28142.0,105.0,0,personal auto,luxury,701.708239
ve52406,california,m,high school or below,2471.528431,95697.0,61.0,0,corporate auto,two-door car,114.273025
kq30179,california,m,bachelor,2688.860687,89771.0,67.0,2,personal auto,two-door car,104.123179
kh58171,california,m,master,2551.226692,79751.0,63.0,0,personal auto,two-door car,392.235698
ca58346,oregon,f,high school or below,4949.525372,0.0,69.0,0,corporate auto,four-door car,331.2
zu76536,california,f,high school or below,6143.898219,45032.0,77.0,0,personal auto,four-door car,36.818178
un69319,arizona,m,master,8837.334639,62277.0,113.0,0,corporate auto,suv,249.799752
mg66142,oregon,f,bachelor,9517.07801,0.0,87.0,0,personal auto,four-door car,417.6
mv97958,arizona,f,bachelor,2879.63179,40525.0,73.0,0,personal auto,four-door car,123.790553
ag58599,oregon,f,high school or below,2805.098562,26004.0,70.0,0,personal auto,four-door car,336.0
ug35090,california,f,college,6045.625114,82399.0,77.0,3,personal auto,four-door car,31.668965
ix85835,nevada,f,bachelor,5246.278375,28909.0,66.0,0,personal auto,two-door car,456.702735
fp67680,california,m,high school or below,4772.931526,15323.0,128.0,0,personal auto,suv,614.4
wy21918,washington,f,college,3867.965986,79628.0,98.0,0,personal auto,four-door car,470.4
pm92089,oregon,f,high school or below,3383.445647,0.0,97.0,0,corporate auto,two-door car,698.4
ay59197,nevada,m,college,9521.222806,27769.0,121.0,0,special auto,suv,123.15416
vi14418,california,m,bachelor,7614.669735,16707.0,102.0,0,special auto,four-door car,1106.913309
qi60335,nevada,f,college,11308.47178,0.0,66.0,0,personal auto,four-door car,316.8
bs87947,california,f,bachelor,3350.687339,94395.0,83.0,0,personal auto,four-door car,582.690575
dw88734,california,m,bachelor,2683.492593,84895.0,67.0,0,corporate auto,two-door car,321.6
bu72633,nevada,m,master,42561.63183,66661.0,119.0,0,personal auto,suv,571.2
vk94891,nevada,m,high school or below,2086.610957,0.0,62.0,0,personal auto,two-door car,446.4
ve75717,nevada,f,high school or below,4868.807554,31447.0,121.0,0,personal auto,suv,580.8
jg16015,washington,f,college,5021.150845,61987.0,125.0,0,personal auto,suv,723.301363
cd68182,oregon,f,college,3671.818326,42460.0,91.0,0,personal auto,two-door car,347.47509
wm64930,oregon,m,college,5253.487908,12811.0,150.0,2,corporate auto,suv,720.0
bj82316,oregon,m,bachelor,12036.62051,44428.0,104.0,0,corporate auto,suv,499.2
xb61209,arizona,f,college,3508.92537,0.0,97.0,0,personal auto,four-door car,698.4
at26484,nevada,m,college,3818.468252,25221.0,103.0,5,special auto,four-door car,616.005527
iw21434,oregon,f,bachelor,2570.433324,44940.0,65.0,0,corporate auto,four-door car,284.492531
cp74755,oregon,f,college,2846.171869,39192.0,71.0,0,corporate auto,four-door car,352.791394
iv13886,california,m,high school or below,7292.397562,0.0,68.0,0,personal auto,two-door car,415.986454
sw42446,california,f,college,10581.275,42513.0,133.0,0,corporate auto,luxury,628.207511
ro16377,oregon,m,high school or below,23144.1327,59821.0,193.0,0,personal auto,luxury,1389.6
ce46475,california,f,college,4605.036646,22571.0,63.0,0,corporate auto,four-door car,302.4
he60335,washington,f,bachelor,3939.00637,60021.0,99.0,0,corporate auto,four-door car,882.871945
ri69055,california,f,high school or below,8104.43256,58172.0,67.0,0,personal auto,four-door car,141.532926
vd96075,oregon,m,bachelor,4165.252177,58299.0,105.0,1,personal auto,four-door car,504.0
vi55112,oregon,m,college,14065.30235,25275.0,61.0,0,corporate auto,four-door car,214.247114
vz18907,oregon,f,college,21991.61598,80807.0,109.0,0,personal auto,suv,132.139111
ba49679,arizona,f,bachelor,7590.913301,52348.0,65.0,1,personal auto,two-door car,312.0
lk39646,washington,f,bachelor,8018.503854,58843.0,68.0,0,corporate auto,two-door car,200.490816
vi66860,nevada,f,master,3554.845264,58557.0,88.0,0,corporate auto,four-door car,55.510526
rp14593,oregon,f,bachelor,3945.588049,0.0,105.0,0,personal auto,suv,933.212749
fp34904,oregon,m,college,2915.614781,86599.0,73.0,0,corporate auto,four-door car,350.4
fg15434,arizona,f,master,5554.826011,52984.0,69.0,0,personal auto,two-door car,167.667603
tp12436,oregon,f,master,5329.128301,0.0,72.0,0,personal auto,four-door car,345.6
kd93234,oregon,f,high school or below,5502.726803,0.0,72.0,0,corporate auto,four-door car,345.6
ge20220,oregon,f,bachelor,7606.70898,47778.0,96.0,0,personal auto,four-door car,173.80879
ra98783,arizona,f,bachelor,27789.69235,33806.0,89.0,0,corporate auto,four-door car,395.729716
dw71192,oregon,m,high school or below,5971.313496,52018.0,78.0,3,personal auto,four-door car,374.4
wd84153,california,f,bachelor,2248.449633,24910.0,63.0,1,corporate auto,four-door car,347.857619
zm75468,nevada,m,college,10745.97948,39135.0,91.0,0,personal auto,four-door car,436.8
pz75671,oregon,f,college,7223.689647,0.0,97.0,0,personal auto,four-door car,465.6
me80331,california,m,high school or below,9384.475767,0.0,133.0,0,personal auto,suv,957.6
ya78391,oregon,m,high school or below,5709.225202,0.0,78.0,0,personal auto,four-door car,410.409376
wu76366,arizona,m,bachelor,4983.897914,28726.0,65.0,0,personal auto,four-door car,468.0
hb35022,oregon,m,doctor,13561.4335,0.0,122.0,0,special auto,luxury,585.6
am17304,arizona,f,master,7218.375778,45356.0,90.0,0,personal auto,four-door car,462.043003
ad56037,arizona,m,high school or below,5160.251878,87050.0,129.0,0,personal auto,suv,619.2
ij74908,nevada,m,bachelor,13115.40751,20705.0,171.0,1,personal auto,suv,237.264543
dh93217,california,f,master,29874.74493,52651.0,94.0,0,personal auto,two-door car,451.2
wh48955,oregon,f,master,20237.15039,55270.0,63.0,0,personal auto,two-door car,302.4
ru76604,arizona,m,college,2580.849899,46900.0,66.0,0,personal auto,four-door car,316.8
ne52009,california,m,college,39561.07502,60500.0,110.0,0,personal auto,luxury,770.475631
fp66510,washington,f,high school or below,8186.095915,43877.0,102.0,0,corporate auto,suv,414.713588
tw46585,nevada,m,bachelor,4767.687852,0.0,72.0,0,corporate auto,four-door car,345.6
pe42960,california,m,bachelor,8474.634723,58488.0,73.0,2,personal auto,four-door car,350.4
lo28839,california,f,bachelor,4723.449803,29193.0,61.0,3,corporate auto,four-door car,292.8
qy41855,arizona,f,college,10484.91535,61108.0,89.0,0,personal auto,four-door car,49.451117
ua53326,oregon,f,college,3304.758268,23931.0,95.0,0,personal auto,four-door car,456.0
uk59933,california,m,college,5002.093264,0.0,70.0,0,personal auto,four-door car,504.0
lm37855,california,m,college,7607.001877,0.0,104.0,0,personal auto,suv,638.414994
uv89069,nevada,f,bachelor,2802.621642,34628.0,71.0,0,personal auto,four-door car,132.517983
nk40551,california,f,high school or below,7455.361568,74089.0,94.0,2,personal auto,four-door car,648.690215
rr47424,california,f,high school or below,21766.83059,0.0,290.0,0,personal auto,luxury,1550.596808
du68331,oregon,f,college,7316.650059,30493.0,62.0,1,personal auto,two-door car,108.09413
li76661,oregon,m,bachelor,7443.83286,89285.0,93.0,0,corporate auto,two-door car,243.547316
cm94209,oregon,f,high school or below,3086.722253,92147.0,77.0,2,personal auto,four-door car,278.4815
bn38134,washington,f,bachelor,6727.617003,39428.0,84.0,2,personal auto,two-door car,72.32926
vq72305,california,m,high school or below,20266.49877,21542.0,103.0,0,special auto,luxury,494.4
yk26558,california,f,college,5264.642009,0.0,72.0,0,special auto,four-door car,135.888306
xu20264,arizona,m,bachelor,8564.772996,23506.0,113.0,0,personal auto,four-door car,813.6
lg85340,oregon,f,bachelor,8086.011196,70811.0,100.0,0,personal auto,luxury,141.654965
jz64443,washington,f,bachelor,4705.589393,0.0,78.0,3,corporate auto,four-door car,555.457674
cy45848,oregon,f,bachelor,4273.587765,82214.0,106.0,1,personal auto,four-door car,239.143671
au13233,california,f,high school or below,5908.7518,71401.0,73.0,0,personal auto,four-door car,287.332253
ih35630,oregon,f,high school or below,41787.90343,46587.0,119.0,2,personal auto,four-door car,571.2
jp55271,oregon,f,high school or below,10633.50496,80046.0,132.0,0,personal auto,suv,260.627146
tt47031,arizona,f,bachelor,5450.573438,76389.0,68.0,0,personal auto,four-door car,262.00129
jn55850,california,m,doctor,7035.763363,77235.0,87.0,0,personal auto,two-door car,310.160362
lh94176,arizona,m,high school or below,8203.221246,38595.0,74.0,3,personal auto,four-door car,415.550209
zb87718,arizona,f,college,8714.922135,0.0,118.0,0,personal auto,suv,566.4
uq40371,nevada,f,master,3352.943699,55359.0,83.0,0,special auto,four-door car,303.331178
xj92660,nevada,f,master,5017.851448,79814.0,62.0,0,personal auto,four-door car,31.553152
sg51792,arizona,f,bachelor,2753.159194,75277.0,70.0,3,corporate auto,two-door car,459.743736
da73502,oregon,m,bachelor,2619.337376,78618.0,66.0,0,personal auto,two-door car,225.578841
uf81905,california,f,doctor,4867.378203,20123.0,63.0,0,personal auto,four-door car,302.4
pl44132,arizona,m,college,3061.799398,88362.0,78.0,0,personal auto,two-door car,452.599718
us29010,oregon,m,bachelor,3545.413177,0.0,116.0,3,corporate auto,suv,835.2
dw72445,oregon,m,college,3259.885006,52782.0,85.0,4,personal auto,four-door car,541.093963
mu53244,california,f,bachelor,5095.439821,0.0,137.0,0,personal auto,suv,452.295175
ee57466,arizona,f,high school or below,2397.036098,22283.0,65.0,0,personal auto,four-door car,572.072106
qv86635,california,m,bachelor,7427.501786,28848.0,96.0,0,corporate auto,two-door car,450.596865
rt51330,california,f,doctor,2510.633216,0.0,64.0,0,corporate auto,four-door car,437.184112
qw44380,washington,m,high school or below,2637.602689,54378.0,66.0,0,personal auto,four-door car,316.8
ik66117,california,m,high school or below,4969.35768,21827.0,67.0,0,special auto,four-door car,321.6
td86744,arizona,f,high school or below,34611.37896,20090.0,109.0,0,personal auto,luxury,523.2
tx35222,washington,f,college,11618.55713,27750.0,297.0,1,personal auto,luxury,1425.6
pj92694,california,m,high school or below,4762.591249,57135.0,61.0,0,corporate auto,four-door car,156.921247
ym88338,california,f,bachelor,4879.442929,58580.0,61.0,0,personal auto,four-door car,292.8
yn61339,oregon,m,college,4330.38602,60475.0,107.0,0,personal auto,four-door car,513.6
fp45327,washington,m,college,9095.049868,37937.0,116.0,0,personal auto,suv,556.8
iz26849,oregon,f,bachelor,5524.310373,70360.0,69.0,0,personal auto,two-door car,331.2
yy16391,oregon,m,college,11836.29699,0.0,119.0,0,personal auto,four-door car,856.8
gx44284,california,m,bachelor,2588.080213,47509.0,66.0,0,personal auto,four-door car,93.128128
lv14566,nevada,m,master,7176.591051,27071.0,183.0,0,personal auto,luxury,878.4
kq50003,arizona,f,high school or below,27890.0576,46546.0,99.0,0,special auto,four-door car,319.105565
iw87075,arizona,m,bachelor,7280.300642,32627.0,67.0,4,personal auto,four-door car,54.628741
qy46560,arizona,m,bachelor,2152.081322,0.0,65.0,0,personal auto,two-door car,460.379966
pd79570,oregon,f,bachelor,4334.210791,0.0,116.0,0,personal auto,four-door car,1065.617464
im78342,oregon,f,college,8630.696198,0.0,122.0,2,personal auto,suv,585.6
nt19879,arizona,f,bachelor,4766.940473,29177.0,64.0,2,personal auto,four-door car,307.2
sw98498,california,m,college,10439.49667,88233.0,88.0,0,personal auto,four-door car,253.056709
wl42517,washington,f,college,3747.060981,0.0,107.0,0,personal auto,suv,549.986128
lr82946,oregon,m,bachelor,6617.139741,0.0,195.0,0,personal auto,luxury,1404.0
kt61396,california,f,college,3821.819872,79189.0,95.0,0,corporate auto,two-door car,50.171541
gd56260,oregon,f,master,2863.04871,41077.0,71.0,0,personal auto,two-door car,82.415457
yd45660,arizona,f,bachelor,9420.965855,47048.0,118.0,0,personal auto,suv,566.4
xn50058,california,m,doctor,8767.626534,45484.0,111.0,0,corporate auto,four-door car,532.8
qo61775,california,m,master,4571.610619,79453.0,115.0,0,personal auto,suv,242.099049
pz67684,arizona,f,college,14514.00519,88753.0,181.0,0,personal auto,luxury,868.8
ik77998,washington,m,high school or below,2588.435037,0.0,74.0,0,personal auto,four-door car,851.022089
fl96333,nevada,m,college,6243.089247,73945.0,78.0,0,personal auto,two-door car,330.872532
ei58541,washington,f,college,2719.506996,14030.0,72.0,0,personal auto,two-door car,345.6
ww68250,oregon,m,bachelor,2719.260911,81799.0,68.0,0,personal auto,four-door car,326.4
xt19780,oregon,f,high school or below,4803.777507,23634.0,62.0,0,personal auto,two-door car,440.189611
se44262,california,m,bachelor,2856.948797,0.0,78.0,0,personal auto,four-door car,374.4
go86980,oregon,f,bachelor,5169.558551,56334.0,65.0,0,corporate auto,two-door car,421.563772
zb69355,oregon,f,bachelor,4082.704584,23206.0,107.0,0,personal auto,luxury,513.6
tm12486,oregon,m,high school or below,2959.950094,28140.0,85.0,0,personal auto,four-door car,612.0
nb86870,arizona,f,high school or below,16468.22079,0.0,63.0,0,personal auto,four-door car,685.12694
ss12362,california,m,high school or below,12779.06199,0.0,88.0,0,special auto,four-door car,633.6
vw58299,california,m,bachelor,12168.74492,14973.0,115.0,0,personal auto,suv,828.0
tg37039,oregon,f,bachelor,6240.664762,0.0,87.0,0,personal auto,four-door car,712.40122
ro25639,nevada,f,doctor,5442.744248,25884.0,69.0,3,personal auto,four-door car,292.274846
jk35644,oregon,m,master,3551.792574,11607.0,96.0,0,corporate auto,four-door car,313.351134
dk69871,nevada,m,master,24138.05975,53691.0,67.0,0,personal auto,four-door car,175.97506
ou43146,oregon,m,bachelor,15415.04407,89464.0,194.0,1,personal auto,luxury,1067.291208
kn47424,oregon,f,high school or below,5517.199137,60596.0,71.0,4,personal auto,four-door car,180.340069
zx80668,nevada,m,bachelor,13448.80973,43720.0,117.0,1,personal auto,suv,561.6
oi80614,california,m,high school or below,6689.022728,56980.0,84.0,0,personal auto,two-door car,599.000883
ja44693,oregon,f,college,7222.850848,0.0,68.0,0,personal auto,four-door car,350.207614
fi61059,oregon,m,college,4311.416903,0.0,67.0,1,personal auto,four-door car,482.4
zf81243,nevada,f,bachelor,4376.363592,63774.0,111.0,0,personal auto,four-door car,60.036683
xd19934,oregon,m,high school or below,10506.93706,61650.0,88.0,0,personal auto,four-door car,117.470445
ta77711,oregon,m,college,8667.090494,31354.0,109.0,0,personal auto,suv,527.759702
ps92059,california,f,doctor,5938.511892,44190.0,74.0,0,corporate auto,four-door car,10.68564
tt19625,nevada,f,bachelor,15277.47796,38183.0,191.0,0,personal auto,luxury,981.010879
ev95033,oregon,m,master,2551.226692,79751.0,63.0,0,special auto,two-door car,392.235698
cs30775,california,m,high school or below,4191.06163,0.0,64.0,1,personal auto,two-door car,535.953661
ci51999,arizona,m,college,8161.1704,12266.0,114.0,1,personal auto,suv,732.050007
hk96298,california,m,master,2784.969185,61807.0,70.0,0,personal auto,four-door car,104.209216
uo59377,arizona,f,high school or below,10083.48688,11828.0,90.0,0,personal auto,four-door car,571.479602
ou99581,california,m,bachelor,19363.52743,49945.0,70.0,0,personal auto,four-door car,50.40447
sn63066,nevada,f,bachelor,7154.094304,28204.0,182.0,0,personal auto,luxury,532.089467
dk92504,arizona,m,high school or below,8779.090552,54726.0,219.0,0,corporate auto,luxury,1051.2
dw72437,oregon,f,master,2731.39917,43386.0,68.0,0,personal auto,two-door car,315.353519
ge49670,arizona,m,high school or below,7429.079194,0.0,101.0,0,personal auto,four-door car,549.692452
tk38409,nevada,m,college,2616.613903,72302.0,66.0,0,personal auto,two-door car,316.8
od89873,arizona,m,bachelor,8044.872393,71391.0,67.0,0,corporate auto,four-door car,284.000172
kw41658,arizona,m,bachelor,2534.306443,21606.0,71.0,3,personal auto,four-door car,340.8
uz35113,california,f,bachelor,10014.02955,74489.0,124.0,0,special auto,suv,128.535182
ho81102,washington,m,high school or below,4745.181764,50549.0,61.0,0,personal auto,four-door car,292.8
sm42781,arizona,f,bachelor,14040.96476,0.0,195.0,1,personal auto,luxury,669.037562
tb40283,california,f,bachelor,14635.45158,0.0,139.0,0,corporate auto,suv,667.2
cr76145,california,m,college,3885.456401,0.0,105.0,0,personal auto,four-door car,504.0
tk45392,california,f,bachelor,5107.163002,35625.0,65.0,1,personal auto,four-door car,288.572108
jn78502,washington,f,high school or below,9384.654502,25370.0,116.0,0,special auto,suv,556.8
kz60207,arizona,m,college,5007.672425,51523.0,62.0,0,personal auto,four-door car,297.6
br50492,arizona,m,bachelor,49423.79557,85058.0,137.0,0,personal auto,suv,595.369784
es21306,california,m,bachelor,8558.927723,0.0,125.0,0,personal auto,suv,615.562164
at29024,california,f,high school or below,4892.628631,27005.0,61.0,0,corporate auto,four-door car,311.84034
np23146,arizona,f,college,5365.93282,62808.0,66.0,0,special auto,two-door car,211.515893
sy48471,california,f,high school or below,5163.838813,88692.0,64.0,0,personal auto,four-door car,253.193647
gj47397,oregon,m,high school or below,38055.20953,0.0,115.0,0,special auto,suv,552.0
ce69971,oregon,f,master,7403.447336,19064.0,98.0,1,personal auto,four-door car,136.248799
gm54859,oregon,m,high school or below,6051.637445,0.0,88.0,0,personal auto,two-door car,633.6
wy27579,oregon,m,bachelor,7229.329257,60345.0,93.0,0,personal auto,two-door car,36.105928
zt87452,oregon,f,bachelor,3300.607083,59592.0,84.0,0,personal auto,four-door car,161.231812
jm35350,california,f,college,5505.167392,15648.0,73.0,1,special auto,two-door car,413.269261
pt40521,california,f,bachelor,4334.064096,23904.0,123.0,3,corporate auto,suv,590.4
tn71469,oregon,f,college,4349.104278,90893.0,110.0,0,personal auto,suv,700.004018
ge26813,arizona,m,high school or below,4882.073243,0.0,66.0,0,personal auto,four-door car,475.2
lu37653,oregon,f,college,10114.98621,74001.0,84.0,0,corporate auto,four-door car,224.265232
qw40254,oregon,m,college,5259.709581,28447.0,67.0,0,personal auto,four-door car,321.6
mh76107,california,m,college,4013.945512,56586.0,100.0,0,personal auto,luxury,121.928014
zh28728,oregon,m,bachelor,6285.019179,0.0,172.0,0,personal auto,suv,825.6
sf29524,oregon,m,doctor,4518.782768,19186.0,62.0,0,personal auto,four-door car,297.6
wt21922,arizona,f,high school or below,17738.2012,65348.0,110.0,0,corporate auto,luxury,134.120531
wz56476,california,f,doctor,6265.343299,0.0,84.0,1,personal auto,four-door car,481.025786
pp62909,oregon,f,master,12168.64405,0.0,109.0,0,special auto,luxury,30.989755
xy57950,california,m,college,3618.432755,0.0,99.0,0,special auto,four-door car,475.2
ra97108,oregon,f,high school or below,6474.826466,0.0,91.0,0,personal auto,four-door car,436.8
lt57545,california,f,college,5575.198201,18892.0,73.0,0,personal auto,four-door car,106.814987
mm97107,oregon,m,high school or below,32144.64957,19066.0,103.0,0,personal auto,two-door car,494.4
po26937,oregon,m,bachelor,8223.164916,95102.0,101.0,0,corporate auto,four-door car,94.338814
gj99406,arizona,f,college,7462.926263,70263.0,93.0,0,corporate auto,two-door car,7.345946
lu86185,california,f,master,9031.214859,0.0,122.0,0,corporate auto,luxury,650.52179
ro82935,nevada,f,high school or below,7028.940001,18120.0,63.0,4,personal auto,two-door car,302.4
sc47383,nevada,f,bachelor,7406.882612,38169.0,62.0,0,corporate auto,four-door car,71.678412
lv27997,oregon,m,college,7582.113842,64801.0,64.0,0,personal auto,four-door car,268.471802
rj32720,arizona,f,college,10719.08467,86036.0,90.0,3,personal auto,four-door car,501.26513
kr90607,washington,f,college,3721.390713,0.0,101.0,0,personal auto,suv,862.49778
pz95949,arizona,m,doctor,3528.044252,31278.0,92.0,4,personal auto,two-door car,441.6
gi25850,arizona,f,high school or below,17085.41462,20053.0,62.0,1,personal auto,four-door car,9.832575
qh60569,california,f,college,11955.39598,71587.0,99.0,0,personal auto,two-door car,133.103003
ii27516,california,m,high school or below,6366.225775,44368.0,80.0,0,personal auto,two-door car,384.0
qi21338,oregon,f,high school or below,4669.22664,76157.0,116.0,0,personal auto,two-door car,556.8
hg83893,nevada,f,high school or below,9100.731403,59183.0,113.0,0,personal auto,suv,542.4
rn66346,california,m,master,14663.19646,91015.0,73.0,1,personal auto,two-door car,119.062347
rs53995,california,m,college,7529.863445,52774.0,66.0,4,corporate auto,two-door car,78.452298
td90177,oregon,m,college,2647.519741,37876.0,69.0,0,personal auto,four-door car,300.056383
fp11025,california,f,bachelor,8072.245595,57938.0,101.0,0,special auto,suv,282.458203
sa62385,oregon,f,high school or below,7644.684144,26526.0,99.0,0,personal auto,four-door car,523.701824
nl68893,california,m,bachelor,2485.109896,76608.0,62.0,0,personal auto,four-door car,91.229768
la31975,arizona,m,college,13144.49101,0.0,194.0,0,personal auto,luxury,931.2
rm31359,oregon,f,high school or below,3129.110699,48056.0,78.0,0,corporate auto,four-door car,374.4
wm19996,california,m,bachelor,8349.523082,45428.0,109.0,1,corporate auto,suv,487.273964
su32452,arizona,f,bachelor,3241.588659,89196.0,81.0,0,personal auto,four-door car,41.182611
mz79386,california,f,bachelor,6925.182046,88893.0,86.0,0,personal auto,four-door car,72.86746
oy15095,oregon,m,bachelor,5098.854489,0.0,97.0,4,personal auto,two-door car,609.046345
uv99893,arizona,f,bachelor,2885.407442,92722.0,72.0,1,corporate auto,two-door car,28.126402
ld48189,nevada,f,high school or below,5979.724161,57693.0,76.0,0,personal auto,four-door car,547.2
ek13316,arizona,f,bachelor,5416.413581,53249.0,67.0,0,personal auto,four-door car,343.340361
fe82005,oregon,f,bachelor,2345.129694,26304.0,63.0,0,personal auto,four-door car,302.4
bl44708,california,f,high school or below,12556.95366,0.0,70.0,0,personal auto,two-door car,504.0
pq65328,oregon,m,high school or below,2839.298304,71460.0,74.0,5,personal auto,four-door car,93.951709
aa56476,arizona,f,high school or below,5595.389905,74454.0,71.0,0,corporate auto,four-door car,340.8
bl66157,california,f,bachelor,3979.718986,96413.0,99.0,0,personal auto,four-door car,560.045764
sn26999,oregon,f,high school or below,10925.82157,98542.0,90.0,0,personal auto,two-door car,432.0
ts81548,oregon,f,master,5669.974517,43416.0,70.0,0,personal auto,four-door car,336.0
dy34902,oregon,f,high school or below,5168.152276,81182.0,64.0,0,corporate auto,four-door car,307.2
sx75100,arizona,m,bachelor,2760.476712,79065.0,69.0,0,corporate auto,four-door car,290.886242
lz98529,arizona,m,high school or below,10382.50368,11721.0,102.0,2,personal auto,suv,560.91624
fm10372,california,f,college,3816.408655,82414.0,95.0,0,personal auto,four-door car,30.423443
qx54666,california,m,high school or below,11172.49931,14533.0,63.0,0,personal auto,four-door car,302.4
fr48094,arizona,m,high school or below,2456.816127,0.0,73.0,0,personal auto,four-door car,525.6
fh61723,california,f,bachelor,7480.713618,52513.0,65.0,3,personal auto,two-door car,91.244938
qy83498,oregon,f,college,2659.70565,0.0,87.0,3,personal auto,four-door car,420.041981
gc81619,oregon,f,master,4626.801093,79487.0,114.0,0,personal auto,suv,547.2
bd84823,oregon,m,high school or below,12157.32992,57449.0,103.0,0,personal auto,four-door car,494.4
eu78163,california,f,college,4792.509792,20181.0,66.0,2,personal auto,four-door car,316.8
fd34314,arizona,m,bachelor,2821.352024,73339.0,71.0,0,corporate auto,four-door car,244.401453
hs74723,arizona,f,college,17441.6378,80969.0,217.0,0,personal auto,luxury,1041.6
lx27768,oregon,f,bachelor,4202.663699,74057.0,105.0,1,personal auto,suv,632.244063
yb91420,oregon,f,bachelor,7851.349465,32225.0,66.0,0,personal auto,four-door car,316.8
qa45054,arizona,f,high school or below,8932.317753,60909.0,112.0,0,personal auto,suv,412.106287
co53758,california,m,high school or below,5059.987477,70999.0,63.0,0,corporate auto,four-door car,305.603239
cw57656,oregon,f,college,11196.01927,75457.0,93.0,0,personal auto,four-door car,151.572213
mr22119,oregon,m,high school or below,4430.572112,24059.0,112.0,0,personal auto,suv,537.6
di22093,california,m,college,10330.43794,56480.0,87.0,0,personal auto,four-door car,384.695536
pq35034,oregon,f,college,9918.69966,37586.0,63.0,0,corporate auto,two-door car,153.489143
xb30904,arizona,m,high school or below,5876.373894,97026.0,73.0,0,personal auto,two-door car,97.417808
vf15321,washington,m,college,2734.439188,54010.0,69.0,0,personal auto,four-door car,331.2
lx71137,arizona,f,bachelor,3694.14876,87485.0,92.0,0,personal auto,four-door car,441.6
si35064,washington,f,bachelor,9521.676094,74583.0,118.0,0,personal auto,suv,161.210468
si26369,oregon,m,college,4377.532789,0.0,64.0,0,personal auto,two-door car,460.8
ld69905,arizona,m,high school or below,6431.736287,21238.0,95.0,4,personal auto,four-door car,456.0
vy84895,nevada,f,high school or below,6722.701247,0.0,93.0,0,personal auto,four-door car,669.6
ua38043,california,f,high school or below,2397.036098,22283.0,65.0,0,personal auto,four-door car,572.072106
wm46083,arizona,m,master,2393.813375,58237.0,63.0,3,personal auto,two-door car,273.691831
gq57207,california,f,bachelor,2359.423599,19864.0,63.0,0,personal auto,four-door car,352.394515
cq80529,oregon,f,college,4080.81891,57283.0,106.0,1,personal auto,suv,337.95778
ln99954,washington,m,master,26999.68099,0.0,104.0,0,personal auto,four-door car,622.88852
uf36353,oregon,m,college,10914.20446,71656.0,137.0,0,special auto,suv,61.915326
iz24763,nevada,f,bachelor,3445.86241,0.0,94.0,0,corporate auto,four-door car,590.626396
tu27017,california,m,bachelor,6625.28717,41460.0,83.0,0,personal auto,four-door car,398.4
ws46887,washington,f,bachelor,20067.40315,85165.0,101.0,0,personal auto,four-door car,384.31404
gq32356,nevada,f,high school or below,3871.778009,0.0,111.0,0,personal auto,four-door car,799.2
pz81131,california,f,bachelor,4171.300175,36723.0,106.0,1,personal auto,suv,580.091966
zw79814,california,m,high school or below,6689.022728,56980.0,84.0,0,personal auto,two-door car,599.000883
kv79964,arizona,m,doctor,9009.219409,32260.0,113.0,0,personal auto,four-door car,601.124657
we38399,california,m,bachelor,4974.801539,75644.0,65.0,3,personal auto,two-door car,467.803638
mi13678,oregon,m,high school or below,2506.197852,92056.0,62.0,0,personal auto,four-door car,89.398794
va63861,california,f,college,4967.544169,28524.0,62.0,0,personal auto,four-door car,297.6
eh70612,california,m,college,1918.1197,0.0,61.0,2,personal auto,two-door car,439.2
uo40726,oregon,f,bachelor,3146.037899,28089.0,82.0,1,personal auto,two-door car,411.856297
zy49833,california,f,bachelor,5963.174005,87020.0,74.0,0,personal auto,four-door car,331.116399
hz47488,california,m,doctor,2860.747385,27907.0,74.0,1,personal auto,four-door car,406.439436
lp51258,oregon,f,bachelor,2857.11061,91811.0,70.0,0,personal auto,four-door car,333.7925
vw65573,california,m,high school or below,7630.346461,0.0,111.0,0,special auto,suv,799.2
lv82913,oregon,m,college,5715.787663,69451.0,72.0,0,corporate auto,four-door car,230.241775
ox53879,arizona,m,bachelor,5113.899098,92427.0,64.0,2,personal auto,four-door car,126.049033
qv76563,arizona,f,doctor,5070.227097,0.0,69.0,0,personal auto,four-door car,331.2
cp27565,oregon,m,bachelor,12036.62051,44428.0,104.0,0,special auto,suv,499.2
ll56632,oregon,f,high school or below,8679.79601,55842.0,109.0,0,personal auto,suv,703.118925
zg88784,oregon,m,college,4911.458509,52796.0,62.0,0,corporate auto,four-door car,297.6
fo78512,california,m,master,17429.87777,41775.0,109.0,0,personal auto,luxury,104.672657
tx13297,california,f,bachelor,2396.219292,0.0,66.0,2,corporate auto,four-door car,433.160284
rs20615,california,f,high school or below,5671.927479,34974.0,71.0,0,special auto,four-door car,315.160937
hp77890,washington,f,college,14413.37774,56457.0,73.0,0,personal auto,four-door car,138.460771
ge45663,arizona,f,bachelor,5217.513287,39854.0,66.0,0,personal auto,two-door car,261.930545
uw90223,california,f,bachelor,2363.295991,27839.0,65.0,5,personal auto,two-door car,312.0
lc58452,california,m,high school or below,4655.605831,88240.0,117.0,0,personal auto,suv,561.6
wo25669,oregon,f,high school or below,35692.17157,0.0,102.0,0,personal auto,suv,1123.212014
ng59515,california,m,college,10248.89802,52693.0,129.0,0,personal auto,suv,619.2
aq52711,oregon,f,bachelor,6897.505859,65337.0,173.0,1,personal auto,suv,830.4
au23837,oregon,f,bachelor,5010.37931,64014.0,63.0,0,corporate auto,four-door car,295.871784
ng62780,oregon,f,high school or below,4250.282624,0.0,61.0,1,personal auto,four-door car,292.8
ww16329,oregon,f,college,10208.92761,35482.0,129.0,0,corporate auto,suv,619.2
yn46118,arizona,f,high school or below,4961.574919,20951.0,65.0,0,personal auto,four-door car,312.0
cw77053,oregon,f,high school or below,4476.81416,0.0,62.0,0,personal auto,four-door car,297.6
lx15904,washington,f,high school or below,2755.221411,39393.0,70.0,1,special auto,four-door car,405.883346
in26765,oregon,m,college,8271.906799,62912.0,69.0,0,personal auto,two-door car,168.358644
wr55560,california,m,high school or below,5927.389227,33561.0,152.0,0,corporate auto,luxury,235.316581
jq70222,washington,f,high school or below,8548.30415,53055.0,112.0,2,personal auto,suv,537.6
lu49168,arizona,m,high school or below,21283.6362,0.0,63.0,0,personal auto,two-door car,302.4
en97874,oregon,f,high school or below,6446.706674,55037.0,80.0,1,corporate auto,four-door car,481.823284
ip76282,oregon,f,high school or below,4484.254754,0.0,65.0,0,personal auto,four-door car,463.382118
nm18924,oregon,f,high school or below,30286.68586,27587.0,103.0,1,corporate auto,luxury,241.141192
nz98813,california,f,high school or below,13840.16012,29658.0,119.0,0,personal auto,suv,571.2
xj65608,california,f,college,5391.775844,63633.0,68.0,1,corporate auto,two-door car,374.024077
hi71466,california,m,college,3847.352801,23459.0,96.0,0,personal auto,four-door car,185.070399
ro70057,nevada,m,high school or below,6369.262355,34498.0,83.0,0,personal auto,two-door car,398.4
lt77960,arizona,f,college,5316.7566,28559.0,66.0,0,corporate auto,four-door car,427.242973
fo13691,oregon,m,doctor,5124.218174,73740.0,64.0,0,personal auto,two-door car,229.272206
ip87756,washington,m,high school or below,4151.551337,0.0,125.0,0,personal auto,suv,900.0
yg37894,california,f,college,2594.905944,25925.0,72.0,3,corporate auto,two-door car,660.587577
sr24177,nevada,m,bachelor,5763.265424,31725.0,76.0,0,personal auto,two-door car,177.234
bs91742,washington,m,college,18370.57004,49659.0,234.0,0,personal auto,luxury,1684.8
uj38473,california,m,bachelor,21923.12272,81197.0,109.0,0,personal auto,luxury,94.731199
bp54465,arizona,f,master,10546.65545,43922.0,88.0,0,personal auto,four-door car,108.701381
yy12812,nevada,f,bachelor,8388.717011,87123.0,69.0,0,corporate auto,four-door car,118.468275
hw61722,oregon,f,bachelor,7188.607263,0.0,66.0,0,personal auto,four-door car,278.574142
ce17855,oregon,f,master,3238.929524,68745.0,80.0,0,personal auto,four-door car,473.613006
zx50209,california,f,college,10960.93667,29815.0,95.0,0,personal auto,four-door car,76.175672
cz84042,oregon,f,high school or below,2660.931663,53333.0,66.0,0,personal auto,two-door car,22.945038
sq54906,oregon,f,college,2004.350666,0.0,66.0,4,personal auto,four-door car,316.8
qe21030,washington,m,high school or below,15483.52986,24661.0,196.0,0,personal auto,luxury,1961.162049
wp60679,oregon,m,bachelor,8940.579278,95351.0,111.0,0,personal auto,luxury,406.48025
bz47770,washington,f,bachelor,5083.789524,62088.0,64.0,2,corporate auto,two-door car,73.258034
ts76653,nevada,f,master,9031.214859,0.0,122.0,0,personal auto,luxury,650.52179
ij28717,oregon,m,college,32098.32209,31503.0,105.0,3,personal auto,suv,504.0
xl78013,oregon,m,college,22332.43946,49078.0,97.0,0,corporate auto,four-door car,484.013411
kn90631,nevada,f,high school or below,8560.162384,28120.0,112.0,0,personal auto,suv,537.6
ku59569,california,f,college,7714.623619,0.0,106.0,0,personal auto,luxury,763.2
ie71278,california,m,bachelor,2936.993695,44369.0,77.0,3,personal auto,four-door car,362.276183
vy76337,washington,m,high school or below,5112.104787,15131.0,67.0,0,personal auto,four-door car,321.6
yc77374,california,f,bachelor,5119.901412,26890.0,65.0,0,personal auto,two-door car,312.0
fx78218,california,m,doctor,2494.869528,45855.0,62.0,1,personal auto,four-door car,0.887629
zk11389,oregon,m,bachelor,23594.6802,76358.0,66.0,0,corporate auto,four-door car,86.461582
mo82744,california,f,bachelor,5656.203464,45586.0,72.0,0,personal auto,four-door car,203.42306
gg20671,nevada,m,college,15673.13621,43267.0,78.0,0,special auto,four-door car,453.073096
yc53575,oregon,m,high school or below,8509.453945,0.0,82.0,0,personal auto,four-door car,590.4
es82658,oregon,m,master,6418.24871,46648.0,81.0,0,personal auto,four-door car,123.576765
su44811,oregon,f,high school or below,3055.70113,42406.0,77.0,0,corporate auto,four-door car,108.871857
az43057,california,m,master,5746.05593,50798.0,72.0,0,personal auto,four-door car,64.977867
xu56756,oregon,m,bachelor,23594.6802,76358.0,66.0,0,personal auto,four-door car,86.461582
tm24806,oregon,m,college,6005.847375,13528.0,86.0,0,personal auto,four-door car,412.8
zh18791,oregon,m,bachelor,5028.839465,0.0,67.0,0,personal auto,four-door car,80.753763
ce10235,california,f,bachelor,3409.677392,85023.0,85.0,0,personal auto,four-door car,408.0
iq96928,oregon,f,high school or below,4348.139173,0.0,62.0,0,corporate auto,four-door car,675.661163
bm55732,nevada,f,high school or below,8337.194193,74460.0,69.0,0,corporate auto,two-door car,331.2
pc76141,nevada,m,bachelor,2346.675378,22932.0,62.0,0,personal auto,four-door car,297.6
rv98208,arizona,f,college,4991.035369,54189.0,62.0,0,personal auto,two-door car,29.035528
lj21457,california,m,college,2879.505701,42247.0,74.0,0,personal auto,two-door car,355.2
mv86976,california,m,high school or below,3482.038245,0.0,96.0,0,personal auto,four-door car,726.132858
hs13676,california,m,high school or below,8216.391903,0.0,117.0,0,personal auto,four-door car,983.127481
ox35378,oregon,m,bachelor,3155.45562,36706.0,80.0,0,personal auto,four-door car,488.296267
vl95438,arizona,m,college,5292.202092,67899.0,66.0,1,corporate auto,four-door car,316.8
yu32377,oregon,f,college,6553.943457,0.0,61.0,0,corporate auto,two-door car,365.820487
qw88350,washington,f,college,7618.442045,41900.0,63.0,0,corporate auto,four-door car,170.496071
tm61357,nevada,m,bachelor,24610.78085,72786.0,76.0,0,personal auto,four-door car,363.845631
cp99334,oregon,f,college,3142.81161,60108.0,78.0,0,personal auto,four-door car,507.060901
ao20938,arizona,f,high school or below,32021.40422,31433.0,100.0,0,personal auto,suv,635.020091
oy32548,washington,f,college,5096.700181,27940.0,65.0,1,personal auto,two-door car,27.66775
xe36531,california,f,high school or below,4889.609695,51246.0,122.0,0,personal auto,suv,817.692013
sz86381,oregon,m,bachelor,5112.570311,56587.0,65.0,1,personal auto,four-door car,312.0
yy29772,arizona,f,high school or below,2725.322949,45025.0,69.0,1,personal auto,four-door car,452.271771
fg69718,california,f,high school or below,9780.852337,0.0,132.0,0,corporate auto,suv,950.4
mi81870,arizona,f,bachelor,15042.57658,22799.0,190.0,0,corporate auto,suv,912.0
qh27767,oregon,m,doctor,5308.291752,82601.0,66.0,0,personal auto,four-door car,186.387874
iv54766,oregon,f,master,19160.98994,22705.0,239.0,0,personal auto,luxury,1294.700423
ad33653,oregon,m,high school or below,3324.551776,0.0,92.0,0,personal auto,two-door car,441.6
hu54636,california,f,college,3791.549972,41212.0,95.0,0,personal auto,four-door car,405.443681
cd45044,arizona,f,high school or below,7600.034998,0.0,70.0,0,personal auto,four-door car,504.0
cb61335,california,f,high school or below,6950.100195,21687.0,88.0,0,personal auto,four-door car,603.100479
dl53457,california,f,college,4605.036646,22571.0,63.0,0,personal auto,four-door car,302.4
yg68142,oregon,f,high school or below,5864.381825,72032.0,72.0,0,personal auto,four-door car,438.149129
ui24036,washington,f,bachelor,15374.18296,42570.0,128.0,0,personal auto,suv,587.409205
ld63324,arizona,m,college,3230.576665,62873.0,81.0,0,corporate auto,four-door car,207.75186
lb29621,oregon,f,bachelor,9294.54951,21370.0,77.0,0,corporate auto,four-door car,105.181202
xb43625,arizona,f,bachelor,2504.871709,66081.0,64.0,1,personal auto,four-door car,42.029731
fi65786,oregon,f,master,7081.690974,93854.0,87.0,0,corporate auto,two-door car,417.6
zc61874,arizona,f,doctor,9560.049227,19429.0,122.0,0,special auto,suv,683.45551
qa66968,california,f,bachelor,6756.062791,46879.0,86.0,2,personal auto,four-door car,324.944098
yq98322,oregon,m,bachelor,5290.666331,36791.0,68.0,0,personal auto,four-door car,326.4
en27946,california,m,high school or below,8391.133455,40211.0,106.0,2,personal auto,two-door car,710.740743
gt18396,arizona,m,college,21151.2328,48642.0,77.0,0,personal auto,four-door car,92.307736
kl43280,california,m,college,9264.32766,69063.0,115.0,0,personal auto,two-door car,552.0
db93245,arizona,f,doctor,2853.600347,87455.0,71.0,0,corporate auto,four-door car,329.238904
sn53710,washington,m,high school or below,6245.443568,80101.0,79.0,0,personal auto,four-door car,442.9167
ib82793,california,m,high school or below,2129.063055,0.0,61.0,1,corporate auto,four-door car,292.8
ct74097,nevada,m,college,14789.61805,51817.0,129.0,4,personal auto,suv,712.833284
he20556,arizona,f,bachelor,5324.38786,31561.0,68.0,0,personal auto,four-door car,326.4
rq41621,arizona,f,doctor,2862.729074,64640.0,73.0,2,personal auto,four-door car,327.912134
tb88830,california,f,master,8614.686004,64220.0,107.0,0,personal auto,suv,48.782626
lv94312,oregon,m,college,4931.503095,33580.0,62.0,0,corporate auto,four-door car,315.326222
pt45842,arizona,m,college,4642.020128,0.0,64.0,0,personal auto,two-door car,770.254285
cv49750,arizona,m,bachelor,21423.63723,0.0,65.0,0,personal auto,two-door car,312.0
rb63074,oregon,m,high school or below,4858.067125,0.0,67.0,0,personal auto,four-door car,482.4
xx73066,arizona,m,master,5261.101863,43318.0,66.0,0,personal auto,four-door car,48.936563
vn22337,california,f,college,3274.037562,83869.0,81.0,0,personal auto,four-door car,348.186032
ba19651,california,m,high school or below,6134.38779,43875.0,78.0,0,corporate auto,four-door car,289.468771
ux18122,washington,f,bachelor,3690.698916,59016.0,92.0,0,corporate auto,four-door car,441.6
hy46017,california,f,college,2776.772734,70793.0,69.0,0,personal auto,four-door car,62.625841
zi95657,california,m,doctor,10972.06778,24164.0,137.0,0,personal auto,luxury,657.6
mk93363,washington,f,master,4177.666255,29133.0,104.0,0,personal auto,luxury,499.2
um26324,washington,m,high school or below,5838.89915,81082.0,73.0,0,corporate auto,four-door car,281.295903
zn18884,california,m,bachelor,6462.22199,0.0,65.0,0,corporate auto,four-door car,312.0
pn18863,california,m,college,5109.50079,21277.0,66.0,0,corporate auto,four-door car,316.8
bk76340,california,m,high school or below,8278.716567,16924.0,226.0,0,personal auto,luxury,1084.8
qz83992,california,m,college,8682.234653,10540.0,115.0,0,corporate auto,suv,552.0
we23159,oregon,m,high school or below,9415.901707,0.0,133.0,0,special auto,luxury,1361.993232
ga86186,oregon,m,college,3230.576665,62873.0,81.0,0,special auto,four-door car,207.75186
zm24497,california,m,high school or below,17019.1929,98623.0,211.0,0,personal auto,luxury,1012.8
ey97047,oregon,m,college,2647.519741,37876.0,69.0,0,corporate auto,four-door car,300.056383
nw14895,arizona,m,bachelor,12883.11573,77469.0,109.0,1,personal auto,suv,757.170246
ks42294,california,f,college,20930.05217,30535.0,66.0,0,personal auto,four-door car,94.142294
dq50258,california,m,college,4814.350556,0.0,67.0,0,personal auto,four-door car,482.4
xk10881,oregon,m,bachelor,4836.892172,39310.0,61.0,0,personal auto,four-door car,93.181865
lc20778,nevada,f,master,18745.39592,27229.0,99.0,0,personal auto,four-door car,475.2
lh87004,washington,m,college,17367.52612,41418.0,112.0,0,personal auto,suv,537.6
sz17657,oregon,f,college,9012.922138,67840.0,112.0,0,personal auto,suv,83.240006
ri44399,california,f,bachelor,5871.607022,0.0,80.0,0,corporate auto,four-door car,871.055266
rf73080,oregon,m,college,5926.729379,23091.0,96.0,5,personal auto,four-door car,460.8
qa69109,arizona,f,master,5453.709172,69468.0,67.0,0,personal auto,four-door car,302.733593
fk85203,california,m,high school or below,9106.867749,74143.0,114.0,0,personal auto,suv,547.2
et44462,arizona,m,high school or below,5013.136429,65165.0,126.0,1,personal auto,suv,604.8
sk27185,california,f,college,6672.05628,50537.0,165.0,0,personal auto,suv,60.005031
jw87443,oregon,f,college,6521.368813,72608.0,82.0,3,personal auto,four-door car,393.6
om37610,nevada,f,high school or below,13024.22378,26312.0,110.0,1,personal auto,four-door car,565.837664
tj58873,oregon,m,high school or below,2748.800067,56900.0,68.0,0,personal auto,four-door car,304.115627
we97690,oregon,f,bachelor,2803.59608,60707.0,70.0,0,corporate auto,four-door car,327.061103
hh99354,oregon,m,bachelor,7231.000788,67276.0,61.0,0,personal auto,two-door car,181.804443
un90060,oregon,f,high school or below,8329.286254,30865.0,104.0,0,personal auto,suv,21.261834
br76202,california,f,master,4626.801093,79487.0,114.0,0,personal auto,suv,547.2
mo48960,california,f,doctor,6265.343299,0.0,84.0,1,personal auto,four-door car,481.025786
qg50480,oregon,m,college,4504.16329,0.0,62.0,0,personal auto,two-door car,135.851316
re73564,oregon,f,bachelor,11533.47722,41098.0,96.0,0,personal auto,two-door car,250.058657
en32990,arizona,f,college,5349.996572,89158.0,67.0,0,personal auto,four-door car,272.195232
oo97388,oregon,f,master,2855.687705,99612.0,70.0,0,personal auto,two-door car,336.0
jn66901,nevada,m,high school or below,6601.611299,0.0,194.0,0,corporate auto,luxury,2306.508397
ui64573,oregon,f,high school or below,3470.177816,94885.0,86.0,3,personal auto,four-door car,170.532133
hj64867,arizona,f,college,5895.106386,78352.0,74.0,0,personal auto,two-door car,152.365482
mt35297,oregon,f,high school or below,5065.935608,43460.0,63.0,0,personal auto,four-door car,302.4
vb69838,oregon,f,high school or below,41787.90343,46587.0,119.0,2,personal auto,four-door car,571.2
jr34589,nevada,f,high school or below,4882.286714,21236.0,123.0,0,personal auto,suv,131.262395
ei85578,california,f,bachelor,3837.615029,0.0,106.0,0,personal auto,suv,117.229971
dh85144,oregon,m,college,2154.073997,0.0,65.0,0,personal auto,four-door car,312.0
hc31007,california,m,high school or below,5049.118385,0.0,68.0,0,personal auto,four-door car,457.169818
mt58123,california,m,college,13869.92705,28432.0,118.0,0,corporate auto,suv,612.300581
gq78238,oregon,m,high school or below,5213.3743,65167.0,131.0,0,personal auto,suv,628.8
uo44449,washington,f,college,4911.115538,33700.0,62.0,0,corporate auto,four-door car,274.114843
vk98618,arizona,f,college,7751.855026,0.0,105.0,0,personal auto,suv,756.0
bg30513,california,f,college,25464.82059,13663.0,97.0,0,personal auto,four-door car,465.6
kd20203,oregon,m,college,9472.956706,0.0,131.0,0,corporate auto,suv,628.8
hr26088,arizona,f,college,5926.957452,0.0,84.0,2,personal auto,four-door car,403.2
xd72019,oregon,f,bachelor,8470.043225,0.0,82.0,0,personal auto,four-door car,479.312226
xd82117,arizona,f,college,8675.993821,65933.0,108.0,0,personal auto,suv,379.951464
ct47738,oregon,f,college,18205.67367,0.0,128.0,0,corporate auto,luxury,614.4
ny30370,washington,m,high school or below,2618.326183,28663.0,66.0,0,corporate auto,two-door car,430.604489
eh69733,arizona,m,bachelor,3349.639274,78092.0,84.0,0,corporate auto,four-door car,344.015386
qv89210,nevada,f,high school or below,5979.724161,57693.0,76.0,0,corporate auto,four-door car,547.2
qk90365,oregon,f,master,16301.9676,19614.0,85.0,0,personal auto,two-door car,574.024018
ur67446,california,f,high school or below,7882.987485,23235.0,99.0,0,personal auto,four-door car,587.656629
fj76376,california,m,bachelor,7748.811,79528.0,64.0,0,personal auto,two-door car,175.429028
zi85739,california,f,master,15860.03591,0.0,136.0,0,personal auto,suv,46.098963
am72411,oregon,m,high school or below,2279.696801,23253.0,61.0,0,personal auto,two-door car,292.8
ic77855,california,m,college,15272.79977,40571.0,100.0,2,personal auto,suv,361.788917
zm70632,california,f,bachelor,5498.753121,60668.0,138.0,0,personal auto,suv,553.699596
jm59803,california,m,doctor,5743.403321,61776.0,73.0,3,personal auto,two-door car,343.278996
kg84303,california,m,master,3942.917284,38820.0,99.0,0,personal auto,four-door car,547.619785
oj37666,california,f,bachelor,2503.603127,47285.0,63.0,0,personal auto,four-door car,302.4
vv49688,oregon,m,high school or below,4558.592305,0.0,62.0,0,corporate auto,four-door car,446.4
kh55886,oregon,m,bachelor,67907.2705,78310.0,192.0,1,personal auto,luxury,151.711475
qz70160,nevada,f,college,2396.672304,26222.0,62.0,0,personal auto,four-door car,297.6
fu51754,arizona,m,high school or below,5568.947534,0.0,79.0,1,personal auto,two-door car,407.440238
ky48450,oregon,f,college,7334.517166,83926.0,181.0,0,personal auto,luxury,124.447153
zg18090,california,m,master,7150.111338,24124.0,91.0,0,corporate auto,four-door car,436.8
ui99151,nevada,m,high school or below,12023.75062,28879.0,106.0,0,personal auto,luxury,763.2
vb59276,oregon,m,bachelor,4018.88493,0.0,112.0,0,corporate auto,suv,544.250322
cj64468,oregon,f,college,4770.550911,12964.0,65.0,0,personal auto,two-door car,362.774545
gm61951,nevada,f,high school or below,29297.33082,0.0,115.0,0,personal auto,suv,1251.042795
bo15959,washington,f,college,27929.96441,88105.0,86.0,0,personal auto,four-door car,412.8
zk50586,oregon,f,college,2899.922473,66524.0,74.0,4,personal auto,two-door car,238.517525
dm22923,oregon,m,bachelor,2331.325089,27398.0,68.0,1,personal auto,four-door car,326.4
dq58142,arizona,m,high school or below,8561.561976,37759.0,108.0,0,corporate auto,suv,518.4
yw47108,california,m,college,11280.72641,45743.0,96.0,0,personal auto,four-door car,673.780804
ds62172,oregon,f,bachelor,2764.024716,54183.0,70.0,0,personal auto,four-door car,336.0
vl58402,washington,m,college,2580.849899,46900.0,66.0,0,personal auto,four-door car,316.8
yv82597,nevada,f,doctor,10856.01489,59803.0,90.0,0,corporate auto,two-door car,22.75546
fn33339,oregon,f,high school or below,4150.836913,53787.0,104.0,0,corporate auto,four-door car,666.092015
uz97486,california,m,bachelor,16979.79757,35095.0,73.0,0,corporate auto,two-door car,525.6
ll92275,california,f,college,5028.739297,0.0,67.0,0,personal auto,four-door car,216.196521
fb95288,california,m,high school or below,64618.75715,0.0,217.0,1,personal auto,luxury,1562.4
nb30472,arizona,f,college,41103.24183,30845.0,116.0,1,personal auto,four-door car,556.8
rx66745,washington,m,bachelor,22658.53652,23665.0,67.0,0,corporate auto,four-door car,404.817249
ii97469,california,m,high school or below,7013.436657,92107.0,88.0,0,personal auto,four-door car,16.37296
vf17463,oregon,m,college,8658.863813,62464.0,109.0,0,personal auto,luxury,400.181882
gw77328,oregon,m,doctor,5214.342348,69991.0,65.0,0,personal auto,four-door car,4.619402
cf44171,california,f,bachelor,4334.064096,23904.0,123.0,3,personal auto,suv,590.4
zn65873,california,f,high school or below,3731.504584,0.0,96.0,0,corporate auto,four-door car,460.8
eo75698,oregon,f,bachelor,22242.51659,83894.0,110.0,0,personal auto,four-door car,82.019005
gb94407,california,m,college,12280.76661,88340.0,102.0,0,corporate auto,two-door car,489.6
km63956,california,m,master,13024.13012,0.0,125.0,0,corporate auto,suv,900.0
lm79795,oregon,m,high school or below,7488.785177,39602.0,64.0,0,personal auto,two-door car,307.2
xt35473,arizona,m,bachelor,2300.691547,25905.0,63.0,0,personal auto,four-door car,302.4
lo90163,nevada,f,bachelor,30081.36783,24626.0,108.0,0,personal auto,suv,225.971279
lu65596,california,f,college,3745.374656,59732.0,94.0,0,corporate auto,four-door car,135.626867
sv94314,arizona,m,bachelor,13246.56841,36898.0,169.0,1,personal auto,suv,811.2
rw86245,arizona,m,high school or below,5008.275979,92864.0,123.0,0,personal auto,suv,96.338144
jg41490,arizona,f,bachelor,2396.219292,0.0,66.0,2,corporate auto,four-door car,433.160284
fo63400,california,f,college,5146.898635,93752.0,64.0,0,corporate auto,four-door car,154.713524
fe84109,washington,m,bachelor,6540.204626,21156.0,89.0,0,personal auto,two-door car,111.836561
kg21285,arizona,m,college,7159.806745,67206.0,90.0,0,personal auto,four-door car,76.289123
tq33359,california,m,high school or below,6087.302608,85654.0,76.0,0,personal auto,four-door car,46.20341
zg59671,oregon,m,college,9772.736775,59325.0,83.0,0,personal auto,four-door car,81.599332
ay19539,california,m,college,6005.847375,13528.0,86.0,0,personal auto,four-door car,412.8
ku23440,oregon,f,master,6811.576281,0.0,63.0,1,personal auto,four-door car,302.4
ij83011,california,m,college,16350.13061,0.0,165.0,1,corporate auto,suv,1452.213743
ke35335,washington,f,college,3580.261881,75333.0,90.0,1,personal auto,four-door car,289.236063
fe90301,nevada,f,bachelor,5821.128509,61108.0,72.0,0,personal auto,four-door car,23.773332
ck35310,nevada,f,high school or below,2839.56968,27083.0,73.0,1,personal auto,four-door car,525.6
xu97999,california,m,high school or below,10097.19837,68997.0,63.0,0,personal auto,four-door car,206.926432
rf73329,california,f,high school or below,2674.227315,33451.0,67.0,0,personal auto,four-door car,337.219884
wo12850,nevada,f,bachelor,4515.445404,21500.0,115.0,0,corporate auto,four-door car,39.292196
ab26022,oregon,m,high school or below,7998.347343,26487.0,112.0,0,corporate auto,suv,602.431489
hl91178,california,m,high school or below,2809.766683,74713.0,70.0,0,personal auto,four-door car,336.0
hs77089,washington,m,bachelor,4748.794301,0.0,70.0,0,personal auto,four-door car,504.0
wk18603,california,m,doctor,5272.518472,85607.0,66.0,0,personal auto,four-door car,67.647131
xs44101,california,f,bachelor,6712.294021,44891.0,83.0,0,personal auto,four-door car,74.803791
re93978,washington,m,college,8188.976576,89061.0,103.0,0,personal auto,suv,565.267705
wx19595,arizona,m,high school or below,14429.89284,0.0,198.0,0,personal auto,luxury,962.159318
ea55071,arizona,f,bachelor,4376.363592,63774.0,111.0,0,personal auto,four-door car,60.036683
hh45183,oregon,m,high school or below,3713.803592,93308.0,92.0,0,personal auto,four-door car,441.6
nl75739,arizona,m,high school or below,7590.050089,10375.0,66.0,0,personal auto,two-door car,316.8
xe96798,oregon,m,master,2795.735679,85950.0,69.0,0,personal auto,four-door car,47.70723
uu12600,nevada,f,bachelor,8640.753192,33402.0,109.0,0,personal auto,suv,71.053011
nl39999,washington,m,high school or below,2624.896858,18129.0,71.0,0,personal auto,two-door car,340.8
zn45349,oregon,m,college,4815.020779,0.0,66.0,0,personal auto,two-door car,711.8026
ev34073,california,f,college,4460.418492,0.0,65.0,1,corporate auto,four-door car,312.0
hm94328,arizona,m,college,6047.02516,20396.0,76.0,1,corporate auto,four-door car,364.8
qx64770,oregon,f,master,8221.870429,13376.0,108.0,0,personal auto,four-door car,774.714929
in95983,california,f,college,6798.272436,32517.0,94.0,3,special auto,four-door car,451.2
ad89594,california,m,college,12817.41348,28651.0,67.0,0,personal auto,four-door car,302.272725
sq37580,arizona,f,bachelor,5219.886414,64964.0,66.0,0,personal auto,four-door car,286.967405
in64985,nevada,f,college,6140.242989,34112.0,77.0,0,personal auto,four-door car,369.6
ul96474,arizona,f,college,3756.63877,0.0,108.0,3,personal auto,suv,718.383
ig89777,california,m,high school or below,7356.559341,81145.0,92.0,0,corporate auto,two-door car,321.060571
yj14330,california,f,master,32725.2974,39894.0,134.0,0,corporate auto,suv,411.077415
nk20941,california,m,high school or below,7057.463184,52447.0,90.0,0,personal auto,four-door car,61.585668
xq28930,california,m,college,11005.02349,0.0,69.0,2,personal auto,four-door car,496.8
ly73893,california,m,college,5563.771927,35398.0,71.0,0,personal auto,four-door car,340.8
ii20035,oregon,f,high school or below,7451.479991,26239.0,65.0,0,personal auto,four-door car,312.0
oh69760,arizona,f,college,5181.054467,0.0,70.0,0,personal auto,four-door car,336.0
wn45973,washington,m,master,12584.00638,83013.0,103.0,0,corporate auto,suv,155.125923
ut21323,california,m,college,13057.01188,0.0,190.0,0,personal auto,luxury,1833.182529
gm46746,arizona,f,high school or below,17776.82267,86205.0,223.0,0,personal auto,luxury,1070.4
gz64473,nevada,m,college,2757.383982,50414.0,69.0,0,personal auto,four-door car,331.2
fe93959,california,m,doctor,7535.42519,37496.0,65.0,0,corporate auto,two-door car,312.0
yc33550,oregon,f,high school or below,2826.804029,24224.0,71.0,0,corporate auto,two-door car,511.2
mt91532,california,m,bachelor,7326.544855,62338.0,92.0,0,corporate auto,four-door car,4.216231
xe65072,oregon,m,college,6633.137616,63483.0,83.0,0,personal auto,four-door car,85.073541
at72574,arizona,m,high school or below,2485.886754,0.0,70.0,0,personal auto,two-door car,504.0
fp10040,oregon,m,high school or below,8598.185237,38113.0,73.0,0,personal auto,four-door car,203.640251
aq51159,arizona,f,high school or below,8586.801328,38676.0,72.0,0,personal auto,four-door car,146.124719
hb21182,arizona,f,master,2417.777032,20200.0,65.0,3,personal auto,two-door car,312.0
sm17747,arizona,m,college,2693.663643,29038.0,69.0,0,personal auto,four-door car,56.351667
ya87855,arizona,m,master,7179.22522,23179.0,91.0,0,corporate auto,two-door car,436.8
mr52230,oregon,m,doctor,10629.33736,56598.0,88.0,0,personal auto,four-door car,92.966783
fr54989,arizona,m,college,2710.918992,0.0,76.0,0,corporate auto,two-door car,547.2
rw82766,oregon,f,bachelor,7724.052993,46988.0,195.0,0,corporate auto,luxury,294.762659
ix60941,oregon,m,college,3508.569533,20978.0,98.0,1,personal auto,four-door car,1176.2788
gq26671,california,f,high school or below,2241.108638,0.0,63.0,0,personal auto,two-door car,453.6
uh89141,oregon,f,high school or below,33279.77231,59130.0,117.0,0,corporate auto,luxury,436.533172
wo30947,washington,m,bachelor,5348.30258,31572.0,70.0,3,personal auto,four-door car,292.434826
zn86559,california,f,bachelor,5251.152281,0.0,72.0,0,personal auto,four-door car,345.6
nz73268,california,m,bachelor,4686.807406,32646.0,119.0,0,corporate auto,four-door car,464.99983
yd80815,arizona,f,bachelor,7148.331333,51791.0,181.0,1,personal auto,luxury,422.960234
be54454,washington,m,high school or below,5028.575209,70828.0,62.0,0,personal auto,four-door car,297.6
jb76199,oregon,f,college,2415.415525,40903.0,61.0,0,corporate auto,four-door car,409.88696
pn68458,california,f,high school or below,7545.548643,0.0,106.0,1,corporate auto,suv,631.108223
im55696,california,f,high school or below,5264.425866,24031.0,66.0,0,personal auto,four-door car,316.8
ud99395,oregon,m,high school or below,4474.48438,84927.0,112.0,0,personal auto,suv,537.6
pa90653,oregon,f,bachelor,21578.86035,0.0,72.0,0,corporate auto,two-door car,510.976913
we64939,california,f,college,2902.622439,23893.0,73.0,0,personal auto,four-door car,186.292275
kc67652,arizona,m,doctor,10876.4794,71255.0,138.0,0,personal auto,luxury,138.633681
fq33633,nevada,f,college,4413.285858,37697.0,112.0,0,personal auto,suv,38.403843
qs23134,arizona,m,college,12504.49422,33746.0,106.0,0,personal auto,two-door car,508.8
ez70589,washington,f,college,7462.926263,70263.0,93.0,0,personal auto,two-door car,7.345946
kt91115,oregon,m,bachelor,4690.793868,43367.0,118.0,0,personal auto,four-door car,1026.741926
rs66246,california,f,high school or below,2943.045259,0.0,81.0,0,personal auto,two-door car,388.8
yx72707,oregon,f,doctor,5003.336664,0.0,66.0,1,personal auto,four-door car,445.19869
lj79533,nevada,f,high school or below,13466.92071,11432.0,119.0,0,special auto,suv,571.2
jq95021,california,m,college,3386.186515,67249.0,86.0,0,special auto,four-door car,33.894695
et88948,california,f,bachelor,5503.440723,76839.0,68.0,0,personal auto,four-door car,326.4
gw43195,oregon,f,college,25807.063,71210.0,214.0,1,personal auto,luxury,1027.2
mq54182,california,f,bachelor,4739.34663,49447.0,119.0,2,personal auto,four-door car,762.007253
wm39308,nevada,f,high school or below,15777.88702,98713.0,65.0,0,personal auto,two-door car,289.894293
dk20428,oregon,m,bachelor,2619.865336,26094.0,67.0,0,personal auto,two-door car,2.028223
iz67803,california,m,master,15445.66166,26990.0,65.0,1,personal auto,four-door car,297.864823
vw65351,washington,f,college,3355.528168,46644.0,84.0,0,personal auto,four-door car,150.688024
sy36127,california,f,master,2874.08847,33462.0,72.0,0,personal auto,four-door car,112.425578
la20890,oregon,f,bachelor,2846.645431,66880.0,71.0,0,personal auto,four-door car,340.8
ep48362,arizona,m,bachelor,23813.52051,88680.0,66.0,0,personal auto,four-door car,201.762191
bi46495,oregon,m,high school or below,5313.467001,0.0,79.0,0,corporate auto,two-door car,568.8
on91363,washington,m,college,3730.144916,75132.0,93.0,2,personal auto,four-door car,446.4
tg95261,california,f,master,9031.214859,0.0,122.0,0,personal auto,luxury,650.52179
ee59791,california,f,high school or below,5931.28489,56617.0,74.0,0,personal auto,four-door car,355.2
iv84135,california,f,college,9429.080755,75638.0,83.0,4,personal auto,four-door car,108.69654
te11374,california,f,bachelor,7613.049819,24982.0,109.0,4,personal auto,suv,523.2
gh12466,washington,f,high school or below,3313.014405,40348.0,83.0,0,personal auto,four-door car,26.314753
pc43437,arizona,f,college,7317.014254,24083.0,63.0,1,personal auto,four-door car,340.453606
pw98890,oregon,f,bachelor,2665.737082,81538.0,66.0,0,personal auto,four-door car,272.844816
bq94892,oregon,m,college,3230.576665,62873.0,81.0,0,personal auto,four-door car,207.75186
la33814,oregon,m,high school or below,17367.27409,66245.0,145.0,0,personal auto,suv,181.501424
wm87004,oregon,m,bachelor,10595.81033,0.0,102.0,0,personal auto,suv,734.4
ol28902,california,m,college,5999.380228,26303.0,165.0,0,personal auto,suv,956.589903
vw88885,california,f,bachelor,17006.00256,58620.0,71.0,0,corporate auto,four-door car,340.8
oq51004,california,m,bachelor,3954.344534,18375.0,103.0,0,personal auto,luxury,535.080276
gj88864,nevada,f,college,3589.372361,30944.0,92.0,0,personal auto,four-door car,348.216284
af69537,arizona,m,college,7329.777554,59630.0,185.0,0,personal auto,suv,888.0
tx11163,nevada,f,bachelor,7380.570445,53957.0,184.0,0,corporate auto,luxury,61.554272
fg43850,oregon,m,high school or below,7472.672033,44385.0,97.0,0,corporate auto,four-door car,465.6
wy37677,oregon,m,high school or below,8500.12195,0.0,119.0,0,personal auto,luxury,856.8
wy80801,california,f,high school or below,19357.79964,25561.0,163.0,0,corporate auto,suv,983.374985
gz90429,california,m,high school or below,5846.114411,85956.0,145.0,0,corporate auto,suv,510.381882
sx89429,arizona,f,high school or below,2231.786517,0.0,61.0,1,personal auto,four-door car,311.404068
fw35631,oregon,m,bachelor,4864.527356,37406.0,122.0,1,corporate auto,suv,1134.960471
hm20848,california,f,high school or below,4594.292826,39053.0,114.0,0,personal auto,luxury,547.2
fo49408,oregon,m,high school or below,3044.003202,24475.0,84.0,3,personal auto,four-door car,604.8
ll95376,washington,m,bachelor,2759.978287,92296.0,69.0,0,personal auto,two-door car,331.2
uk49045,oregon,m,high school or below,11064.29047,29484.0,93.0,0,personal auto,two-door car,446.4
ja24437,california,m,college,7555.828789,0.0,114.0,0,personal auto,four-door car,820.8
tu77462,oregon,m,college,7469.557777,48088.0,94.0,0,personal auto,two-door car,134.828318
da26490,california,m,bachelor,4920.492369,21366.0,63.0,0,personal auto,two-door car,302.4
jc37131,arizona,m,high school or below,12298.6863,17101.0,113.0,0,special auto,suv,542.4
yz77792,washington,f,high school or below,4630.363287,0.0,64.0,0,personal auto,four-door car,460.8
ah53588,california,m,college,4636.54647,26802.0,66.0,1,personal auto,two-door car,316.8
qv89018,arizona,m,high school or below,20467.71796,89025.0,64.0,0,personal auto,four-door car,179.251604
sy95534,california,m,bachelor,3792.829528,0.0,104.0,0,personal auto,suv,748.8
yt37186,california,f,bachelor,17526.17908,52228.0,220.0,1,personal auto,luxury,1056.0
dy81347,california,f,high school or below,4715.469193,0.0,126.0,0,personal auto,suv,694.357961
vh45074,california,m,college,2288.763508,0.0,63.0,0,personal auto,four-door car,344.288189
bf45697,california,m,college,5670.132321,83086.0,71.0,3,personal auto,four-door car,320.486645
ry27018,washington,m,high school or below,7228.993348,53214.0,91.0,0,personal auto,four-door car,436.8
yj16163,oregon,f,bachelor,11009.13049,51643.0,283.0,0,special auto,luxury,1358.4
qm61543,arizona,m,high school or below,5639.941974,73168.0,70.0,0,corporate auto,four-door car,425.800112
iu83998,washington,f,bachelor,11196.46002,0.0,298.0,0,personal auto,luxury,2145.6
ne29938,california,f,college,12840.43291,0.0,90.0,0,personal auto,two-door car,648.0
vq57815,oregon,m,doctor,8828.380695,61246.0,110.0,0,personal auto,luxury,159.239518
ff93355,washington,m,high school or below,13268.79263,32762.0,112.0,0,corporate auto,four-door car,326.926833
mg12206,california,m,college,3728.874098,0.0,69.0,5,personal auto,two-door car,496.8
ne55975,nevada,f,high school or below,4983.114656,0.0,133.0,0,personal auto,luxury,957.6
bx70848,washington,m,college,13727.79972,0.0,126.0,0,personal auto,suv,604.8
nj88229,california,f,college,8343.751519,64127.0,71.0,0,personal auto,four-door car,72.862304
qw31435,oregon,m,high school or below,7191.831645,0.0,67.0,0,personal auto,two-door car,308.54976
dj22229,washington,f,bachelor,13759.14695,16794.0,96.0,0,personal auto,four-door car,460.8
mb12747,nevada,m,bachelor,9788.713108,31930.0,83.0,0,personal auto,four-door car,37.699658
xq50187,oregon,m,master,3360.44356,74918.0,85.0,0,special auto,two-door car,314.246507
wu62992,oregon,m,bachelor,4887.794108,70742.0,124.0,1,personal auto,suv,211.68058
ce11667,oregon,m,college,7582.113842,64801.0,64.0,0,corporate auto,four-door car,268.471802
bp53979,california,f,bachelor,2516.213745,48829.0,64.0,1,personal auto,four-door car,300.312635
dm59806,california,f,doctor,3571.34607,73853.0,89.0,0,personal auto,four-door car,427.2
lj88616,arizona,m,high school or below,9868.595441,0.0,99.0,0,personal auto,four-door car,712.8
tc82133,oregon,m,bachelor,5375.821564,66844.0,70.0,4,personal auto,four-door car,104.977375
nw65065,california,f,high school or below,4254.620669,11904.0,61.0,2,corporate auto,two-door car,292.8
ls17120,california,m,bachelor,3061.052283,56869.0,83.0,3,personal auto,four-door car,269.406119
zn96843,arizona,m,bachelor,2414.770722,0.0,67.0,0,personal auto,two-door car,482.4
hz98935,washington,f,bachelor,4526.52638,0.0,68.0,1,personal auto,four-door car,326.4
wg51330,arizona,m,college,5635.294733,59325.0,71.0,0,corporate auto,four-door car,229.686659
ds58268,arizona,f,high school or below,8254.698836,0.0,115.0,0,corporate auto,luxury,552.0
sn27401,washington,m,high school or below,7320.070571,0.0,112.0,1,personal auto,two-door car,806.4
ai74959,california,m,high school or below,3933.813993,25927.0,103.0,0,personal auto,suv,674.973614
rc16862,arizona,m,college,2433.089468,0.0,71.0,0,corporate auto,four-door car,493.055291
yp19985,california,m,bachelor,5706.955563,83073.0,71.0,0,corporate auto,two-door car,10.42277
sy29553,oregon,f,high school or below,2585.444463,0.0,73.0,2,personal auto,four-door car,350.4
em78211,oregon,f,college,2659.70565,0.0,87.0,3,special auto,four-door car,420.041981
jl70559,arizona,f,college,5310.861767,0.0,72.0,1,personal auto,four-door car,345.6
is95117,arizona,f,college,5874.820212,35301.0,74.0,0,personal auto,four-door car,128.643975
yu66872,california,f,college,8579.889155,21829.0,111.0,0,personal auto,luxury,532.8
wk62379,washington,f,bachelor,8903.966435,15142.0,116.0,0,personal auto,two-door car,792.609747
wr85740,arizona,f,doctor,8149.769437,0.0,71.0,0,corporate auto,two-door car,340.8
yy58769,arizona,m,bachelor,2570.162134,58498.0,67.0,3,personal auto,four-door car,321.6
yk83904,nevada,f,high school or below,2585.56013,64592.0,64.0,0,personal auto,four-door car,307.2
ie36279,california,m,bachelor,2844.849804,80306.0,71.0,0,corporate auto,two-door car,340.8
ft61724,california,f,bachelor,4633.550875,29105.0,117.0,0,personal auto,luxury,272.612048
yv63603,arizona,f,bachelor,6678.899026,47137.0,84.0,0,personal auto,four-door car,161.640052
pt52001,nevada,f,college,2222.865016,0.0,62.0,0,corporate auto,two-door car,446.4
fm83188,washington,f,doctor,8522.759016,0.0,109.0,0,corporate auto,suv,723.786607
rn96985,oregon,f,high school or below,25082.1789,0.0,100.0,0,personal auto,suv,1000.850446
oa59724,washington,f,college,3479.260311,66711.0,86.0,0,corporate auto,two-door car,366.381387
ly83340,oregon,f,high school or below,7851.582939,48943.0,65.0,0,corporate auto,two-door car,105.068788
ax99820,arizona,f,bachelor,2509.508795,0.0,71.0,0,personal auto,four-door car,511.2
mh13358,oregon,f,high school or below,2854.26694,34807.0,73.0,0,personal auto,two-door car,472.043042
uq51981,oregon,f,high school or below,8879.790017,52583.0,113.0,0,personal auto,suv,528.20086
jq60102,california,m,master,8392.618913,0.0,111.0,0,corporate auto,luxury,617.396701
cb52667,washington,f,high school or below,5279.478432,92589.0,65.0,0,personal auto,four-door car,312.0
yp29527,oregon,m,college,8272.330818,96689.0,103.0,0,personal auto,luxury,37.802583
gw89349,nevada,m,high school or below,7662.429999,0.0,73.0,0,corporate auto,four-door car,525.6
zd72991,california,m,doctor,4899.977003,76594.0,122.0,1,personal auto,suv,832.453791
cs51928,arizona,m,bachelor,4508.862933,83777.0,112.0,0,personal auto,luxury,377.354191
ij18945,washington,f,college,3094.320237,20954.0,78.0,0,special auto,four-door car,534.501024
ef21564,nevada,m,master,4383.150505,84491.0,110.0,0,personal auto,suv,156.282093
ay35539,oregon,f,bachelor,2530.705137,89451.0,63.0,0,personal auto,four-door car,61.769564
xj96507,arizona,f,high school or below,8291.659086,85132.0,106.0,5,personal auto,suv,501.134524
zg95780,arizona,m,college,8164.31273,11193.0,114.0,0,personal auto,suv,820.8
gi55977,oregon,f,high school or below,2337.35182,28806.0,61.0,0,personal auto,four-door car,292.8
bv63942,washington,m,high school or below,9002.409572,76184.0,111.0,0,corporate auto,two-door car,532.8
pf81183,california,m,college,5389.499465,66429.0,136.0,0,corporate auto,luxury,57.712985
hv16877,california,f,high school or below,2721.585434,43278.0,68.0,0,personal auto,four-door car,326.4
xo92596,california,m,college,6005.847375,13528.0,86.0,0,personal auto,four-door car,412.8
iq73438,california,m,bachelor,5555.830205,74015.0,72.0,0,personal auto,four-door car,471.443077
fy74419,nevada,f,bachelor,5470.060561,54507.0,138.0,0,personal auto,suv,702.990032
jq30166,oregon,f,master,15610.90065,0.0,119.0,5,personal auto,four-door car,439.352186
wc22220,arizona,m,college,2616.613903,72302.0,66.0,0,corporate auto,two-door car,316.8
ot66924,oregon,f,bachelor,4681.52815,14606.0,72.0,5,personal auto,four-door car,439.772868
uc21019,arizona,m,master,4890.1093,0.0,68.0,0,personal auto,four-door car,689.282166
yw88487,arizona,f,college,7457.344801,43406.0,187.0,0,personal auto,luxury,897.6
ca45756,arizona,f,master,22185.88045,60426.0,62.0,0,corporate auto,two-door car,133.284622
jy42899,california,m,bachelor,5305.087084,26334.0,71.0,0,personal auto,two-door car,340.8
km72781,washington,f,college,9470.624437,22514.0,80.0,0,personal auto,four-door car,203.469143
dv62119,arizona,f,doctor,3548.148767,76114.0,88.0,0,personal auto,four-door car,422.4
do12179,oregon,m,bachelor,2451.535793,48791.0,62.0,3,personal auto,two-door car,69.794432
er20865,california,m,bachelor,8652.652451,65605.0,111.0,2,corporate auto,two-door car,377.781658
yq95507,oregon,f,high school or below,2535.223185,69259.0,63.0,0,personal auto,four-door car,362.51794
vw65691,oregon,f,high school or below,4314.065657,0.0,64.0,1,personal auto,four-door car,460.8
ll55780,oregon,f,high school or below,6731.050335,0.0,62.0,0,corporate auto,four-door car,446.4
wk29536,oregon,f,bachelor,7779.588181,90969.0,65.0,0,personal auto,four-door car,190.751345
ux87980,nevada,m,college,2805.286098,50180.0,77.0,3,personal auto,four-door car,360.499075
tj68521,washington,m,master,5251.968272,41991.0,67.0,0,personal auto,four-door car,88.382536
rj57593,arizona,m,bachelor,8044.872393,71391.0,67.0,0,personal auto,four-door car,284.000172
yi83073,california,f,high school or below,4250.282624,0.0,61.0,1,personal auto,four-door car,292.8
qq18636,arizona,f,college,13891.67638,70725.0,70.0,0,corporate auto,four-door car,336.0
jv23769,oregon,f,master,2725.356404,36650.0,69.0,1,personal auto,four-door car,56.60333
pa19547,washington,m,high school or below,4779.893422,54194.0,119.0,1,personal auto,suv,112.268583
ih91478,oregon,f,bachelor,4808.957973,23554.0,61.0,0,personal auto,two-door car,142.459804
or78439,arizona,m,college,8658.863813,62464.0,109.0,0,corporate auto,luxury,400.181882
cw15758,oregon,f,college,9215.541928,71888.0,115.0,0,personal auto,suv,552.0
ry26286,california,m,college,5068.426258,80846.0,65.0,0,corporate auto,four-door car,227.183015
yp71513,oregon,m,college,4879.713235,0.0,67.0,0,personal auto,four-door car,321.6
cj51511,arizona,f,high school or below,13466.92071,11432.0,119.0,0,corporate auto,suv,571.2
gq11852,oregon,f,college,13306.18451,39017.0,170.0,2,personal auto,suv,592.85751
tc29250,california,m,bachelor,7350.182328,0.0,108.0,0,personal auto,luxury,777.6
hx63408,arizona,m,bachelor,4822.436037,73769.0,61.0,0,corporate auto,four-door car,121.654567
lj15849,arizona,f,master,3554.845264,58557.0,88.0,0,personal auto,four-door car,55.510526
nc40609,nevada,m,college,3135.579831,0.0,91.0,0,corporate auto,four-door car,707.264022
jz23377,oregon,f,college,57520.50151,48367.0,161.0,0,personal auto,suv,772.8
tb17648,arizona,m,college,2515.411468,39718.0,65.0,2,personal auto,four-door car,366.531664
op68330,oregon,f,college,7247.495684,0.0,96.0,1,personal auto,four-door car,460.8
go53814,oregon,f,high school or below,4878.950256,43358.0,61.0,0,corporate auto,two-door car,400.294938
vw11431,california,f,bachelor,2971.919417,83873.0,76.0,1,personal auto,two-door car,218.374041
fg96614,california,f,doctor,11302.60169,22361.0,95.0,0,personal auto,four-door car,530.667993
kq98040,california,f,bachelor,7996.597066,70061.0,99.0,0,corporate auto,four-door car,699.517349
dp23630,california,m,high school or below,7411.813055,0.0,73.0,0,personal auto,four-door car,525.6
no31089,arizona,f,bachelor,3179.474225,65742.0,79.0,0,personal auto,four-door car,277.360797
tu15769,washington,m,bachelor,22658.53652,23665.0,67.0,0,personal auto,four-door car,404.817249
da20791,california,m,college,3774.861293,66457.0,95.0,0,personal auto,four-door car,456.0
ae89300,arizona,f,bachelor,8224.770259,82634.0,104.0,0,personal auto,suv,324.097433
ue13511,oregon,f,high school or below,2563.582441,0.0,69.0,0,corporate auto,four-door car,331.2
ms46793,oregon,m,college,2393.915369,0.0,70.0,0,personal auto,four-door car,425.266308
me22430,nevada,m,bachelor,2453.570794,29735.0,69.0,0,personal auto,four-door car,331.2
jz28710,california,m,college,5143.878519,61417.0,65.0,0,personal auto,two-door car,206.01822
hp80279,oregon,f,high school or below,7378.510732,0.0,105.0,0,personal auto,suv,756.0
eh22538,california,m,high school or below,2574.198807,43846.0,65.0,1,personal auto,four-door car,125.52458
jp87331,arizona,m,high school or below,22315.05787,0.0,67.0,0,personal auto,four-door car,482.4
va89684,nevada,f,college,2430.484375,33775.0,61.0,0,personal auto,two-door car,292.8
xs68865,oregon,m,college,6160.999344,96988.0,77.0,0,personal auto,two-door car,369.6
iz13533,arizona,m,bachelor,7912.132168,0.0,114.0,0,personal auto,two-door car,820.8
jb47784,oregon,f,doctor,5534.821886,81945.0,68.0,0,personal auto,four-door car,47.451832
lt79371,arizona,f,bachelor,2382.672856,0.0,65.0,0,personal auto,four-door car,27.031485
de78840,nevada,f,bachelor,6991.248087,19019.0,186.0,0,personal auto,luxury,1003.050834
pu25554,oregon,f,bachelor,2885.328202,62579.0,72.0,0,personal auto,four-door car,326.242099
zi47098,california,f,high school or below,41787.90343,46587.0,119.0,2,personal auto,four-door car,571.2
cn53343,arizona,f,bachelor,2848.564466,0.0,81.0,0,personal auto,four-door car,583.2
in18876,arizona,f,bachelor,8123.023295,0.0,78.0,0,special auto,four-door car,561.6
fv38119,washington,m,high school or below,9661.103686,0.0,135.0,0,corporate auto,suv,648.0
yd89516,california,m,high school or below,4488.134688,0.0,66.0,0,corporate auto,four-door car,758.460636
bn89470,california,m,college,4561.27302,29327.0,118.0,0,special auto,four-door car,627.898468
vz64716,oregon,m,master,11546.17372,81081.0,96.0,1,corporate auto,four-door car,206.211089
fu17577,oregon,f,high school or below,3788.814643,0.0,106.0,0,personal auto,suv,763.2
qy37300,nevada,m,master,13502.63148,57222.0,112.0,1,personal auto,luxury,297.187468
ui84849,arizona,m,college,8563.968057,91147.0,107.0,0,personal auto,luxury,50.473675
mn81810,california,f,high school or below,2913.475108,76638.0,73.0,1,personal auto,four-door car,435.189747
xn42396,california,m,bachelor,7540.584824,29697.0,64.0,0,personal auto,four-door car,147.128736
vz13840,arizona,m,high school or below,6950.532764,0.0,61.0,0,corporate auto,four-door car,301.402778
ni27358,arizona,f,college,7255.137772,67352.0,181.0,1,personal auto,luxury,560.947563
lo39834,oregon,f,bachelor,4334.064096,23904.0,123.0,3,personal auto,suv,590.4
wx18073,arizona,m,bachelor,6307.497245,0.0,88.0,2,personal auto,four-door car,422.4
pg27422,california,f,bachelor,5904.847853,89953.0,74.0,0,corporate auto,four-door car,274.165887
ax56708,california,m,high school or below,4794.481412,20862.0,68.0,0,personal auto,four-door car,326.4
ji80257,nevada,f,college,9180.154161,47663.0,114.0,0,personal auto,luxury,103.702555
ek95340,washington,m,master,8355.512557,49564.0,105.0,0,corporate auto,four-door car,661.608936
fs67856,california,m,college,13869.92705,28432.0,118.0,0,personal auto,suv,612.300581
jx27737,california,m,college,13452.1928,32356.0,117.0,2,personal auto,two-door car,428.490681
sy81273,oregon,m,high school or below,16798.85832,55269.0,71.0,0,personal auto,two-door car,340.8
fz16327,california,f,college,8273.111579,0.0,116.0,0,personal auto,four-door car,509.513764
xc26395,oregon,m,high school or below,7408.836056,76771.0,95.0,1,personal auto,two-door car,91.674854
ha72996,nevada,f,college,4349.30875,75648.0,108.0,0,corporate auto,suv,112.660916
wp51328,oregon,m,doctor,4744.967459,20698.0,68.0,5,personal auto,two-door car,248.422693
cp47989,oregon,f,high school or below,17208.05642,29734.0,63.0,0,corporate auto,two-door car,649.83837
jo75190,nevada,m,bachelor,8673.587,43963.0,110.0,0,corporate auto,suv,528.0
ap47670,california,m,high school or below,2497.910013,29465.0,63.0,0,personal auto,four-door car,302.4
bt61680,arizona,f,high school or below,32069.87526,24851.0,103.0,0,personal auto,suv,604.289428
kx23022,arizona,m,bachelor,3312.253233,0.0,107.0,2,corporate auto,suv,770.4
kb20508,california,m,college,10828.37347,11033.0,97.0,0,special auto,two-door car,511.120131
hu89665,oregon,f,college,12128.36511,20495.0,61.0,0,personal auto,four-door car,292.8
hd12841,california,f,master,5505.687336,95766.0,68.0,0,personal auto,four-door car,162.557048
ar63478,california,m,college,6715.342541,0.0,65.0,0,corporate auto,four-door car,655.073317
up90711,oregon,f,bachelor,2836.677371,61029.0,72.0,0,personal auto,two-door car,114.429816
ek58626,oregon,m,bachelor,3561.595726,0.0,105.0,0,personal auto,suv,504.0
ca14631,california,m,high school or below,6552.399896,56188.0,86.0,3,special auto,four-door car,175.972039
au98438,arizona,f,bachelor,2833.980142,94812.0,70.0,0,personal auto,four-door car,121.025058
rd96782,california,f,bachelor,5099.513147,0.0,70.0,1,personal auto,two-door car,336.0
sy66568,oregon,f,college,9415.527031,55338.0,116.0,0,corporate auto,two-door car,556.8
we52979,california,f,high school or below,3644.833554,82477.0,90.0,0,personal auto,two-door car,432.0
pl56477,oregon,f,college,2927.516316,20852.0,73.0,0,personal auto,two-door car,383.789732
xk20264,washington,f,high school or below,9227.945752,0.0,82.0,0,personal auto,two-door car,296.637382
dv57698,oregon,f,doctor,3148.42409,0.0,83.0,0,personal auto,two-door car,544.217453
rd53171,arizona,f,college,3063.114594,0.0,95.0,2,personal auto,two-door car,456.0
pk23339,arizona,f,high school or below,3417.953745,72460.0,85.0,0,personal auto,four-door car,370.018108
ga74551,oregon,m,bachelor,23594.6802,76358.0,66.0,0,personal auto,four-door car,86.461582
bs26376,california,m,high school or below,7519.133631,96306.0,95.0,1,corporate auto,four-door car,185.355353
ww74234,arizona,f,college,3969.433177,49544.0,101.0,0,personal auto,suv,0.769185
ua26783,oregon,m,high school or below,4874.0748,0.0,68.0,0,personal auto,two-door car,609.323227
dv38369,california,m,bachelor,7261.615478,0.0,101.0,0,corporate auto,suv,727.2
zm42260,arizona,m,college,8005.964669,63357.0,101.0,0,personal auto,suv,565.508572
eb34435,arizona,m,high school or below,2996.139865,0.0,82.0,0,corporate auto,four-door car,590.4
qy41527,arizona,m,bachelor,4175.945269,23060.0,109.0,3,corporate auto,suv,731.350857
wg61503,arizona,m,master,8491.858636,27781.0,71.0,0,corporate auto,four-door car,340.8
ty59969,arizona,m,college,2402.172069,43246.0,62.0,0,personal auto,four-door car,52.435202
do20853,oregon,f,high school or below,4775.475851,14254.0,124.0,0,corporate auto,suv,595.2
cd14267,nevada,m,college,4235.183999,60334.0,106.0,0,corporate auto,four-door car,111.164747
wl40338,california,f,bachelor,5107.163002,35625.0,65.0,1,personal auto,four-door car,288.572108
gv75215,oregon,f,bachelor,13167.60512,54684.0,111.0,3,corporate auto,luxury,302.137164
cn91738,oregon,m,bachelor,2520.301352,56228.0,65.0,0,personal auto,two-door car,276.877348
ur36951,oregon,m,bachelor,5189.289582,82166.0,134.0,3,personal auto,suv,643.2
ju87932,oregon,f,bachelor,2893.313855,30406.0,73.0,0,personal auto,four-door car,350.4
ir50609,arizona,m,bachelor,3985.547406,75007.0,101.0,0,personal auto,four-door car,668.773522
vi18029,washington,m,bachelor,2414.638309,79271.0,62.0,4,personal auto,four-door car,232.753598
cc46747,arizona,f,high school or below,18688.30707,0.0,76.0,0,personal auto,four-door car,364.8
zk58906,california,m,bachelor,16589.71237,59414.0,140.0,0,personal auto,suv,65.022258
sq70457,oregon,m,bachelor,23331.829,44719.0,66.0,0,personal auto,four-door car,316.8
za37110,nevada,f,bachelor,4699.034135,0.0,129.0,2,personal auto,suv,291.744204
hh23204,california,f,doctor,2395.57,21986.0,63.0,0,personal auto,two-door car,333.696228
ie29890,oregon,f,high school or below,8861.482361,58480.0,113.0,1,personal auto,suv,542.4
vo25412,washington,f,master,8936.823519,37520.0,74.0,0,special auto,two-door car,163.576763
me37051,california,m,bachelor,7340.496505,50165.0,62.0,0,personal auto,two-door car,129.999138
dl17162,arizona,m,college,26453.93512,42961.0,83.0,0,personal auto,four-door car,398.4
dd27563,oregon,m,high school or below,6342.473656,86687.0,80.0,0,personal auto,four-door car,274.159702
ia27050,oregon,f,high school or below,6560.815344,0.0,93.0,0,personal auto,four-door car,41.617367
uq63751,arizona,f,bachelor,6687.593818,23772.0,83.0,0,personal auto,four-door car,100.652984
mv26494,california,m,college,3681.253483,0.0,98.0,0,personal auto,four-door car,354.939043
en89709,arizona,f,doctor,2555.535685,18241.0,65.0,0,personal auto,two-door car,151.991098
qn68814,oregon,m,bachelor,2373.795076,0.0,65.0,0,corporate auto,two-door car,312.0
ne70831,california,f,high school or below,2732.652352,86650.0,69.0,2,personal auto,two-door car,323.865715
fv72595,arizona,m,bachelor,4703.71858,0.0,137.0,0,personal auto,suv,1554.089517
vz81004,oregon,f,master,19259.84494,35973.0,159.0,0,personal auto,luxury,763.2
vm89271,arizona,m,high school or below,3844.569357,26262.0,97.0,0,personal auto,four-door car,465.6
cl97519,california,m,college,4683.443348,25187.0,121.0,0,personal auto,suv,580.8
rn71166,oregon,f,high school or below,5174.081063,88081.0,64.0,0,personal auto,four-door car,82.483947
pj86059,oregon,f,high school or below,2655.864573,83460.0,66.0,0,corporate auto,four-door car,443.44552
bp34620,california,f,bachelor,5615.073509,19949.0,74.0,1,corporate auto,four-door car,355.2
hi58196,oregon,m,college,3161.171297,0.0,92.0,0,personal auto,two-door car,897.379535
oz58610,arizona,m,high school or below,7575.647415,0.0,109.0,0,personal auto,suv,784.8
wc34456,california,f,bachelor,3985.398895,77739.0,98.0,0,personal auto,four-door car,428.563553
fc15606,oregon,f,college,9706.375239,23649.0,122.0,0,personal auto,suv,535.606632
um99946,arizona,m,college,7736.654606,68980.0,98.0,0,personal auto,four-door car,464.038577
jg94795,oregon,f,master,4179.488639,60010.0,103.0,0,special auto,four-door car,494.4
gd93408,california,f,bachelor,5759.011129,30968.0,74.0,1,corporate auto,two-door car,45.425684
qo12561,california,m,high school or below,4165.396419,0.0,116.0,0,personal auto,four-door car,556.8
vi12822,washington,f,high school or below,2632.552578,99841.0,65.0,0,personal auto,four-door car,312.0
ct84535,california,m,college,3885.456401,0.0,105.0,0,personal auto,four-door car,504.0
nt36519,california,m,college,8161.944953,32967.0,105.0,1,personal auto,suv,504.0
wt86597,oregon,m,master,13024.13012,0.0,125.0,0,personal auto,suv,900.0
zj27465,california,f,college,14137.23043,31794.0,119.0,0,personal auto,suv,571.2
qf75939,washington,f,high school or below,3700.678124,36710.0,94.0,0,personal auto,four-door car,676.8
mc73302,oregon,f,bachelor,5511.033294,36267.0,69.0,0,personal auto,four-door car,263.454037
we21182,oregon,m,high school or below,5169.49937,12430.0,73.0,0,personal auto,four-door car,350.4
td90906,oregon,f,high school or below,6044.020038,93715.0,74.0,0,personal auto,four-door car,532.8
wb66665,nevada,f,college,4349.30875,75648.0,108.0,0,corporate auto,suv,112.660916
zp26168,washington,f,college,9688.129179,24584.0,66.0,0,corporate auto,four-door car,279.706613
zg56744,california,m,bachelor,5528.212807,36088.0,72.0,0,personal auto,four-door car,345.6
bo81145,arizona,m,bachelor,7894.5005,21723.0,104.0,0,personal auto,suv,748.8
bq28323,oregon,f,high school or below,5935.815989,63833.0,73.0,0,personal auto,four-door car,199.460544
wd38315,california,m,college,4520.339327,0.0,61.0,0,personal auto,four-door car,304.156333
is73434,arizona,f,bachelor,3219.146148,45892.0,81.0,0,corporate auto,four-door car,388.8
vo94890,oregon,m,college,5935.572179,90263.0,74.0,0,personal auto,two-door car,355.2
zh43085,washington,m,high school or below,2322.572562,0.0,63.0,0,corporate auto,four-door car,453.6
hq10502,oregon,m,bachelor,11692.00974,40548.0,98.0,0,personal auto,four-door car,470.4
sp46702,oregon,m,college,10175.2441,0.0,99.0,0,corporate auto,two-door car,831.340966
jb60515,washington,m,high school or below,2513.971107,50450.0,63.0,0,personal auto,four-door car,302.4
tk49887,california,f,college,2897.779107,0.0,85.0,0,personal auto,two-door car,612.0
eg16813,arizona,f,college,5515.246935,75963.0,69.0,0,corporate auto,two-door car,102.147789
si13406,arizona,f,high school or below,3469.836978,32714.0,87.0,0,personal auto,four-door car,513.041633
wc11272,oregon,f,bachelor,6907.554242,42790.0,87.0,0,personal auto,two-door car,290.057111
tu27563,oregon,f,bachelor,3647.24611,20694.0,94.0,1,personal auto,two-door car,451.2
il72707,california,f,bachelor,3265.156348,25820.0,82.0,0,personal auto,four-door car,393.6
dz62350,california,m,high school or below,2514.282096,24744.0,65.0,0,personal auto,four-door car,312.0
vv82891,washington,f,bachelor,4462.997006,0.0,73.0,3,personal auto,two-door car,350.4
uq41461,washington,f,bachelor,4570.673702,27538.0,63.0,4,personal auto,four-door car,285.843893
ni58226,oregon,f,high school or below,2752.65503,81280.0,68.0,0,personal auto,four-door car,308.349562
va78645,california,m,college,2188.655055,0.0,67.0,1,personal auto,four-door car,321.6
uy61301,nevada,m,bachelor,2710.149379,0.0,73.0,0,personal auto,four-door car,350.4
xc25965,washington,f,bachelor,14754.35923,26486.0,128.0,1,personal auto,suv,614.4
eb93628,oregon,f,high school or below,10759.40004,0.0,97.0,0,personal auto,two-door car,465.6
pk35830,oregon,m,bachelor,12357.11512,0.0,182.0,0,personal auto,luxury,1953.87972
ky98596,arizona,m,bachelor,5033.390798,68331.0,63.0,0,personal auto,four-door car,302.4
ci19819,arizona,m,high school or below,2370.618948,0.0,71.0,1,personal auto,two-door car,511.2
tn82637,nevada,m,college,11236.31135,21636.0,64.0,5,personal auto,two-door car,213.587367
fa90739,oregon,m,high school or below,12476.64759,0.0,121.0,0,corporate auto,suv,871.2
fd62224,oregon,f,college,14641.51818,0.0,133.0,0,personal auto,suv,1386.870718
ke45653,california,f,bachelor,4731.844073,0.0,64.0,0,personal auto,four-door car,307.2
fc10193,washington,f,college,10620.49148,35601.0,69.0,0,personal auto,four-door car,249.803437
do48835,oregon,m,high school or below,13478.8,0.0,198.0,1,corporate auto,luxury,1425.6
vk44934,california,m,college,8873.201307,28558.0,119.0,4,personal auto,suv,797.558033
xb89264,nevada,f,high school or below,5260.921627,60101.0,66.0,0,corporate auto,two-door car,1.332349
xl49151,arizona,m,college,2792.009458,22426.0,76.0,1,corporate auto,four-door car,528.391284
fg42635,oregon,m,college,10018.66117,30720.0,139.0,4,personal auto,suv,778.463303
fe12805,oregon,f,bachelor,7180.270931,34161.0,186.0,3,personal auto,suv,892.8
gt17701,oregon,f,bachelor,3012.039703,42987.0,77.0,0,personal auto,four-door car,128.490137
ch76379,oregon,m,bachelor,4236.814353,0.0,61.0,0,personal auto,four-door car,292.8
qt77453,arizona,f,high school or below,5283.362834,80928.0,132.0,0,corporate auto,suv,538.545218
bs90503,washington,f,bachelor,5395.091602,86640.0,67.0,0,personal auto,four-door car,65.457366
mx93376,california,f,college,6913.566525,26714.0,64.0,1,personal auto,two-door car,307.2
kt54608,arizona,m,bachelor,2619.337376,78618.0,66.0,0,corporate auto,two-door car,225.578841
cy18875,oregon,f,high school or below,8390.122077,0.0,78.0,0,personal auto,four-door car,732.340362
yt74573,california,m,college,13727.79972,0.0,126.0,0,personal auto,suv,604.8
wl46640,nevada,m,college,4482.015107,62977.0,115.0,0,corporate auto,suv,552.0
cy49953,oregon,f,college,2827.55957,0.0,79.0,0,special auto,four-door car,568.8
fd72269,california,f,high school or below,5584.961718,19724.0,72.0,0,personal auto,four-door car,345.6
re29039,california,f,high school or below,7568.85152,27558.0,65.0,0,personal auto,four-door car,312.0
ta35356,california,f,college,9664.330983,86054.0,239.0,0,personal auto,luxury,115.166422
hs88081,california,f,high school or below,6480.681366,42846.0,81.0,0,corporate auto,four-door car,286.142521
sm52948,nevada,f,bachelor,8707.619537,57107.0,110.0,3,personal auto,suv,528.0
zl30083,oregon,m,high school or below,9048.983447,0.0,119.0,0,personal auto,luxury,571.2
mp22051,washington,m,college,2615.852084,54314.0,66.0,0,personal auto,four-door car,282.770894
of38237,california,f,doctor,4878.829713,29950.0,61.0,0,personal auto,two-door car,292.8
kl27677,nevada,f,college,10793.75704,24195.0,90.0,0,personal auto,two-door car,360.269404
nx58648,oregon,f,high school or below,5528.080912,0.0,73.0,0,personal auto,four-door car,388.819919
wp19664,arizona,m,college,4605.87485,47481.0,116.0,0,personal auto,suv,556.8
lb83807,oregon,m,bachelor,8343.412804,63354.0,106.0,0,personal auto,two-door car,508.8
el44544,oregon,f,high school or below,13009.24125,57591.0,66.0,0,corporate auto,four-door car,316.8
st99840,nevada,f,bachelor,7486.019078,0.0,71.0,0,corporate auto,four-door car,340.8
zs15062,oregon,m,master,9547.71004,34919.0,82.0,1,personal auto,four-door car,277.871312
rj68578,oregon,m,high school or below,8110.704417,76879.0,101.0,0,corporate auto,luxury,487.102627
ae74442,california,f,bachelor,7379.456823,61584.0,61.0,0,corporate auto,four-door car,205.294927
tf80571,california,m,high school or below,6612.617859,28792.0,185.0,3,corporate auto,luxury,1166.603776
yh31618,oregon,f,bachelor,7452.233634,0.0,105.0,0,corporate auto,two-door car,504.0
hz39407,washington,m,master,2686.535218,26713.0,71.0,0,personal auto,four-door car,142.695319
gx38439,california,f,college,4470.181084,0.0,129.0,0,personal auto,suv,928.8
ff65294,oregon,m,high school or below,10348.01348,34244.0,87.0,2,personal auto,four-door car,417.6
gc40999,oregon,m,college,11790.49617,25251.0,66.0,0,personal auto,four-door car,316.8
ba87048,washington,m,bachelor,4566.123651,0.0,68.0,0,personal auto,four-door car,326.4
de23903,oregon,f,bachelor,5905.971667,59848.0,73.0,1,personal auto,two-door car,131.614733
up30859,nevada,f,college,7492.055949,39815.0,64.0,0,special auto,four-door car,91.391245
py17715,california,f,master,3427.154407,58840.0,86.0,0,corporate auto,two-door car,73.27252
nu22358,washington,f,master,5181.620895,97131.0,64.0,0,special auto,four-door car,307.2
br77413,arizona,m,college,4686.469674,58089.0,118.0,0,personal auto,suv,566.4
fi17798,california,m,doctor,2710.12066,0.0,71.0,0,personal auto,four-door car,340.8
kn32615,arizona,f,college,4313.34397,0.0,126.0,2,personal auto,suv,656.57161
eb86696,california,m,bachelor,4755.36505,21808.0,119.0,0,special auto,suv,571.2
yb14965,arizona,m,college,36516.0456,89771.0,114.0,0,personal auto,suv,432.409662
zd42550,nevada,f,master,7792.067056,36776.0,65.0,0,corporate auto,four-door car,240.186527
fi61655,arizona,m,bachelor,2549.998419,31213.0,65.0,0,corporate auto,four-door car,312.0
pc30692,oregon,m,bachelor,7521.282545,0.0,115.0,0,personal auto,suv,987.293841
ek71077,california,f,bachelor,11510.36033,0.0,61.0,0,corporate auto,four-door car,439.2
ed91989,arizona,m,college,7999.251628,0.0,107.0,0,personal auto,suv,513.6
jh58573,california,m,college,7927.182997,32555.0,68.0,0,personal auto,two-door car,86.912677
yp75411,arizona,m,college,21123.1166,0.0,69.0,0,personal auto,two-door car,496.8
fv33188,washington,m,bachelor,2453.570794,29735.0,69.0,0,personal auto,four-door car,331.2
zq94561,washington,m,college,2981.549197,80590.0,74.0,0,corporate auto,four-door car,97.928632
jz16164,oregon,f,bachelor,5110.755667,22565.0,132.0,0,personal auto,suv,633.6
mu63232,arizona,m,master,5351.853544,54817.0,137.0,0,personal auto,suv,209.504391
cg13512,oregon,m,college,9015.819465,0.0,62.0,0,personal auto,two-door car,42.642554
zr86524,oregon,f,college,5903.612641,55393.0,74.0,1,corporate auto,four-door car,2.173552
ug38549,california,f,high school or below,8852.734284,0.0,83.0,0,personal auto,four-door car,597.6
hj37943,california,f,bachelor,13333.38849,75634.0,110.0,0,personal auto,two-door car,432.805382
qa72881,oregon,m,college,8658.863813,62464.0,109.0,0,personal auto,luxury,400.181882
bl54814,arizona,m,college,4871.15057,72648.0,61.0,0,personal auto,four-door car,120.850664
mg72449,nevada,f,bachelor,5279.198664,77167.0,66.0,0,personal auto,four-door car,137.086695
vr66049,washington,m,high school or below,6689.022728,56980.0,84.0,0,corporate auto,two-door car,599.000883
kc17606,california,f,college,5244.550942,27444.0,66.0,0,personal auto,four-door car,313.931213
lb12820,oregon,m,high school or below,6688.857444,57289.0,86.0,0,corporate auto,two-door car,562.224942
zh30674,oregon,m,bachelor,8408.308374,84091.0,105.0,0,personal auto,four-door car,380.560266
hx96638,arizona,m,college,2052.948967,0.0,67.0,2,personal auto,four-door car,806.180375
tt20057,oregon,m,college,10592.58753,59590.0,136.0,0,personal auto,suv,460.266881
am26598,arizona,f,college,2913.493264,89672.0,72.0,0,personal auto,four-door car,309.568636
ay73718,california,f,bachelor,5243.446345,96535.0,66.0,0,personal auto,four-door car,271.074379
el11108,oregon,f,doctor,14191.59699,25575.0,117.0,0,personal auto,suv,561.6
fa15811,nevada,f,college,9426.384787,38910.0,78.0,0,personal auto,two-door car,20.209679
ba51898,arizona,m,bachelor,4521.190551,39426.0,114.0,0,special auto,suv,412.884282
pp30874,california,f,high school or below,3579.023825,28304.0,91.0,2,personal auto,four-door car,655.2
mn74944,arizona,m,college,6285.15476,52210.0,80.0,0,personal auto,four-door car,384.0
fk94501,nevada,f,bachelor,7844.252972,0.0,102.0,0,personal auto,suv,273.945412
hz84382,oregon,m,master,8283.843281,94851.0,104.0,0,personal auto,four-door car,190.998822
fa89548,arizona,m,bachelor,2436.397813,0.0,67.0,0,personal auto,four-door car,399.0564
gd29440,washington,m,bachelor,2538.62632,18608.0,71.0,0,personal auto,four-door car,340.8
de21910,oregon,f,college,7304.395148,41025.0,92.0,0,personal auto,four-door car,20.374393
ch50584,oregon,m,high school or below,32474.76977,71449.0,102.0,0,personal auto,suv,734.4
jv97593,california,f,bachelor,6674.455913,92653.0,83.0,1,personal auto,four-door car,456.519419
nd68993,nevada,f,bachelor,33473.34946,33190.0,106.0,0,personal auto,suv,508.8
yt46746,oregon,f,college,6459.640942,24290.0,82.0,0,personal auto,four-door car,393.6
rf94484,oregon,f,college,4605.036646,22571.0,63.0,0,corporate auto,four-door car,302.4
no19664,california,f,high school or below,5686.743252,26409.0,71.0,0,personal auto,four-door car,475.166267
ba97018,arizona,m,high school or below,6608.165971,21616.0,93.0,0,personal auto,two-door car,944.854655
hy16703,oregon,m,college,7158.530736,36463.0,92.0,0,personal auto,four-door car,441.6
ma15172,california,f,bachelor,10179.71704,14290.0,271.0,0,personal auto,luxury,1300.8
wo81184,california,m,bachelor,5052.381573,34645.0,69.0,3,special auto,two-door car,220.446667
fx39582,washington,m,bachelor,5201.357604,67001.0,131.0,0,personal auto,suv,463.425687
zg23976,california,f,bachelor,8632.783576,96200.0,107.0,0,personal auto,two-door car,513.6
we25756,arizona,m,high school or below,7350.930502,69241.0,93.0,0,personal auto,four-door car,111.250449
ap59947,california,f,bachelor,7690.159642,55843.0,64.0,0,corporate auto,two-door car,307.2
jg31799,california,f,bachelor,8259.1108,20305.0,76.0,1,personal auto,two-door car,496.477418
xy28151,oregon,f,bachelor,2317.282049,0.0,68.0,0,corporate auto,two-door car,489.6
zb72138,oregon,m,bachelor,8929.611119,44329.0,112.0,0,personal auto,suv,537.6
op52966,arizona,m,high school or below,4854.362069,44279.0,61.0,0,personal auto,two-door car,292.8
tg67664,california,f,college,2659.70565,0.0,87.0,3,personal auto,four-door car,420.041981
dh14632,oregon,f,college,8750.222052,34695.0,113.0,0,personal auto,suv,100.323765
qn26812,arizona,m,high school or below,5054.780543,79297.0,64.0,0,personal auto,four-door car,72.760316
pd97837,arizona,m,bachelor,2199.516645,0.0,62.0,0,corporate auto,four-door car,297.6
lx67597,nevada,m,bachelor,5715.312991,84183.0,72.0,0,personal auto,four-door car,255.565349
vh35998,california,m,doctor,9566.839884,53375.0,79.0,0,personal auto,four-door car,127.322656
ue54045,california,f,high school or below,10094.13003,32046.0,127.0,0,corporate auto,suv,475.599472
xa50997,nevada,m,high school or below,5444.793941,91393.0,67.0,0,personal auto,two-door car,460.551521
gm37281,california,f,bachelor,2582.408525,76731.0,64.0,0,personal auto,four-door car,201.455005
qt84069,oregon,m,master,50568.25912,82081.0,249.0,0,personal auto,luxury,753.760098
mg74662,oregon,f,high school or below,3484.247842,51337.0,88.0,0,corporate auto,four-door car,72.543171
ep46328,california,m,bachelor,5555.830205,74015.0,72.0,0,personal auto,four-door car,471.443077
ul87052,arizona,f,bachelor,4173.140695,0.0,117.0,0,personal auto,suv,842.4
ga93544,oregon,f,high school or below,2897.494724,0.0,77.0,0,personal auto,four-door car,554.4
ew73206,california,f,bachelor,8044.511759,68849.0,67.0,0,corporate auto,two-door car,252.699037
mv19629,oregon,f,college,7716.997859,37376.0,99.0,0,personal auto,four-door car,65.548725
tk67721,oregon,f,high school or below,2274.669484,0.0,64.0,0,corporate auto,four-door car,621.968062
ad38685,california,m,college,8658.863813,62464.0,109.0,0,personal auto,luxury,400.181882
lx72964,arizona,f,high school or below,11260.90364,88304.0,95.0,0,personal auto,four-door car,276.467811
mr37609,oregon,m,college,16414.04415,0.0,112.0,0,special auto,suv,682.422936
og30514,nevada,f,bachelor,20018.20459,65900.0,62.0,0,personal auto,four-door car,297.6
gj44951,washington,f,bachelor,4698.759935,0.0,67.0,0,personal auto,two-door car,321.6
yb19340,oregon,m,high school or below,9002.117386,61374.0,113.0,0,corporate auto,two-door car,210.100003
bd42101,california,m,bachelor,25030.89457,0.0,110.0,1,corporate auto,suv,528.0
rz89024,oregon,m,doctor,3102.998522,31841.0,78.0,0,personal auto,four-door car,126.857228
zo20633,oregon,f,high school or below,2587.107864,27861.0,65.0,0,corporate auto,four-door car,312.0
kl39500,arizona,m,college,4983.61893,0.0,83.0,3,personal auto,four-door car,736.00483
qk24293,oregon,f,doctor,6265.343299,0.0,84.0,1,corporate auto,four-door car,481.025786
rw71963,nevada,f,high school or below,7233.540011,94550.0,90.0,0,personal auto,four-door car,432.0
hr71115,nevada,m,college,5357.260833,39604.0,68.0,0,personal auto,four-door car,63.127223
ul55837,nevada,f,bachelor,11130.11974,42928.0,93.0,0,personal auto,four-door car,651.623195
iw77519,washington,f,bachelor,2610.369217,54737.0,66.0,0,personal auto,four-door car,391.970334
cr88883,arizona,m,college,7452.543017,0.0,68.0,0,corporate auto,two-door car,489.6
yd58301,california,f,high school or below,6352.961129,80587.0,78.0,0,personal auto,four-door car,276.191729
rt60959,oregon,f,high school or below,14585.37736,0.0,194.0,0,corporate auto,luxury,931.2
kc67832,california,m,college,17292.93538,80028.0,86.0,0,corporate auto,four-door car,114.02307
dk92014,arizona,f,high school or below,4254.620669,11904.0,61.0,2,personal auto,two-door car,292.8
za44520,arizona,f,high school or below,9621.72619,54872.0,121.0,0,personal auto,suv,580.8
aj69060,california,m,college,14260.91441,0.0,99.0,0,personal auto,two-door car,204.121476
me35315,washington,m,college,7756.307652,0.0,74.0,0,corporate auto,two-door car,532.8
bu61331,arizona,m,college,5875.212734,46417.0,74.0,0,corporate auto,four-door car,164.746184
xi68015,washington,f,college,4946.960039,46239.0,67.0,3,personal auto,four-door car,6.395416
hg51739,oregon,f,college,2660.009874,0.0,73.0,0,personal auto,four-door car,350.4
fi22970,oregon,f,high school or below,2372.289378,25550.0,61.0,0,personal auto,four-door car,439.2
of93412,nevada,f,bachelor,15613.95173,27514.0,197.0,0,personal auto,suv,1367.199081
ah97088,nevada,m,high school or below,7803.503824,84417.0,98.0,0,personal auto,two-door car,139.714897
bi81476,oregon,f,high school or below,10346.11154,55906.0,86.0,0,personal auto,four-door car,58.469264
ia18854,california,m,high school or below,4960.548942,21638.0,65.0,0,personal auto,four-door car,468.0
oo62338,oregon,m,bachelor,7099.574987,16121.0,65.0,2,corporate auto,four-door car,312.0
jh35547,oregon,m,college,24442.29656,36261.0,68.0,0,personal auto,four-door car,16.800832
dy34638,oregon,f,high school or below,13466.92071,11432.0,119.0,0,personal auto,suv,571.2
mt16688,arizona,f,bachelor,2598.061204,62566.0,65.0,1,corporate auto,four-door car,48.344273
nn51066,oregon,f,high school or below,2886.451602,10312.0,78.0,0,personal auto,four-door car,486.278557
yf73402,oregon,m,high school or below,2566.398498,67778.0,64.0,1,personal auto,four-door car,171.287759
zr56751,washington,f,master,6252.3631,92895.0,77.0,0,personal auto,two-door car,43.14147
gr32910,california,f,college,5174.689686,55290.0,65.0,0,personal auto,four-door car,13.874775
mz89625,california,f,bachelor,9263.179837,23377.0,116.0,0,personal auto,four-door car,556.8
ik51081,california,f,college,4834.710493,38713.0,66.0,4,personal auto,four-door car,316.8
vi34110,arizona,f,bachelor,2361.742243,0.0,66.0,1,personal auto,four-door car,145.896438
vh62312,nevada,m,college,2674.730716,56342.0,69.0,0,corporate auto,four-door car,331.2
yu39743,oregon,m,college,16159.54237,29593.0,137.0,0,personal auto,luxury,657.6
ro57944,nevada,f,high school or below,26197.41498,18495.0,113.0,0,personal auto,suv,542.4
vl32622,california,f,high school or below,2664.242814,82887.0,66.0,1,corporate auto,four-door car,420.374805
nv35796,oregon,f,master,15162.06565,71366.0,94.0,0,personal auto,four-door car,265.216633
uu32345,california,m,college,22332.43946,49078.0,97.0,0,corporate auto,four-door car,484.013411
ym94448,arizona,f,college,4995.1712,10787.0,71.0,0,personal auto,two-door car,697.798804
wx46704,california,f,high school or below,16109.75353,0.0,73.0,0,personal auto,four-door car,350.4
hy35960,arizona,m,high school or below,4957.404306,10194.0,65.0,0,personal auto,two-door car,312.0
pb41497,oregon,m,high school or below,2866.779811,81763.0,72.0,1,personal auto,two-door car,518.4
gp37412,arizona,f,college,8719.896238,59763.0,73.0,0,personal auto,two-door car,350.4
ku62853,california,f,college,22448.68617,0.0,78.0,0,special auto,four-door car,561.6
ea87824,arizona,f,college,6864.647514,96832.0,85.0,0,personal auto,two-door car,408.0
dm42912,california,f,college,4980.18765,21135.0,130.0,0,personal auto,suv,678.946216
hk50871,california,m,high school or below,2312.328541,16143.0,62.0,1,personal auto,four-door car,32.114117
zx73673,arizona,m,bachelor,5555.830205,74015.0,72.0,0,personal auto,four-door car,471.443077
eo95783,arizona,m,high school or below,26763.82631,84178.0,74.0,0,personal auto,two-door car,12.588784
tr18791,arizona,m,bachelor,2471.441785,0.0,70.0,0,personal auto,two-door car,504.0
dc83427,oregon,f,high school or below,17759.38575,0.0,63.0,0,personal auto,four-door car,661.7151
og31942,california,m,college,14628.49627,63936.0,189.0,0,personal auto,luxury,765.012123
ak17025,washington,m,bachelor,5801.828142,0.0,83.0,0,personal auto,four-door car,597.6
rt17851,oregon,f,high school or below,5209.945549,37940.0,129.0,0,special auto,suv,512.542299
uf56271,washington,f,high school or below,2814.438036,30703.0,70.0,0,personal auto,four-door car,336.0
bp25150,arizona,f,college,5417.744055,54898.0,69.0,0,corporate auto,two-door car,176.242159
xt34986,oregon,m,bachelor,16775.80883,89030.0,139.0,0,personal auto,suv,49.566591
oi74902,california,f,college,7980.304624,15630.0,115.0,1,personal auto,suv,656.775467
gv33313,arizona,f,bachelor,5107.163002,35625.0,65.0,1,personal auto,four-door car,288.572108
wa54110,nevada,m,high school or below,2690.781969,48329.0,67.0,0,corporate auto,four-door car,470.386291
is94199,california,f,high school or below,4254.620669,11904.0,61.0,2,personal auto,two-door car,292.8
xe22944,arizona,f,bachelor,4643.413135,12261.0,125.0,0,personal auto,suv,600.0
ck24264,arizona,m,high school or below,6217.258012,0.0,86.0,0,personal auto,four-door car,39.730199
bf54215,california,f,master,11373.98852,87810.0,94.0,3,personal auto,four-door car,225.641724
hw85007,oregon,m,bachelor,10861.71019,64744.0,139.0,0,personal auto,suv,41.308429
pa56702,arizona,m,doctor,8569.36439,0.0,117.0,0,personal auto,suv,957.134978
vd87432,washington,m,bachelor,16069.95283,60735.0,135.0,0,personal auto,suv,571.695889
gg57214,washington,f,bachelor,2410.355726,0.0,67.0,0,personal auto,two-door car,482.4
ek10022,california,m,bachelor,14057.42125,36261.0,118.0,0,corporate auto,suv,1197.713861
iv97881,nevada,m,high school or below,4872.577302,0.0,135.0,0,personal auto,luxury,648.0
gs85403,washington,f,master,9031.214859,0.0,122.0,0,corporate auto,luxury,650.52179
uo48558,california,m,high school or below,2993.117683,23277.0,77.0,2,corporate auto,four-door car,369.6
sx18141,arizona,f,high school or below,5846.520588,50320.0,73.0,0,personal auto,four-door car,297.738909
kk26955,washington,f,high school or below,2589.43003,49675.0,65.0,0,personal auto,two-door car,312.0
pv12088,arizona,m,high school or below,6558.880167,19508.0,61.0,0,personal auto,two-door car,292.8
tv97612,oregon,m,bachelor,8105.996039,20815.0,110.0,0,personal auto,suv,528.0
va95387,nevada,m,high school or below,7232.609391,46621.0,61.0,0,corporate auto,four-door car,30.448249
xf93358,arizona,f,high school or below,13599.92487,22775.0,184.0,0,personal auto,luxury,883.2
wp64059,california,f,bachelor,5093.379714,91814.0,63.0,0,personal auto,two-door car,167.037619
yy63521,arizona,m,college,6047.02516,20396.0,76.0,1,personal auto,four-door car,364.8
fh69597,california,f,high school or below,7172.070153,73836.0,182.0,3,personal auto,luxury,553.385695
ut76436,nevada,f,bachelor,3438.949322,55910.0,86.0,0,personal auto,four-door car,324.348688
va94160,california,f,high school or below,5418.463878,43054.0,68.0,0,personal auto,four-door car,326.4
nj55678,arizona,f,bachelor,7824.492263,64543.0,65.0,0,personal auto,four-door car,200.177163
oj60800,oregon,m,bachelor,7930.602564,75988.0,67.0,0,personal auto,four-door car,200.54531
pg20605,arizona,m,college,9321.284825,0.0,64.0,0,personal auto,four-door car,572.522796
ut88283,arizona,f,college,2775.080095,29051.0,73.0,0,personal auto,two-door car,153.200014
af48816,arizona,f,bachelor,5792.666316,87382.0,72.0,0,personal auto,four-door car,345.6
sy93381,california,f,college,3596.83011,30694.0,91.0,1,personal auto,four-door car,436.8
zi63885,washington,m,high school or below,14713.52329,0.0,85.0,0,personal auto,four-door car,877.034575
sd41771,california,m,high school or below,44520.13577,49259.0,144.0,0,personal auto,luxury,820.431905
ig80910,oregon,f,high school or below,3071.784639,47528.0,77.0,1,personal auto,four-door car,277.582137
ra62452,nevada,m,bachelor,8471.292552,70624.0,106.0,0,corporate auto,suv,49.234943
ni88122,california,f,college,7205.019561,0.0,64.0,0,corporate auto,four-door car,505.975326
lg90006,oregon,f,doctor,11154.67599,31409.0,93.0,0,personal auto,four-door car,381.960657
xz83249,nevada,f,high school or below,10168.27175,35504.0,128.0,0,personal auto,suv,404.303518
ep26605,washington,f,bachelor,5688.20499,44833.0,72.0,0,personal auto,two-door car,345.6
lw29130,washington,f,high school or below,5272.932008,24423.0,67.0,0,corporate auto,two-door car,321.6
ud61088,california,m,bachelor,13799.05459,0.0,127.0,0,personal auto,suv,609.6
uy81122,oregon,f,college,4167.994667,0.0,69.0,3,personal auto,four-door car,433.959806
ed87136,arizona,m,high school or below,4242.69282,0.0,61.0,0,personal auto,four-door car,439.2
pk58026,nevada,f,bachelor,5736.45893,96917.0,71.0,0,personal auto,two-door car,373.047039
od79784,arizona,m,bachelor,2679.686625,84450.0,68.0,0,corporate auto,four-door car,291.257059
oo79691,arizona,f,college,11828.61437,0.0,111.0,0,personal auto,suv,1018.808223
pe72393,arizona,f,high school or below,11905.06754,0.0,115.0,0,corporate auto,four-door car,840.179082
qg39997,arizona,f,college,4212.8026,10097.0,110.0,0,personal auto,four-door car,218.635593
et45138,california,f,college,5553.18672,33255.0,138.0,0,personal auto,luxury,662.4
wp46383,oregon,f,bachelor,26538.57925,94132.0,73.0,0,personal auto,four-door car,350.4
fj12205,oregon,m,master,6511.467626,42602.0,85.0,3,personal auto,two-door car,63.161647
ke42114,nevada,m,doctor,4730.355248,17250.0,62.0,0,personal auto,four-door car,175.528642
co15448,california,m,college,2908.020838,74212.0,73.0,0,personal auto,four-door car,188.878749
su31072,washington,m,bachelor,4821.156466,85756.0,61.0,0,personal auto,four-door car,117.036869
lc87490,arizona,f,bachelor,2248.449633,24910.0,63.0,1,personal auto,four-door car,347.857619
ot36536,oregon,m,bachelor,5232.454958,41596.0,66.0,0,personal auto,four-door car,316.8
de59454,nevada,m,bachelor,2557.585549,72202.0,63.0,0,corporate auto,two-door car,453.6
vs63956,california,m,bachelor,5871.175279,33967.0,76.0,0,personal auto,four-door car,364.8
tr39403,california,f,master,3681.978995,77951.0,93.0,3,corporate auto,two-door car,19.668633
ab62982,oregon,f,doctor,5918.066128,77521.0,73.0,0,personal auto,two-door car,350.4
qp76867,oregon,m,college,16152.90489,0.0,109.0,0,personal auto,luxury,852.460341
mo41014,arizona,m,bachelor,4984.618655,86305.0,62.0,0,corporate auto,four-door car,80.73124
ek56325,arizona,m,high school or below,6637.228238,0.0,92.0,2,personal auto,four-door car,662.4
lb59405,california,f,high school or below,5979.724161,57693.0,76.0,0,personal auto,four-door car,547.2
ji37927,oregon,f,college,7736.457821,0.0,112.0,3,corporate auto,suv,78.975117
oj43280,california,m,bachelor,5644.474853,33137.0,74.0,0,personal auto,two-door car,472.500375
yw43854,washington,m,high school or below,6944.739992,0.0,68.0,0,personal auto,four-door car,489.6
al43475,california,f,college,7373.225991,44938.0,183.0,0,personal auto,luxury,2069.309854
xy80192,oregon,m,high school or below,13979.09014,33617.0,117.0,0,personal auto,four-door car,761.722334
pi71828,arizona,m,college,2395.968567,38460.0,61.0,0,personal auto,four-door car,191.365686
rq94849,california,m,college,2387.858281,0.0,67.0,0,personal auto,four-door car,482.4
jx93039,washington,f,college,4883.335068,40171.0,123.0,0,personal auto,suv,576.880144
kf44948,washington,f,high school or below,20496.69426,0.0,64.0,0,personal auto,four-door car,307.2
ok14812,nevada,m,doctor,2491.317024,36631.0,62.0,0,personal auto,four-door car,67.530904
uv49359,nevada,f,bachelor,7372.230729,74335.0,187.0,0,corporate auto,luxury,896.436023
iz88103,california,f,bachelor,12625.27947,79421.0,104.0,0,personal auto,four-door car,115.126739
qc27179,oregon,m,bachelor,5261.419836,38466.0,68.0,0,personal auto,two-door car,204.685796
vc47959,arizona,f,college,4895.811925,54495.0,61.0,0,personal auto,four-door car,182.350945
bn45584,oregon,f,college,4034.926461,0.0,112.0,0,special auto,luxury,806.4
yp53257,oregon,f,bachelor,10179.71704,14290.0,271.0,0,personal auto,luxury,1300.8
vp84987,california,m,college,17497.52201,0.0,73.0,0,personal auto,two-door car,350.4
lk57934,nevada,m,bachelor,10569.62547,45776.0,89.0,0,personal auto,four-door car,95.95081
av49798,arizona,m,college,7842.865664,94263.0,98.0,0,personal auto,four-door car,112.420211
rd73104,washington,f,high school or below,7942.448548,12181.0,108.0,0,personal auto,four-door car,591.511506
iz17303,california,m,bachelor,17002.02246,97268.0,85.0,0,personal auto,four-door car,35.278648
pk79296,california,f,college,2602.212965,28995.0,67.0,0,personal auto,four-door car,321.6
va82895,oregon,f,high school or below,4112.841668,25030.0,113.0,4,personal auto,luxury,542.4
wc66749,oregon,f,college,5213.068893,12613.0,70.0,0,personal auto,four-door car,336.0
jo68735,california,f,bachelor,2292.791874,0.0,64.0,0,personal auto,two-door car,460.8
ja55700,california,m,high school or below,3933.813993,25927.0,103.0,0,personal auto,suv,674.973614
ix97339,arizona,f,college,9234.277026,0.0,134.0,0,corporate auto,suv,643.2
dh93540,oregon,m,college,4650.063763,28215.0,65.0,0,personal auto,two-door car,468.0
kv56995,nevada,m,bachelor,3954.344534,18375.0,103.0,0,personal auto,luxury,535.080276
pa15141,california,f,high school or below,6953.952351,43221.0,87.0,0,special auto,four-door car,398.735257
fc48492,california,m,bachelor,2876.775085,0.0,84.0,0,personal auto,four-door car,849.011958
zj29643,washington,f,doctor,6265.343299,0.0,84.0,1,personal auto,four-door car,481.025786
ec22495,oregon,m,high school or below,3145.456489,52082.0,79.0,0,personal auto,four-door car,379.2
ro87000,california,m,high school or below,2688.878609,50719.0,68.0,0,personal auto,four-door car,394.248334
yu35148,washington,f,bachelor,4749.127521,0.0,123.0,0,personal auto,suv,590.4
bw51534,california,f,high school or below,8364.502793,0.0,110.0,0,corporate auto,suv,528.0
er50891,california,m,high school or below,3450.328786,39248.0,87.0,0,personal auto,four-door car,386.765125
lm63497,oregon,f,college,2935.838245,0.0,82.0,0,personal auto,four-door car,590.4
de71115,washington,m,high school or below,2772.502139,68463.0,70.0,1,personal auto,four-door car,336.0
ax71238,california,m,high school or below,3963.40327,38096.0,99.0,0,personal auto,two-door car,475.2
iz50034,washington,m,college,8062.546117,42124.0,101.0,0,personal auto,suv,484.8
ar75105,california,f,college,7805.31287,21073.0,106.0,1,personal auto,suv,508.8
lx77880,oregon,f,bachelor,4855.773614,24149.0,61.0,0,personal auto,four-door car,292.8
pq72803,washington,f,high school or below,2886.451602,10312.0,78.0,0,personal auto,four-door car,486.278557
pv99529,arizona,m,bachelor,2724.430809,0.0,77.0,0,personal auto,two-door car,404.82483
uw10841,california,m,bachelor,9976.24549,74115.0,63.0,0,personal auto,four-door car,275.349481
uo93347,california,m,high school or below,3755.260251,34624.0,95.0,0,personal auto,four-door car,270.370335
wk46492,arizona,f,bachelor,9642.214529,36108.0,128.0,2,personal auto,suv,614.4
do70918,nevada,f,high school or below,4573.998134,0.0,127.0,0,special auto,luxury,914.4
kg71396,nevada,m,high school or below,4017.055485,0.0,118.0,0,corporate auto,two-door car,959.849922
mi16758,nevada,f,high school or below,12052.88693,43184.0,102.0,0,personal auto,suv,376.836888
at98182,california,f,doctor,2525.419695,0.0,67.0,0,corporate auto,four-door car,146.301396
gp67583,arizona,m,college,8207.777598,35349.0,102.0,0,personal auto,four-door car,489.6
dy73849,california,f,bachelor,4569.8758,0.0,124.0,0,personal auto,suv,250.723005
ur42360,california,m,bachelor,16979.79757,35095.0,73.0,0,personal auto,two-door car,525.6
ik74329,arizona,f,high school or below,18061.91837,13164.0,70.0,0,personal auto,two-door car,75.393383
wj20394,nevada,m,high school or below,5191.047011,0.0,141.0,0,corporate auto,suv,676.8
pf26758,oregon,f,college,6271.315156,94880.0,79.0,3,special auto,four-door car,347.595108
dk81475,nevada,m,college,4619.449922,95301.0,114.0,0,personal auto,suv,547.2
dk93464,nevada,f,bachelor,8571.480718,56202.0,107.0,0,personal auto,two-door car,513.511091
xs76166,oregon,f,college,3245.479985,35592.0,82.0,0,personal auto,two-door car,496.805418
tz76531,california,m,high school or below,12489.21197,0.0,113.0,0,personal auto,four-door car,542.4
rc22595,arizona,f,college,3799.746262,0.0,102.0,0,personal auto,four-door car,489.6
ia90990,california,f,high school or below,10004.74874,0.0,89.0,0,corporate auto,two-door car,640.8
qq69088,washington,m,doctor,5577.669457,11097.0,73.0,0,corporate auto,two-door car,350.4
ed59130,arizona,m,bachelor,16705.10312,74900.0,208.0,0,personal auto,luxury,998.4
sc90717,california,m,doctor,31864.8589,23576.0,89.0,0,personal auto,four-door car,383.508096
pp36346,nevada,f,high school or below,3708.811428,23393.0,95.0,0,corporate auto,four-door car,456.0
ju75786,oregon,f,master,7203.133626,0.0,95.0,0,personal auto,two-door car,149.843223
tu68427,arizona,f,high school or below,2649.658715,0.0,73.0,0,personal auto,two-door car,350.4
yd28431,california,f,master,6991.614179,66346.0,87.0,1,personal auto,four-door car,78.179743
my56715,oregon,m,bachelor,3380.712383,58109.0,86.0,0,corporate auto,two-door car,412.8
nf60680,arizona,f,high school or below,20096.89337,92766.0,71.0,0,personal auto,two-door car,379.029102
bd70337,california,m,high school or below,24706.92011,26307.0,73.0,0,personal auto,four-door car,313.192439
dm77491,oregon,m,bachelor,7416.466665,0.0,69.0,0,personal auto,four-door car,238.057939
ev57176,california,f,high school or below,5605.380417,21171.0,72.0,0,corporate auto,four-door car,345.6
cq76876,california,f,college,13749.37083,82753.0,114.0,0,personal auto,four-door car,264.666921
qi89498,oregon,f,college,2203.588481,0.0,64.0,0,personal auto,four-door car,757.206098
bh43020,california,m,bachelor,3369.71211,39754.0,85.0,0,personal auto,four-door car,62.282034
ec66666,arizona,f,college,7296.493236,0.0,67.0,0,personal auto,two-door car,321.6
eo74797,arizona,f,bachelor,7840.646748,0.0,76.0,1,personal auto,four-door car,364.8
ia30254,nevada,m,high school or below,14837.50253,0.0,70.0,0,corporate auto,four-door car,712.619939
kc79907,arizona,f,college,7441.004843,91915.0,186.0,0,personal auto,luxury,93.56694
xw34862,nevada,f,master,11981.98481,21514.0,62.0,0,special auto,two-door car,257.248789
ri76930,california,f,college,4163.04081,43276.0,104.0,0,personal auto,suv,499.2
xz40716,california,f,high school or below,8054.982035,75531.0,102.0,0,personal auto,four-door car,489.6
zc75052,california,m,bachelor,22658.53652,23665.0,67.0,0,personal auto,four-door car,404.817249
dh51686,arizona,f,bachelor,4048.722426,0.0,118.0,0,personal auto,four-door car,566.4
hj89045,california,f,bachelor,10288.92495,96337.0,127.0,0,personal auto,suv,609.6
dj34695,california,m,high school or below,21920.81339,60180.0,183.0,0,corporate auto,luxury,988.533256
kr89806,oregon,f,high school or below,16468.22079,0.0,63.0,0,personal auto,four-door car,685.12694
ox62816,washington,m,master,5167.357134,30376.0,66.0,0,personal auto,four-door car,316.8
wm36886,california,m,master,5757.442258,88997.0,72.0,0,corporate auto,four-door car,174.041566
be92692,oregon,m,bachelor,2487.777024,69236.0,63.0,1,personal auto,four-door car,110.868874
jv79596,oregon,f,bachelor,14594.45235,27627.0,63.0,0,special auto,two-door car,453.6
ka49711,nevada,m,bachelor,5320.343098,77524.0,68.0,3,corporate auto,four-door car,64.799325
yi68606,oregon,f,high school or below,2442.200921,75449.0,61.0,0,corporate auto,two-door car,130.775164
au11344,oregon,f,bachelor,5142.389806,35666.0,131.0,0,personal auto,suv,312.110029
bg42047,nevada,m,college,2511.944048,17658.0,65.0,0,personal auto,four-door car,312.0
cf73234,oregon,m,high school or below,2629.315549,0.0,71.0,0,corporate auto,four-door car,340.8
ve85103,nevada,m,college,2449.128459,20567.0,72.0,4,personal auto,four-door car,345.6
ln99977,california,f,college,4061.997378,30061.0,104.0,0,special auto,luxury,499.2
cr56473,nevada,m,high school or below,5252.511788,0.0,74.0,0,corporate auto,four-door car,532.8
yp32443,oregon,m,bachelor,4372.194536,20354.0,116.0,0,personal auto,suv,556.8
mq46375,oregon,m,bachelor,15320.21872,36637.0,192.0,0,corporate auto,luxury,921.6
vu30980,california,m,high school or below,9657.579498,0.0,131.0,0,personal auto,suv,628.8
jx50349,oregon,f,college,2472.469209,63860.0,62.0,0,personal auto,four-door car,208.598246
dh34004,california,m,college,6191.402312,0.0,199.0,3,personal auto,luxury,955.2
du66880,arizona,m,high school or below,13583.6249,58544.0,114.0,0,personal auto,four-door car,769.788818
qh87479,oregon,f,high school or below,27528.31132,54586.0,76.0,0,personal auto,two-door car,122.590766
mf87270,california,f,high school or below,2952.581331,57248.0,74.0,0,personal auto,four-door car,355.2
px99904,california,f,bachelor,4949.389491,0.0,134.0,0,corporate auto,luxury,964.8
td43065,california,m,bachelor,8209.924674,66037.0,69.0,0,personal auto,four-door car,69.004181
du39756,nevada,f,master,4170.687348,29462.0,107.0,1,corporate auto,suv,513.6
gy65868,california,m,bachelor,20600.23958,64541.0,86.0,0,personal auto,four-door car,256.279637
ng15645,california,f,master,2858.087414,27382.0,71.0,0,personal auto,four-door car,134.104322
hh69970,california,f,bachelor,6282.082435,32311.0,79.0,0,corporate auto,four-door car,207.289724
yj57293,california,m,college,2776.842204,23830.0,76.0,1,corporate auto,two-door car,364.8
bv22194,arizona,f,high school or below,14194.15441,88178.0,70.0,0,personal auto,two-door car,336.0
uh22701,oregon,f,master,9726.551005,72236.0,80.0,0,personal auto,four-door car,518.064733
ia85970,california,f,bachelor,8099.466122,0.0,112.0,0,personal auto,suv,438.812143
tc18240,oregon,m,college,5020.473987,67890.0,63.0,0,personal auto,four-door car,174.08854
ge58317,arizona,f,college,4834.710493,38713.0,66.0,4,personal auto,four-door car,316.8
gw42895,oregon,f,bachelor,17625.53763,77803.0,63.0,0,personal auto,four-door car,217.554695
fh77504,california,f,bachelor,11009.13049,51643.0,283.0,0,personal auto,luxury,1358.4
xk87182,oregon,f,college,4502.207001,46402.0,113.0,0,personal auto,four-door car,476.385575
hb17438,washington,m,bachelor,10570.7888,92044.0,132.0,0,personal auto,suv,617.288574
dh18269,arizona,m,college,10614.64457,16040.0,96.0,0,personal auto,two-door car,611.476898
dp19820,oregon,m,college,11436.42994,0.0,135.0,4,personal auto,suv,980.52817
ik64989,washington,m,bachelor,4458.113369,17622.0,65.0,1,personal auto,four-door car,312.0
mp85571,arizona,f,bachelor,5558.31428,0.0,188.0,4,personal auto,suv,2156.011022
vo29645,oregon,m,high school or below,5169.49937,12430.0,73.0,0,personal auto,four-door car,350.4
gp83239,california,m,college,7840.165778,58414.0,210.0,2,personal auto,luxury,1008.0
gq21970,nevada,f,bachelor,24108.30057,17257.0,70.0,0,personal auto,four-door car,551.132139
hp40365,oregon,f,college,5638.046345,70492.0,70.0,0,personal auto,two-door car,328.362698
ux87150,california,m,college,7680.147853,68229.0,96.0,0,corporate auto,four-door car,460.8
oz30867,oregon,f,high school or below,8409.067687,33397.0,106.0,0,personal auto,suv,508.8
lc60153,california,m,bachelor,12341.83389,72503.0,106.0,0,personal auto,suv,295.821353
ox87524,california,f,master,2611.128028,90349.0,64.0,0,personal auto,four-door car,435.7186
zy78741,california,m,high school or below,6081.481291,0.0,87.0,0,corporate auto,four-door car,626.4
db79306,california,m,college,4416.345862,25480.0,117.0,3,personal auto,suv,486.545439
em77767,oregon,f,college,10932.21496,72462.0,68.0,0,personal auto,two-door car,272.737308
ph78214,oregon,f,college,5427.174517,27677.0,72.0,1,personal auto,four-door car,345.6
ly17996,california,m,high school or below,6190.316839,25743.0,79.0,0,personal auto,two-door car,596.2476
xv76553,oregon,m,high school or below,4523.752381,74935.0,112.0,0,corporate auto,suv,192.859737
sd38003,california,m,bachelor,2482.38724,0.0,71.0,0,personal auto,four-door car,511.2
qc30094,oregon,f,high school or below,6903.946532,15921.0,92.0,1,corporate auto,four-door car,571.549745
kh92987,arizona,f,high school or below,21740.02913,30095.0,136.0,0,personal auto,suv,652.8
ob32671,oregon,f,high school or below,37939.48817,20587.0,106.0,0,personal auto,suv,363.77598
cd26907,california,m,bachelor,31215.68581,0.0,117.0,0,personal auto,luxury,1227.822079
yy46839,washington,f,high school or below,8482.456771,29628.0,106.0,0,corporate auto,two-door car,763.2
hy36253,california,m,bachelor,8490.284985,28677.0,78.0,0,personal auto,four-door car,131.515739
ka62728,california,m,high school or below,8886.610685,87094.0,113.0,1,personal auto,four-door car,64.894362
gh98275,california,f,college,4670.953723,0.0,64.0,0,corporate auto,four-door car,181.810486
dj87316,oregon,m,high school or below,10209.9339,43736.0,128.0,0,personal auto,suv,614.4
xc85830,oregon,f,bachelor,4118.588554,69379.0,103.0,0,corporate auto,two-door car,494.4
vk85405,california,f,high school or below,7409.586372,80415.0,62.0,0,corporate auto,two-door car,281.372658
zp27971,california,m,high school or below,3803.79853,26050.0,97.0,0,personal auto,four-door car,465.6
qc95625,california,m,high school or below,12157.32992,57449.0,103.0,0,personal auto,four-door car,494.4
dn34058,washington,f,bachelor,28119.28723,68211.0,99.0,0,corporate auto,four-door car,475.2
vs80344,arizona,f,bachelor,8219.358756,28445.0,103.0,0,special auto,two-door car,427.762841
sj24275,nevada,f,college,4803.24007,37313.0,62.0,0,personal auto,four-door car,246.57631
yb58105,california,m,high school or below,10865.86075,0.0,110.0,1,corporate auto,four-door car,1066.913401
bp35803,california,f,college,3425.73115,29194.0,89.0,0,personal auto,four-door car,424.466821
cl73599,arizona,f,bachelor,8609.158215,79090.0,107.0,0,personal auto,suv,289.040734
zr22245,washington,f,college,4605.036646,22571.0,63.0,0,personal auto,four-door car,302.4
jj57298,oregon,m,college,18634.72656,0.0,139.0,0,corporate auto,suv,1066.63167
ff53048,arizona,f,master,3465.52691,48744.0,86.0,0,personal auto,two-door car,412.8
hd83496,arizona,m,bachelor,2478.180205,0.0,71.0,0,corporate auto,four-door car,511.2
dd94148,california,m,college,5792.439588,29530.0,74.0,0,personal auto,two-door car,222.478994
fm52759,nevada,m,bachelor,5548.031892,67798.0,69.0,0,personal auto,four-door car,331.2
oi39918,california,m,bachelor,3443.301126,16208.0,93.0,0,personal auto,two-door car,446.4
pc72443,oregon,f,college,4529.072491,94757.0,112.0,0,personal auto,four-door car,5.453269
oq15169,washington,f,high school or below,5597.12496,37995.0,139.0,0,corporate auto,suv,667.2
zo89996,oregon,m,college,2616.613903,72302.0,66.0,0,personal auto,two-door car,316.8
op70207,oregon,m,college,10506.88413,37934.0,137.0,1,personal auto,luxury,385.440163
id39569,washington,m,high school or below,10758.65568,19382.0,94.0,0,personal auto,four-door car,676.8
rj80405,arizona,m,bachelor,5498.661301,33191.0,70.0,0,personal auto,four-door car,443.53718
nt21324,arizona,m,college,2791.880258,72389.0,70.0,0,personal auto,four-door car,206.158416
iy98928,arizona,f,master,5176.157299,91475.0,64.0,0,personal auto,four-door car,73.295606
xj81725,california,m,college,8166.878898,0.0,111.0,0,personal auto,four-door car,799.2
fe62142,oregon,f,bachelor,4267.076892,43682.0,107.0,0,corporate auto,suv,148.003496
zh55575,california,f,bachelor,5217.513287,39854.0,66.0,0,corporate auto,two-door car,261.930545
wi86229,oregon,m,master,7807.216137,52162.0,99.0,0,personal auto,two-door car,251.152889
qr42111,arizona,f,high school or below,5058.927182,0.0,134.0,0,special auto,suv,643.2
dn71979,arizona,m,college,7772.579276,74755.0,195.0,0,personal auto,luxury,1404.0
ic22580,california,m,college,11533.96706,85339.0,95.0,0,personal auto,four-door car,392.7457
mx93069,oregon,m,doctor,5073.282126,57709.0,125.0,0,personal auto,suv,600.0
tg37225,california,m,college,4636.54647,26802.0,66.0,1,personal auto,two-door car,316.8
gy69750,oregon,m,master,5296.838482,0.0,73.0,0,personal auto,four-door car,152.080908
kx99703,oregon,f,college,6273.911874,18577.0,86.0,0,personal auto,four-door car,412.8
aa35519,arizona,f,college,8002.308333,0.0,107.0,0,personal auto,suv,513.6
fe99816,nevada,f,bachelor,15563.36944,0.0,253.0,5,personal auto,luxury,1214.4
yp92773,washington,f,bachelor,4723.821588,21546.0,119.0,1,corporate auto,two-door car,625.395925
cf26052,arizona,f,bachelor,8436.350708,49182.0,70.0,0,personal auto,two-door car,165.410515
pr37714,california,f,bachelor,7153.208425,32238.0,91.0,0,personal auto,four-door car,439.781453
ce92675,california,f,college,6990.691643,0.0,68.0,0,personal auto,four-door car,326.4
bk47926,california,m,high school or below,6375.079233,98118.0,83.0,3,personal auto,four-door car,398.4
by62906,arizona,m,high school or below,27990.35769,22971.0,101.0,0,personal auto,suv,562.021558
uy95661,california,m,master,4971.727892,49161.0,63.0,2,personal auto,two-door car,171.746945
os84395,nevada,m,bachelor,7611.949286,90252.0,95.0,0,corporate auto,four-door car,122.924197
js53793,arizona,f,doctor,2422.194555,25036.0,61.0,1,corporate auto,four-door car,292.8
bv25135,california,m,bachelor,4647.423581,28314.0,121.0,0,personal auto,suv,580.8
af17671,washington,f,bachelor,7765.228166,56337.0,97.0,0,personal auto,four-door car,465.6
ay30324,oregon,f,bachelor,6189.443994,99074.0,77.0,1,special auto,two-door car,208.38907
xe17270,california,m,high school or below,3520.696547,31708.0,94.0,1,personal auto,two-door car,451.2
ls46182,nevada,m,bachelor,2678.457672,0.0,83.0,1,personal auto,four-door car,398.4
lh33181,arizona,m,bachelor,6274.564531,0.0,67.0,1,personal auto,four-door car,431.32052
at84725,washington,m,college,4650.063763,28215.0,65.0,0,personal auto,two-door car,468.0
tp33286,washington,m,high school or below,12010.93726,0.0,119.0,0,corporate auto,four-door car,856.8
yb79192,california,f,bachelor,10193.77423,21119.0,128.0,0,personal auto,suv,614.4
sc43870,california,m,bachelor,15862.17507,0.0,66.0,0,corporate auto,four-door car,475.2
oo72857,oregon,m,bachelor,17254.03699,0.0,69.0,1,personal auto,four-door car,331.2
mo38559,arizona,f,doctor,5294.230247,0.0,70.0,0,personal auto,four-door car,20.521312
rl65736,oregon,f,high school or below,6274.447705,13662.0,85.0,0,personal auto,four-door car,408.0
id30085,arizona,f,high school or below,8007.399376,0.0,112.0,0,personal auto,luxury,537.6
co68055,oregon,m,bachelor,30966.31981,0.0,109.0,0,personal auto,suv,691.401424
nx37589,washington,f,bachelor,2666.976685,79251.0,67.0,1,personal auto,four-door car,321.6
bx88206,nevada,f,high school or below,18572.01022,51294.0,116.0,0,corporate auto,suv,113.237624
aa30683,california,m,bachelor,6595.101921,0.0,105.0,2,personal auto,four-door car,847.717402
bd13927,california,f,high school or below,2243.473907,0.0,62.0,0,personal auto,two-door car,675.468453
sj71233,california,f,college,7423.929008,0.0,107.0,0,personal auto,suv,513.6
wk52692,oregon,f,college,4627.090729,29124.0,129.0,4,personal auto,suv,619.2
og67387,california,m,college,4413.255399,0.0,65.0,0,personal auto,four-door car,312.0
xr99310,california,m,college,3163.283136,97266.0,79.0,0,special auto,two-door car,546.052144
gu84478,oregon,m,high school or below,4908.124429,48207.0,63.0,2,personal auto,four-door car,164.974886
zx29705,california,f,college,7850.590399,0.0,69.0,0,corporate auto,four-door car,331.2
wn67367,california,f,bachelor,3210.417377,0.0,88.0,0,personal auto,four-door car,325.917598
qn67807,arizona,m,bachelor,5387.40977,97316.0,67.0,0,personal auto,two-door car,309.076476
au77281,oregon,f,college,2472.469209,63860.0,62.0,0,personal auto,four-door car,208.598246
dn46994,california,f,bachelor,5403.586356,72633.0,67.0,0,personal auto,four-door car,155.761761
ow97322,oregon,m,bachelor,31410.92822,28013.0,266.0,0,personal auto,luxury,1276.8
zc97171,arizona,f,high school or below,7627.431532,60479.0,96.0,0,personal auto,four-door car,85.155359
ng69817,california,f,bachelor,7540.390159,0.0,68.0,0,personal auto,two-door car,519.757811
bs95225,california,m,college,2617.704041,14151.0,72.0,1,personal auto,four-door car,345.6
ae93522,washington,m,bachelor,7212.143863,75891.0,61.0,0,corporate auto,two-door car,61.285525
lp15901,nevada,m,bachelor,6671.766636,0.0,183.0,0,personal auto,luxury,1317.6
fb95495,california,m,college,5677.642084,53078.0,73.0,0,personal auto,four-door car,764.221884
pe59735,oregon,f,high school or below,22952.06778,20031.0,86.0,0,personal auto,four-door car,109.69048
wr73970,arizona,m,bachelor,2960.567044,92070.0,74.0,0,corporate auto,four-door car,368.669336
jd15492,oregon,f,high school or below,2446.681538,44509.0,61.0,0,personal auto,four-door car,226.731454
of46381,california,m,high school or below,7659.71722,0.0,73.0,0,personal auto,two-door car,525.6
gp85044,arizona,m,bachelor,4533.733641,91967.0,113.0,0,special auto,suv,156.736745
oo64005,oregon,f,bachelor,2355.281389,0.0,63.0,0,personal auto,four-door car,302.4
vb42222,nevada,f,bachelor,14316.84569,97379.0,119.0,0,personal auto,four-door car,354.764801
zr79373,arizona,f,bachelor,10179.71704,14290.0,271.0,0,personal auto,luxury,1300.8
kh12081,arizona,f,high school or below,8129.511,0.0,119.0,1,personal auto,suv,729.405742
wv64743,washington,m,high school or below,13272.22792,0.0,194.0,0,personal auto,luxury,1396.8
zt58755,oregon,f,high school or below,17817.46464,0.0,68.0,0,personal auto,four-door car,256.916302
wx52894,nevada,m,college,25002.01883,21927.0,71.0,0,personal auto,four-door car,128.624785
eo51920,oregon,f,high school or below,19955.25713,69096.0,99.0,0,corporate auto,four-door car,64.669515
aq34238,oregon,m,bachelor,4606.26977,0.0,72.0,2,corporate auto,four-door car,518.4
ei10204,oregon,f,high school or below,15114.40241,28513.0,100.0,1,personal auto,suv,480.0
gy23881,oregon,m,high school or below,4782.349875,81687.0,61.0,0,personal auto,four-door car,292.8
fl59259,nevada,f,high school or below,6317.373557,13792.0,87.0,2,personal auto,four-door car,620.19254
rn45606,nevada,f,high school or below,16224.54182,32184.0,136.0,1,personal auto,suv,266.146673
oj64812,washington,m,bachelor,9585.501257,26432.0,88.0,3,personal auto,four-door car,422.4
ak11669,arizona,f,doctor,10130.93442,59232.0,85.0,0,corporate auto,two-door car,408.0
em53324,oregon,f,college,7343.52792,0.0,72.0,3,personal auto,four-door car,345.6
je99638,arizona,m,bachelor,7699.632103,23577.0,68.0,0,personal auto,four-door car,91.815153
lr69185,nevada,m,college,5739.823806,0.0,80.0,0,personal auto,four-door car,848.201438
as55478,oregon,m,bachelor,3874.86854,26670.0,98.0,0,corporate auto,four-door car,541.229321
ob52091,washington,m,bachelor,8112.323843,87403.0,68.0,0,personal auto,four-door car,456.290338
am28777,oregon,f,college,2707.429536,51455.0,67.0,0,personal auto,four-door car,11.046789
aq70385,oregon,m,high school or below,5686.961001,30242.0,72.0,0,personal auto,four-door car,48.288036
fl22732,oregon,m,bachelor,7381.623005,64311.0,62.0,0,personal auto,four-door car,157.174836
jd75068,oregon,f,college,2724.262292,0.0,70.0,0,corporate auto,four-door car,405.384524
mm70762,arizona,m,master,9075.768214,37722.0,116.0,0,personal auto,luxury,158.077504
jt46803,oregon,f,bachelor,2756.543334,42336.0,69.0,0,personal auto,four-door car,25.605349
vo25938,oregon,m,bachelor,8382.478392,25998.0,71.0,0,personal auto,four-door car,791.878042
fp31685,oregon,f,bachelor,7868.0982,24887.0,68.0,0,personal auto,four-door car,326.4
lp69867,oregon,m,high school or below,2851.645994,0.0,82.0,0,personal auto,four-door car,590.4
bx88330,washington,f,college,7615.369665,90918.0,64.0,0,personal auto,four-door car,163.411884
qq86648,oregon,m,high school or below,5658.531248,78834.0,72.0,2,personal auto,two-door car,345.6
ve80757,oregon,m,bachelor,4307.464888,0.0,62.0,0,personal auto,two-door car,434.26667
be69929,arizona,f,college,4820.704584,27872.0,61.0,0,personal auto,two-door car,186.857059
bm31989,arizona,m,college,8754.16043,24012.0,112.0,1,personal auto,four-door car,82.211282
hw27766,arizona,m,college,7259.328982,16367.0,94.0,0,personal auto,four-door car,515.569363
bc90645,california,f,master,2675.029491,55479.0,68.0,1,personal auto,four-door car,117.964245
gc36679,oregon,m,high school or below,3305.129877,40778.0,86.0,0,personal auto,four-door car,412.8
vi74176,arizona,m,high school or below,8984.040021,0.0,137.0,3,personal auto,suv,1532.080871
bx24569,california,m,bachelor,3567.503755,0.0,102.0,0,personal auto,suv,660.430456
dr32525,arizona,m,college,23747.46699,0.0,96.0,4,personal auto,four-door car,460.8
cp76842,nevada,f,college,3352.87052,95438.0,83.0,0,corporate auto,two-door car,99.223092
ih20118,oregon,m,high school or below,5169.49937,12430.0,73.0,0,personal auto,four-door car,350.4
da20472,california,m,high school or below,8564.768226,95697.0,107.0,0,personal auto,luxury,178.006524
dn67273,oregon,f,high school or below,8028.484649,0.0,74.0,0,personal auto,two-door car,532.8
zz20738,california,f,high school or below,9000.439546,28108.0,114.0,0,personal auto,luxury,547.2
as18084,california,f,college,11638.89947,25370.0,102.0,0,personal auto,luxury,489.6
fy21364,california,m,bachelor,7376.795372,0.0,105.0,0,corporate auto,suv,756.0
ll73047,california,f,high school or below,7892.088107,28672.0,71.0,0,personal auto,four-door car,340.8
cg15505,california,f,master,19160.98994,22705.0,239.0,0,personal auto,luxury,1294.700423
zz22047,washington,m,bachelor,5548.031892,67798.0,69.0,0,corporate auto,four-door car,331.2
ng56399,arizona,m,high school or below,8319.5292,61367.0,70.0,0,personal auto,two-door car,498.533231
md45928,arizona,f,high school or below,13770.97618,59207.0,116.0,0,personal auto,four-door car,556.8
ov29928,washington,f,college,5225.253777,67423.0,65.0,0,corporate auto,four-door car,293.308765
or28030,california,m,bachelor,16979.79757,35095.0,73.0,0,corporate auto,two-door car,525.6
lo48748,oregon,f,master,7485.356469,26380.0,96.0,0,personal auto,four-door car,177.36984
fx95323,oregon,m,college,2639.644171,88731.0,66.0,0,personal auto,four-door car,148.971857
ag85127,oregon,m,bachelor,8085.448545,61409.0,68.0,0,special auto,four-door car,264.040157
jn33628,california,m,bachelor,12316.79698,0.0,167.0,0,personal auto,suv,1985.999807
qu69375,nevada,m,high school or below,5568.947534,0.0,79.0,1,corporate auto,two-door car,407.440238
fm37864,california,f,bachelor,3571.82831,74931.0,89.0,0,personal auto,two-door car,230.84972
il23615,oregon,m,college,3350.244285,74770.0,86.0,0,personal auto,four-door car,412.8
fz44411,arizona,m,bachelor,2716.190293,0.0,95.0,5,corporate auto,four-door car,619.267164
je32215,california,f,bachelor,38887.9034,44299.0,107.0,0,personal auto,two-door car,180.085807
fq88964,arizona,m,college,2272.447229,0.0,71.0,1,personal auto,two-door car,390.498822
ww22291,california,m,master,2849.252467,63326.0,72.0,0,personal auto,four-door car,361.564021
ev39637,oregon,f,high school or below,5328.320299,0.0,73.0,0,personal auto,four-door car,794.445585
tg36139,california,f,high school or below,4679.977728,21720.0,128.0,0,corporate auto,suv,837.905079
xn25550,oregon,m,college,5345.201117,55571.0,135.0,0,personal auto,suv,904.813121
ng94966,california,m,college,2437.084486,34759.0,61.0,0,personal auto,four-door car,302.353842
ad28349,arizona,m,high school or below,4637.544647,0.0,68.0,0,personal auto,four-door car,352.130674
vz56705,oregon,m,bachelor,8804.584902,38638.0,74.0,0,personal auto,four-door car,355.2
tq82322,california,f,bachelor,2438.689804,80927.0,62.0,0,personal auto,two-door car,211.660971
cb77819,california,m,high school or below,4736.34799,0.0,65.0,0,personal auto,two-door car,585.454243
vg68427,arizona,m,high school or below,5608.155723,81914.0,70.0,0,corporate auto,four-door car,198.75466
wo42164,oregon,m,high school or below,6465.223746,0.0,92.0,0,personal auto,four-door car,662.4
nl87371,oregon,m,bachelor,2435.245577,0.0,72.0,0,personal auto,two-door car,345.6
qw24080,oregon,f,college,2111.993329,0.0,74.0,4,personal auto,four-door car,369.822544
zl53118,arizona,m,high school or below,2347.591802,0.0,69.0,1,personal auto,four-door car,757.89114
gt19025,oregon,f,bachelor,3636.561567,25407.0,98.0,0,personal auto,four-door car,284.239719
vn44400,california,f,college,5692.684466,86073.0,70.0,0,personal auto,two-door car,291.587866
jf45126,nevada,m,bachelor,4041.241758,23818.0,104.0,1,personal auto,suv,499.2
sw94040,oregon,f,college,7756.174223,21326.0,99.0,0,personal auto,four-door car,632.765462
xi36396,california,m,bachelor,3151.16213,18486.0,86.0,0,personal auto,four-door car,412.8
cl38926,oregon,m,bachelor,7198.415033,10458.0,102.0,0,corporate auto,suv,489.6
cu10179,california,f,college,5263.921634,82528.0,131.0,0,personal auto,luxury,258.036918
bk57087,california,f,college,4347.159852,38223.0,112.0,2,personal auto,suv,537.6
lf94282,nevada,m,bachelor,2884.636779,63438.0,72.0,0,personal auto,two-door car,36.732923
bo46265,oregon,m,college,6906.201903,13432.0,92.0,0,personal auto,four-door car,610.567945
vj45879,california,m,bachelor,4450.220503,26848.0,114.0,0,personal auto,two-door car,100.557495
fr12423,oregon,m,bachelor,24127.50402,14072.0,71.0,0,personal auto,four-door car,511.2
iy87065,california,f,bachelor,5246.278375,28909.0,66.0,0,corporate auto,two-door car,456.702735
lr49944,nevada,f,doctor,2744.73543,35159.0,68.0,0,personal auto,two-door car,150.501033
lu40443,oregon,m,master,5543.802692,64255.0,70.0,0,personal auto,four-door car,193.86537
hn54181,california,f,college,6013.038073,0.0,84.0,0,personal auto,four-door car,604.8
gc52187,nevada,f,college,3650.576237,88842.0,90.0,0,personal auto,two-door car,350.75997
fh22095,california,m,college,2520.818611,39377.0,64.0,0,corporate auto,two-door car,307.2
ky55245,california,m,high school or below,5169.49937,12430.0,73.0,0,personal auto,four-door car,350.4
st43920,arizona,f,doctor,2395.57,21986.0,63.0,0,personal auto,two-door car,333.696228
gg84614,oregon,f,high school or below,3031.587812,27435.0,76.0,0,personal auto,two-door car,455.545318
jw94491,california,m,college,11790.49617,25251.0,66.0,0,personal auto,four-door car,316.8
ew51866,arizona,f,college,6755.076276,29881.0,85.0,0,personal auto,four-door car,17.92017
ku13616,california,f,bachelor,11315.20373,11885.0,101.0,0,personal auto,four-door car,484.8
cb15842,california,m,high school or below,8207.702516,40420.0,104.0,0,special auto,suv,499.2
rn66968,california,m,high school or below,5332.615013,74837.0,66.0,0,personal auto,four-door car,376.502488
iq30108,oregon,m,high school or below,3087.432549,67591.0,77.0,0,special auto,four-door car,198.080417
vb23257,oregon,m,bachelor,4652.595489,47590.0,119.0,0,special auto,suv,121.327914
cv13878,california,f,high school or below,2489.751297,75474.0,62.0,0,personal auto,two-door car,297.6
fd14790,oregon,m,bachelor,18196.63824,57177.0,92.0,0,personal auto,four-door car,441.6
vz61940,nevada,f,doctor,2668.731444,52344.0,66.0,0,personal auto,four-door car,182.607687
px66705,california,f,high school or below,8257.014532,20072.0,70.0,0,personal auto,four-door car,487.814322
xg66314,california,m,college,12465.92416,33604.0,105.0,0,personal auto,suv,357.618596
zm40672,oregon,f,master,6743.126791,0.0,61.0,0,corporate auto,two-door car,292.8
vf21523,nevada,f,high school or below,2883.165412,37741.0,74.0,0,corporate auto,two-door car,355.2
om50417,arizona,f,bachelor,29973.41592,48471.0,83.0,1,personal auto,four-door car,208.904212
so54368,oregon,m,college,4686.469674,58089.0,118.0,0,personal auto,suv,566.4
xz62430,arizona,m,bachelor,6057.07208,27681.0,83.0,0,personal auto,two-door car,398.4
rz51338,arizona,m,bachelor,6895.309989,28992.0,74.0,4,personal auto,four-door car,355.2
nv13794,nevada,f,high school or below,9549.113813,55986.0,119.0,0,personal auto,suv,388.506303
jb23570,california,m,college,10593.59462,94042.0,132.0,0,corporate auto,suv,633.6
mh24522,california,m,college,7735.465528,0.0,101.0,0,personal auto,luxury,563.284331
td78032,washington,m,high school or below,2306.427813,0.0,67.0,0,corporate auto,four-door car,482.4
ww41496,nevada,f,bachelor,31234.89323,70164.0,88.0,0,personal auto,two-door car,375.401079
if32545,nevada,f,master,5096.673223,22886.0,65.0,0,corporate auto,four-door car,312.0
hf72557,washington,m,bachelor,3226.790317,19948.0,89.0,0,personal auto,four-door car,427.2
md41042,arizona,f,college,5896.536531,39293.0,74.0,0,personal auto,two-door car,352.740946
up31333,washington,m,college,13869.92705,28432.0,118.0,0,corporate auto,suv,612.300581
uc35517,oregon,m,college,18532.40504,0.0,70.0,0,corporate auto,four-door car,504.0
hs89788,arizona,f,high school or below,7716.439345,0.0,107.0,0,personal auto,luxury,1166.754216
sg82836,oregon,m,high school or below,6439.779016,47412.0,81.0,0,personal auto,two-door car,421.824276
vm50666,california,m,doctor,9718.463569,0.0,65.0,0,special auto,four-door car,312.0
md70513,washington,m,college,12759.27844,68351.0,107.0,0,personal auto,suv,725.339771
yx96463,oregon,f,bachelor,5926.980962,58733.0,74.0,0,corporate auto,four-door car,355.2
lh38387,nevada,f,bachelor,11389.94398,58187.0,95.0,0,personal auto,two-door car,76.73348
by59578,california,m,college,3497.483075,63189.0,88.0,0,personal auto,four-door car,569.124597
rn12107,oregon,f,high school or below,9476.901955,0.0,254.0,0,corporate auto,luxury,1828.8
mz84108,arizona,m,bachelor,9853.773193,44006.0,130.0,0,personal auto,luxury,494.664784
jg68387,nevada,f,bachelor,8099.40027,60932.0,101.0,0,corporate auto,suv,484.8
aq94108,oregon,f,college,8507.832473,56704.0,71.0,0,corporate auto,four-door car,84.715044
ne85389,oregon,f,high school or below,23903.68234,0.0,74.0,1,personal auto,four-door car,355.2
jq35849,california,m,high school or below,5360.557066,24254.0,68.0,0,personal auto,four-door car,326.4
qu93024,california,m,bachelor,29706.78459,0.0,128.0,0,personal auto,suv,1345.317161
eq90867,oregon,m,college,5431.213625,57125.0,68.0,0,corporate auto,four-door car,326.4
pg67485,nevada,m,high school or below,9048.983447,0.0,119.0,0,personal auto,luxury,571.2
ox62244,california,m,bachelor,4359.74197,0.0,64.0,0,personal auto,four-door car,307.2
mw98508,oregon,f,college,2889.087654,72075.0,73.0,2,special auto,four-door car,22.569825
mm50888,arizona,f,high school or below,3056.217296,34317.0,78.0,2,personal auto,two-door car,263.592181
qz19741,oregon,f,college,13815.7802,96745.0,179.0,5,personal auto,suv,859.2
et10831,oregon,m,college,5116.727579,95427.0,65.0,0,personal auto,four-door car,442.808018
ol72669,arizona,m,bachelor,10033.28281,0.0,146.0,0,corporate auto,suv,1404.845849
bm46418,nevada,m,college,2772.835753,30606.0,71.0,0,personal auto,two-door car,253.04739
vd78722,oregon,m,college,2647.519741,37876.0,69.0,0,personal auto,four-door car,300.056383
fl69981,california,f,bachelor,4038.864803,0.0,110.0,0,personal auto,suv,528.0
eg10175,california,f,master,7781.89849,57474.0,97.0,0,personal auto,two-door car,280.037716
ws60888,california,m,bachelor,16473.16905,22828.0,106.0,0,personal auto,suv,508.8
lm58227,oregon,f,high school or below,5285.314179,65096.0,67.0,3,personal auto,four-door car,321.6
ik49861,oregon,m,bachelor,3107.588649,0.0,88.0,0,personal auto,two-door car,87.135752
rm87465,arizona,m,high school or below,5780.182197,51066.0,74.0,0,personal auto,four-door car,787.993313
by75330,california,m,bachelor,26939.51419,96866.0,113.0,1,personal auto,suv,377.385724
cf41619,nevada,m,college,2329.459058,20934.0,61.0,1,personal auto,four-door car,292.8
zz54454,nevada,m,master,4589.940596,32510.0,119.0,0,personal auto,two-door car,571.2
cu84967,california,f,high school or below,4428.031583,58577.0,110.0,0,personal auto,suv,303.872752
ur56056,oregon,m,bachelor,10881.77039,73268.0,137.0,0,personal auto,suv,41.139806
vn30344,california,m,college,5412.696604,0.0,80.0,0,personal auto,four-door car,576.0
ye67531,oregon,m,high school or below,8382.630118,19683.0,117.0,1,personal auto,luxury,561.6
ew67348,nevada,f,college,4834.710493,38713.0,66.0,4,personal auto,four-door car,316.8
pd69398,washington,m,college,21710.27538,62370.0,94.0,2,corporate auto,four-door car,32.00761
yt43943,california,f,high school or below,2430.870824,28476.0,62.0,0,personal auto,four-door car,297.6
on74557,california,m,bachelor,14651.6153,74915.0,122.0,0,personal auto,suv,393.151377
jl52508,oregon,m,doctor,5073.282126,57709.0,125.0,0,personal auto,suv,600.0
ui62725,oregon,m,bachelor,5520.476175,94676.0,69.0,0,corporate auto,four-door car,331.2
lo75919,arizona,m,bachelor,6008.184526,43543.0,76.0,0,personal auto,two-door car,339.255348
sm62247,nevada,f,high school or below,24543.19862,68297.0,212.0,3,corporate auto,luxury,1272.487601
af20716,oregon,m,bachelor,2429.374554,74241.0,61.0,0,personal auto,two-door car,138.588291
lq22609,arizona,f,college,3452.029549,61385.0,86.0,0,personal auto,four-door car,199.299449
zp80265,oregon,m,bachelor,4109.310394,0.0,62.0,0,personal auto,two-door car,446.4
bo87401,nevada,f,college,8714.922135,0.0,118.0,0,personal auto,suv,566.4
sx20211,oregon,m,college,8110.305608,52548.0,101.0,0,personal auto,four-door car,587.504777
ek61334,california,f,bachelor,3669.83263,0.0,95.0,0,personal auto,four-door car,429.657692
qj49871,oregon,m,college,3893.305281,26605.0,100.0,0,personal auto,suv,933.330936
oo65445,oregon,f,bachelor,2496.476385,0.0,67.0,0,personal auto,four-door car,181.335364
wp55297,washington,m,bachelor,4629.970602,0.0,70.0,0,personal auto,four-door car,754.945216
wy12393,washington,f,high school or below,17684.65456,82667.0,64.0,1,special auto,two-door car,307.2
jf32940,oregon,f,bachelor,15663.65604,31789.0,130.0,0,personal auto,suv,316.418786
wx84274,oregon,f,bachelor,4940.124252,0.0,71.0,0,corporate auto,four-door car,551.569883
cw85845,california,f,high school or below,2754.461855,25151.0,69.0,0,corporate auto,four-door car,318.040989
io57824,arizona,m,bachelor,2953.797658,0.0,87.0,2,personal auto,four-door car,414.190987
ax86552,california,m,college,6198.793072,24053.0,87.0,1,personal auto,four-door car,624.532492
lm84078,oregon,m,college,12176.00621,0.0,117.0,0,personal auto,suv,1373.258272
gg87344,oregon,f,college,4035.009284,55407.0,101.0,1,personal auto,suv,275.341953
la35379,oregon,f,master,2954.387586,62461.0,73.0,0,personal auto,four-door car,129.267408
ez43738,california,f,bachelor,5204.64616,29406.0,68.0,0,personal auto,four-door car,326.4
df49110,oregon,m,doctor,8100.243093,89420.0,67.0,0,personal auto,four-door car,212.455137
il32727,california,f,high school or below,4443.631711,0.0,121.0,0,personal auto,suv,644.269611
qv55524,washington,m,college,7503.367741,52464.0,95.0,0,personal auto,four-door car,515.930856
eb55390,oregon,f,master,2548.509175,43731.0,64.0,2,special auto,four-door car,162.461078
kb54415,arizona,m,high school or below,2473.368225,13449.0,68.0,0,personal auto,four-door car,326.4
pg14554,arizona,m,bachelor,32777.30467,0.0,115.0,0,personal auto,suv,552.0
qi63521,nevada,m,high school or below,19228.46362,0.0,187.0,0,personal auto,luxury,897.6
dc85335,oregon,m,college,4538.117454,49821.0,61.0,4,personal auto,four-door car,333.308611
sr26762,california,f,bachelor,7663.514373,34837.0,63.0,0,personal auto,four-door car,72.828431
uh86550,oregon,f,college,4177.288153,44222.0,104.0,0,personal auto,four-door car,413.196371
on72594,california,f,master,11776.00378,58881.0,97.0,0,personal auto,four-door car,354.885018
le28486,oregon,f,college,3996.772165,46210.0,100.0,0,personal auto,suv,46.315771
ej86526,oregon,f,bachelor,5490.775023,49480.0,70.0,1,corporate auto,four-door car,72.686545
dq92905,arizona,m,bachelor,12989.81806,0.0,65.0,0,personal auto,four-door car,312.0
jl25091,california,m,bachelor,4599.759229,79284.0,117.0,1,special auto,four-door car,156.452827
hp42153,washington,f,high school or below,2351.878675,12928.0,64.0,0,personal auto,four-door car,307.2
oq27893,oregon,m,high school or below,2903.242245,20510.0,74.0,0,personal auto,two-door car,355.2
pb31909,california,m,college,3807.528493,0.0,115.0,0,corporate auto,four-door car,828.0
al43715,nevada,m,master,8310.704732,67541.0,104.0,0,personal auto,four-door car,203.886869
ya70612,oregon,m,bachelor,8962.795984,97924.0,74.0,0,personal auto,two-door car,355.2
lo37570,arizona,m,high school or below,12157.5413,40432.0,77.0,0,personal auto,four-door car,369.6
xc83045,nevada,m,bachelor,16460.07754,16869.0,222.0,0,personal auto,luxury,1065.6
nc47038,arizona,m,high school or below,8788.532018,91171.0,110.0,0,personal auto,suv,771.39748
ds31990,oregon,m,high school or below,5093.479191,0.0,71.0,0,personal auto,two-door car,150.878447
cr99369,arizona,m,high school or below,5377.90796,34528.0,69.0,2,corporate auto,four-door car,183.602763
re68901,washington,f,college,5635.746396,20303.0,71.0,0,corporate auto,four-door car,340.8
vq97965,oregon,f,bachelor,3514.212939,73643.0,89.0,0,corporate auto,four-door car,147.486454
zk83518,california,m,college,4386.277558,10621.0,67.0,0,personal auto,four-door car,321.6
ej77557,california,m,high school or below,7294.5816,76407.0,91.0,0,personal auto,four-door car,436.8
qj62033,arizona,m,high school or below,2415.063816,0.0,71.0,0,personal auto,four-door car,511.2
oh23652,oregon,f,bachelor,4693.751128,26607.0,122.0,0,personal auto,suv,585.6
ne51159,oregon,m,college,7481.825592,61783.0,94.0,0,personal auto,four-door car,658.125874
gu56606,nevada,m,bachelor,5953.352957,20283.0,77.0,0,personal auto,two-door car,369.6
hr28499,california,m,bachelor,3890.964154,43578.0,98.0,0,personal auto,two-door car,105.662175
vk92827,california,m,bachelor,5352.218989,93606.0,67.0,0,personal auto,four-door car,321.6
dz85842,california,m,high school or below,8105.81483,17920.0,72.0,0,personal auto,four-door car,424.375364
hx87528,california,m,college,3509.968806,51800.0,92.0,0,personal auto,four-door car,299.452532
fj57446,oregon,f,college,8434.119038,27694.0,108.0,0,personal auto,suv,741.850171
gu91528,oregon,f,high school or below,4254.620669,11904.0,61.0,2,personal auto,two-door car,292.8
lr92373,nevada,f,bachelor,2839.945741,53444.0,72.0,1,personal auto,four-door car,315.703929
lc90366,nevada,m,bachelor,16473.16905,22828.0,106.0,0,personal auto,suv,508.8
ui36597,oregon,m,bachelor,31706.9251,50719.0,131.0,0,personal auto,suv,870.626907
md33155,california,m,college,2580.849899,46900.0,66.0,0,corporate auto,four-door car,316.8
mb20764,oregon,m,high school or below,17622.1332,0.0,252.0,0,corporate auto,luxury,1814.4
ja76884,california,m,master,14435.67365,60880.0,119.0,0,personal auto,two-door car,109.906628
bq32117,california,m,doctor,12731.95161,40870.0,105.0,0,personal auto,suv,504.0
zm45168,oregon,m,college,2398.354197,14321.0,65.0,0,personal auto,four-door car,423.823547
be25221,arizona,m,high school or below,6182.618843,20072.0,82.0,0,corporate auto,four-door car,473.266879
ii92123,oregon,m,high school or below,9431.376818,77365.0,79.0,0,personal auto,two-door car,2.823303
pn35535,california,f,college,4651.28429,98475.0,115.0,0,personal auto,suv,552.0
ei17022,washington,m,bachelor,12168.74492,14973.0,115.0,0,corporate auto,suv,828.0
oh41318,washington,m,master,26122.12998,83385.0,131.0,2,personal auto,suv,704.337157
er52041,california,m,college,3237.305187,0.0,90.0,0,personal auto,four-door car,659.435886
py57181,oregon,m,college,9416.474669,0.0,86.0,1,personal auto,four-door car,412.8
cy12922,arizona,m,college,2506.360995,0.0,73.0,0,personal auto,four-door car,525.6
yv85096,oregon,f,bachelor,5272.005079,98110.0,65.0,0,corporate auto,four-door car,176.287711
dg34434,california,f,bachelor,5246.278375,28909.0,66.0,0,corporate auto,two-door car,456.702735
dl14445,california,f,college,10611.56172,0.0,96.0,0,personal auto,four-door car,949.953253
ql80621,oregon,f,bachelor,2249.874803,0.0,62.0,0,personal auto,four-door car,297.6
ny57065,california,m,bachelor,2816.756002,42937.0,71.0,0,corporate auto,two-door car,251.779842
eo17010,california,m,master,4751.280948,30887.0,119.0,0,personal auto,suv,444.167713
lc47479,oregon,m,college,28622.31443,35442.0,239.0,0,personal auto,luxury,1147.2
gb92679,nevada,f,high school or below,8421.516848,95139.0,103.0,0,personal auto,four-door car,34.023132
vq78876,oregon,f,bachelor,4660.399573,89834.0,116.0,0,corporate auto,suv,43.15595
yq24856,california,m,bachelor,6843.848971,0.0,66.0,0,corporate auto,two-door car,478.509797
xv11038,california,f,college,9223.987144,18814.0,122.0,0,personal auto,luxury,585.6
mg88768,california,m,college,4938.72766,82733.0,62.0,0,corporate auto,four-door car,72.101019
rn36393,california,f,high school or below,15114.40241,28513.0,100.0,1,personal auto,suv,480.0
bu59722,washington,m,high school or below,5037.953998,0.0,68.0,1,personal auto,four-door car,326.4
jd86991,oregon,m,bachelor,5097.318657,67233.0,63.0,0,personal auto,two-door car,246.693624
qm60216,oregon,m,college,8906.991433,58718.0,226.0,0,personal auto,luxury,1084.8
nj43658,california,m,master,22721.47396,21724.0,198.0,0,corporate auto,luxury,1505.230405
gl34504,california,f,high school or below,9095.15235,65103.0,115.0,4,personal auto,four-door car,552.0
yx51934,california,f,high school or below,4898.957331,55071.0,61.0,0,personal auto,four-door car,231.516063
fo83170,california,m,doctor,2916.380797,85817.0,72.0,0,personal auto,four-door car,154.987759
jw33458,california,f,master,5729.855012,92254.0,70.0,0,corporate auto,four-door car,245.593225
jp10227,california,m,college,12280.76661,88340.0,102.0,0,corporate auto,two-door car,489.6
hx90683,california,f,college,2472.469209,63860.0,62.0,0,personal auto,four-door car,208.598246
uc19334,california,f,high school or below,4698.345864,26411.0,126.0,1,corporate auto,suv,604.8
ed61615,california,m,high school or below,7950.178237,26189.0,69.0,0,personal auto,four-door car,331.2
cb78049,california,m,college,3299.339339,66114.0,92.0,4,personal auto,four-door car,178.842061
os70004,california,m,college,7506.779365,49561.0,193.0,0,personal auto,suv,926.4
sm67119,california,f,college,7123.694599,16139.0,62.0,0,personal auto,four-door car,297.6
ro77709,california,m,high school or below,8008.095994,63775.0,100.0,0,corporate auto,suv,462.753151
qt27514,california,f,bachelor,5318.89664,25134.0,67.0,0,personal auto,four-door car,321.6
zt53375,california,m,bachelor,5483.89085,87777.0,68.0,0,personal auto,two-door car,257.708912
lb35863,california,f,bachelor,7244.497284,0.0,103.0,0,personal auto,suv,494.4
jl95389,california,f,bachelor,15558.44195,62922.0,194.0,0,corporate auto,luxury,1121.633645
mf30956,california,m,college,8945.689398,83761.0,112.0,0,corporate auto,suv,270.227547
fd36230,california,f,high school or below,8441.667084,50801.0,72.0,3,personal auto,four-door car,43.419028
oe75629,california,m,college,2798.834343,48675.0,71.0,1,corporate auto,four-door car,340.8
vv97308,california,m,high school or below,7522.900704,55916.0,63.0,0,personal auto,four-door car,302.4
lu17507,california,f,bachelor,39033.08248,0.0,180.0,0,personal auto,luxury,864.0
tw11115,california,f,high school or below,2594.7935,30064.0,65.0,0,personal auto,two-door car,296.852419
nd42562,california,m,high school or below,8991.124186,0.0,127.0,0,personal auto,luxury,1176.285998
fz29605,california,m,college,2332.095228,0.0,67.0,0,corporate auto,four-door car,482.4
sc30127,california,f,doctor,9244.351881,12081.0,82.0,0,personal auto,two-door car,548.064933
hi26883,california,m,bachelor,6290.699249,0.0,95.0,0,personal auto,two-door car,684.0
ew15755,california,f,master,9880.097141,62326.0,122.0,0,personal auto,suv,96.00936
gh48839,california,m,college,11790.49617,25251.0,66.0,0,corporate auto,four-door car,316.8
ix46908,california,f,college,5477.206072,21289.0,71.0,0,corporate auto,four-door car,340.8
oo89057,california,f,master,4014.332715,54054.0,99.0,0,personal auto,four-door car,5.661684
lx95134,california,f,college,3674.56826,84814.0,90.0,0,corporate auto,four-door car,512.816507
cx89767,california,f,high school or below,4714.044733,46097.0,61.0,4,personal auto,four-door car,197.074966
di45039,california,f,college,2754.143877,58705.0,69.0,0,personal auto,two-door car,48.956424
ai14767,california,f,high school or below,40688.53442,37455.0,114.0,0,personal auto,suv,547.2
oj38536,california,f,doctor,4563.859434,62010.0,112.0,0,personal auto,suv,537.6
ti90592,california,m,college,7430.347681,61568.0,93.0,0,corporate auto,four-door car,240.818954
un63889,california,m,bachelor,2644.983484,90443.0,66.0,0,personal auto,two-door car,235.174197
fz94690,california,m,high school or below,26220.03266,24743.0,84.0,0,personal auto,four-door car,1008.03551
tl60066,california,f,high school or below,2397.036098,22283.0,65.0,0,personal auto,four-door car,572.072106
ol61964,california,m,bachelor,5207.680496,74627.0,65.0,0,corporate auto,four-door car,176.735323
dn77617,california,f,college,5907.078117,47306.0,74.0,0,corporate auto,four-door car,97.723235
bv12771,california,m,college,27420.81318,0.0,112.0,0,personal auto,suv,537.6
na14154,california,m,bachelor,5044.857229,59292.0,64.0,0,corporate auto,two-door car,218.491318
zo54248,california,f,high school or below,3090.13236,23970.0,77.0,0,personal auto,four-door car,43.959921
cw13886,california,m,college,8514.394994,48428.0,72.0,1,personal auto,four-door car,223.728018
tt63451,california,f,high school or below,20925.89544,44342.0,74.0,0,personal auto,four-door car,355.2
ow54561,california,m,college,3515.456573,0.0,103.0,2,personal auto,luxury,741.6
ee34821,california,f,bachelor,17666.56543,0.0,74.0,0,corporate auto,two-door car,355.2
zb85648,california,f,college,30313.30977,67117.0,85.0,0,personal auto,two-door car,329.423177
ie57921,california,f,bachelor,4726.869327,13037.0,124.0,0,personal auto,suv,839.348464
oy47486,california,m,college,5284.509533,71960.0,67.0,0,personal auto,two-door car,151.495249
lv51815,california,f,high school or below,2990.330995,73137.0,74.0,1,corporate auto,four-door car,227.797105
vu99672,california,m,college,3548.071725,0.0,96.0,0,corporate auto,four-door car,446.122702
sn69015,california,m,college,6371.320461,23797.0,81.0,0,personal auto,four-door car,388.8
uo54843,california,m,bachelor,5372.351967,70286.0,67.0,0,corporate auto,four-door car,130.143497
es34753,california,f,master,5165.202368,12904.0,132.0,0,personal auto,suv,633.6
ke91683,california,f,high school or below,8264.747863,42045.0,103.0,0,personal auto,suv,40.839965
yu23754,california,f,master,5193.770572,24948.0,65.0,0,personal auto,four-door car,280.352767
as77287,california,m,college,8099.571213,25452.0,107.0,0,personal auto,luxury,954.688499
pd36660,california,f,high school or below,8845.073706,95850.0,109.0,0,corporate auto,luxury,328.502498
bq20851,california,m,master,8295.977271,73556.0,104.0,0,personal auto,suv,497.684017
pw91494,california,f,high school or below,9344.431622,0.0,64.0,1,personal auto,two-door car,307.2
nz83890,california,f,high school or below,5081.741976,0.0,69.0,0,personal auto,two-door car,93.697638
qv24282,california,f,bachelor,5363.531017,43879.0,69.0,0,corporate auto,four-door car,242.133552
yf67162,california,f,high school or below,2429.600516,23941.0,61.0,0,corporate auto,four-door car,292.8
ye20366,california,m,bachelor,7183.071115,14390.0,65.0,0,personal auto,four-door car,402.778867
pn77420,california,m,college,5376.88732,30039.0,70.0,0,corporate auto,four-door car,498.612632
cf26207,california,m,college,7019.177186,26806.0,63.0,0,personal auto,four-door car,302.4
wh24638,california,f,college,7079.170237,24450.0,90.0,0,personal auto,four-door car,250.959093
yq16427,california,f,high school or below,2415.83485,0.0,64.0,0,personal auto,four-door car,360.217299
az90068,california,m,college,8193.160528,89219.0,73.0,4,personal auto,four-door car,350.4
pl59209,california,f,college,6952.651187,0.0,73.0,3,corporate auto,four-door car,525.6
vk93542,california,m,high school or below,7465.980556,0.0,109.0,0,personal auto,suv,784.8
ne70589,california,m,college,13220.80421,29504.0,117.0,0,personal auto,suv,809.039071
at52647,california,f,high school or below,4014.9185,0.0,113.0,0,personal auto,suv,1305.275432
cw38361,california,m,bachelor,8744.727173,61706.0,110.0,0,corporate auto,suv,223.905524
bz92811,california,f,high school or below,5948.98896,88122.0,148.0,0,corporate auto,suv,840.231575
on68006,california,f,bachelor,5520.149969,26129.0,70.0,0,personal auto,four-door car,419.187114
vg58889,california,f,bachelor,5040.775434,22350.0,66.0,0,corporate auto,two-door car,316.8
mi42935,california,f,bachelor,5654.593045,0.0,83.0,0,personal auto,four-door car,597.6
os21957,california,f,high school or below,8896.500265,26201.0,112.0,0,personal auto,suv,168.901895
jg21385,california,m,bachelor,8715.945469,0.0,84.0,0,personal auto,four-door car,604.8
ct62892,california,f,bachelor,7868.808884,0.0,107.0,0,personal auto,suv,513.6
ie97795,california,m,high school or below,6878.008403,39020.0,87.0,0,corporate auto,four-door car,485.01384
dm59629,california,f,bachelor,6411.675304,47606.0,81.0,0,personal auto,two-door car,388.8
sh48087,california,f,college,10144.3094,27231.0,88.0,0,personal auto,four-door car,422.4
wg93963,california,f,college,8575.961719,39946.0,218.0,0,personal auto,luxury,1046.4
oq88395,california,m,college,4510.542608,84300.0,111.0,0,corporate auto,suv,202.22495
xh46220,california,f,college,3746.751625,41479.0,94.0,1,corporate auto,two-door car,19.575683
bk61065,california,m,master,5479.555081,56005.0,68.0,1,personal auto,four-door car,326.4
ud87700,california,m,high school or below,7164.011997,0.0,108.0,0,corporate auto,suv,1260.456194
co19402,california,f,bachelor,13265.51039,99617.0,109.0,0,personal auto,suv,74.934678
kj29915,california,f,bachelor,5246.278375,28909.0,66.0,0,personal auto,two-door car,456.702735
jx52708,california,m,bachelor,4556.068318,25617.0,63.0,0,personal auto,two-door car,302.4
ot42923,california,m,high school or below,2751.250209,86788.0,70.0,0,personal auto,four-door car,336.0
dl34364,california,m,high school or below,2914.09461,28523.0,77.0,0,corporate auto,four-door car,369.6
wx16610,california,f,bachelor,5824.767025,38492.0,72.0,0,personal auto,four-door car,207.901654
nh76558,california,f,high school or below,5755.18214,97657.0,71.0,0,personal auto,two-door car,107.325235
sq14756,california,m,master,2424.690776,49008.0,61.0,1,personal auto,four-door car,292.8
ep64069,california,f,bachelor,5138.244998,72264.0,64.0,0,corporate auto,four-door car,272.649844
is63817,california,m,college,6047.02516,20396.0,76.0,1,corporate auto,four-door car,364.8
uc83161,california,f,high school or below,6106.468745,60234.0,152.0,0,personal auto,suv,136.217066
dl45122,california,m,bachelor,3329.887725,75556.0,84.0,0,corporate auto,four-door car,498.927007
kb90953,california,f,bachelor,40132.01135,98710.0,123.0,0,personal auto,luxury,587.391029
ex72956,california,f,bachelor,5095.365993,69461.0,64.0,0,personal auto,two-door car,101.417253
yn15016,california,m,high school or below,4471.747876,0.0,68.0,2,personal auto,four-door car,489.6
gw56797,california,m,high school or below,8773.507548,0.0,87.0,0,personal auto,four-door car,626.4
qr57842,california,f,college,10351.37265,73895.0,129.0,0,corporate auto,suv,825.416826
tb53616,california,m,high school or below,10408.96865,20228.0,101.0,1,personal auto,suv,523.815839
jn10602,california,f,master,8201.330033,81785.0,67.0,0,personal auto,four-door car,321.6
vi94769,california,f,bachelor,2248.449633,24910.0,63.0,1,personal auto,four-door car,347.857619
bq60673,california,m,bachelor,5205.024842,32946.0,66.0,0,corporate auto,two-door car,316.8
jk68578,california,f,high school or below,15306.13396,83868.0,189.0,0,corporate auto,luxury,134.836237
oi39449,california,f,college,8002.308333,0.0,107.0,0,personal auto,suv,513.6
nj29981,california,m,high school or below,4553.185557,0.0,124.0,0,corporate auto,suv,714.494746
zo16199,california,f,high school or below,5354.365535,17099.0,69.0,0,personal auto,four-door car,331.2
hb12866,california,f,high school or below,7449.855125,0.0,206.0,0,personal auto,luxury,1483.2
dq19344,california,m,college,3112.049841,33046.0,79.0,0,personal auto,four-door car,181.538354
gh35369,california,m,college,4386.277558,10621.0,67.0,0,personal auto,four-door car,321.6
qr26617,california,m,bachelor,4865.848218,21498.0,63.0,0,corporate auto,four-door car,302.4
qz34525,california,m,bachelor,6993.380588,0.0,66.0,0,personal auto,four-door car,439.701118
iu62399,california,f,bachelor,5860.48309,36889.0,74.0,1,personal auto,four-door car,192.186026
oh23893,california,f,bachelor,9115.57169,69588.0,114.0,0,personal auto,suv,173.080024
zx83542,california,m,master,5300.686394,26585.0,69.0,0,corporate auto,four-door car,308.651195
co16841,california,f,bachelor,3630.269217,0.0,101.0,0,corporate auto,suv,727.2
mv81355,california,m,high school or below,8819.018934,99845.0,110.0,1,personal auto,suv,528.0
hu22390,california,m,college,5389.499465,66429.0,136.0,0,corporate auto,luxury,57.712985
ys74016,california,m,bachelor,3123.080994,0.0,101.0,4,personal auto,suv,960.115399
pu33703,california,f,college,2435.321545,43721.0,61.0,0,personal auto,four-door car,292.8
pj59176,california,m,high school or below,8754.233404,51209.0,109.0,0,personal auto,suv,39.49793
ml68781,california,f,college,2628.563096,84498.0,65.0,0,personal auto,four-door car,255.210049
ji93499,california,m,high school or below,6669.184698,0.0,65.0,1,corporate auto,four-door car,312.0
ny90858,california,m,college,6765.800532,59034.0,85.0,0,personal auto,four-door car,378.75258
iz76711,california,f,bachelor,10013.77995,0.0,135.0,0,personal auto,luxury,773.690268
bt78461,california,f,college,11288.17204,96399.0,70.0,0,personal auto,four-door car,307.89535
ps68884,california,m,college,4686.469674,58089.0,118.0,0,corporate auto,suv,566.4
ey71439,california,m,high school or below,7131.731291,0.0,103.0,0,corporate auto,luxury,741.6
to84268,california,m,master,9051.712161,60964.0,113.0,0,personal auto,four-door car,327.723713
uh93563,california,m,college,5306.162741,42871.0,67.0,0,corporate auto,four-door car,321.6
gd57363,california,m,college,5133.635886,38795.0,65.0,0,personal auto,four-door car,98.354737
lu36517,california,m,bachelor,11124.60499,0.0,112.0,0,personal auto,two-door car,806.4
do93657,california,m,master,7285.103913,57134.0,91.0,1,personal auto,two-door car,436.8
ef41225,california,f,college,14627.92807,40711.0,121.0,0,personal auto,suv,580.8
cy97519,california,m,college,17086.75371,26334.0,63.0,2,corporate auto,two-door car,453.6
fo36473,california,f,bachelor,4298.378567,31414.0,116.0,4,personal auto,suv,556.8
od66412,california,f,doctor,5018.894421,74423.0,62.0,0,personal auto,four-door car,50.800186
iw54903,california,f,college,7200.664877,0.0,66.0,0,personal auto,four-door car,316.8
rf64040,california,f,bachelor,9591.028253,0.0,128.0,0,corporate auto,suv,150.952506
cb17191,california,f,high school or below,3240.667531,30646.0,81.0,0,corporate auto,four-door car,128.57791
oi39301,california,f,high school or below,8906.50609,0.0,118.0,0,personal auto,suv,566.4
vy90611,california,f,master,2499.036551,28264.0,63.0,0,corporate auto,two-door car,364.622773
kf96171,california,f,high school or below,8167.992322,0.0,117.0,0,personal auto,two-door car,842.4
ij36435,california,f,college,5811.61185,0.0,79.0,0,personal auto,four-door car,304.550129
gx40957,california,f,college,18732.2012,70187.0,117.0,0,personal auto,luxury,632.16097
rt36566,california,f,bachelor,5260.623466,31006.0,67.0,0,personal auto,four-door car,321.6
ml38237,california,f,high school or below,8869.631143,0.0,119.0,0,corporate auto,suv,571.2
rr74547,california,m,high school or below,2878.846941,0.0,85.0,0,personal auto,four-door car,612.0
pk26805,california,m,high school or below,2810.957053,20371.0,71.0,1,personal auto,four-door car,340.8
ks36311,california,f,college,2701.039719,39141.0,68.0,0,personal auto,four-door car,402.456296
zz69693,california,m,high school or below,2449.580048,0.0,69.0,0,corporate auto,four-door car,496.8
fs70572,california,m,college,9445.925985,76837.0,78.0,0,corporate auto,four-door car,23.788022
ln87823,california,f,high school or below,4414.577688,0.0,61.0,0,personal auto,four-door car,643.877067
xl81489,california,f,bachelor,6785.536334,0.0,197.0,0,corporate auto,luxury,1439.676002
nq32487,california,f,high school or below,3600.934326,25147.0,101.0,0,personal auto,suv,694.598288
xf60649,california,f,bachelor,7452.939191,0.0,106.0,0,personal auto,suv,763.2
va95584,california,m,master,12723.15311,34665.0,64.0,0,personal auto,two-door car,450.85948
fn80010,california,f,master,4312.642503,25404.0,112.0,0,personal auto,suv,578.175234
qx22025,california,f,high school or below,12148.94098,37025.0,101.0,0,corporate auto,suv,427.243803
zu63258,california,m,bachelor,3549.747466,0.0,100.0,1,personal auto,suv,480.0
ic74050,california,f,high school or below,6153.394838,23939.0,160.0,1,personal auto,suv,768.0
jx80723,california,m,college,6272.416823,76673.0,80.0,1,personal auto,four-door car,56.082107
ct50487,california,f,high school or below,2851.161121,55274.0,71.0,0,corporate auto,two-door car,484.728153
vt16570,california,f,college,6781.125672,30324.0,86.0,0,corporate auto,four-door car,143.943749
yw94562,california,f,college,4985.239225,31702.0,63.0,1,personal auto,four-door car,302.4
jg83075,california,f,college,6725.043747,0.0,95.0,0,corporate auto,four-door car,684.0
sz61563,california,m,bachelor,36632.53432,70908.0,132.0,1,personal auto,suv,521.444011
jo60130,california,m,high school or below,5838.89915,81082.0,73.0,0,personal auto,four-door car,281.295903
bg55927,california,f,college,12206.89208,17705.0,108.0,1,personal auto,two-door car,668.73901
bs53322,california,f,high school or below,14196.96535,77738.0,118.0,0,personal auto,suv,463.457352
fz13256,california,f,bachelor,2670.797821,0.0,72.0,0,corporate auto,four-door car,366.277224
cm38959,california,f,college,8033.910862,70311.0,66.0,0,personal auto,two-door car,341.395103
fs38926,california,f,bachelor,9685.542977,66022.0,239.0,0,personal auto,luxury,538.229502
en31802,california,m,high school or below,36168.34106,74140.0,101.0,2,personal auto,suv,484.8
to18404,california,f,bachelor,10453.2558,73604.0,88.0,0,corporate auto,two-door car,398.19284
vq53427,california,m,college,5406.694854,21855.0,74.0,1,corporate auto,four-door car,355.2
ot50011,california,f,master,2671.166649,23305.0,68.0,0,personal auto,four-door car,127.157137
oo96627,california,m,high school or below,3531.348165,0.0,98.0,0,corporate auto,two-door car,958.502743
bn77676,california,m,high school or below,4835.569505,0.0,71.0,0,personal auto,four-door car,511.2
jt64945,california,f,college,13422.06378,65024.0,67.0,0,personal auto,four-door car,189.869329
bo58202,california,f,bachelor,2424.224662,22590.0,67.0,0,personal auto,two-door car,85.68352
ur71715,california,m,college,2983.110414,0.0,91.0,0,personal auto,four-door car,436.8
gm84292,california,f,master,14723.40712,38401.0,92.0,0,corporate auto,four-door car,441.6
dw20514,california,m,college,8438.463783,25539.0,112.0,0,personal auto,suv,585.069825
wz45123,california,m,master,14435.67365,60880.0,119.0,0,personal auto,two-door car,109.906628
lw11571,california,m,bachelor,2690.069754,87313.0,67.0,0,personal auto,four-door car,321.6
ti48450,california,m,college,7948.544751,23916.0,68.0,0,corporate auto,two-door car,481.113765
cz62883,california,f,bachelor,11378.88711,34854.0,95.0,0,corporate auto,four-door car,456.0
by88565,california,f,college,5219.754045,48203.0,66.0,0,personal auto,four-door car,413.238845
eb61889,california,m,high school or below,9486.037005,25322.0,126.0,0,corporate auto,luxury,886.033554
gx22027,california,f,bachelor,4762.557323,16656.0,63.0,1,personal auto,two-door car,302.4
bn91755,california,f,master,4975.171042,44723.0,124.0,0,personal auto,suv,341.088276
oz89964,california,m,high school or below,4422.615495,35979.0,116.0,2,personal auto,luxury,556.8
pv62467,california,f,college,4849.697945,36413.0,61.0,0,personal auto,four-door car,153.013115
qz71100,california,m,bachelor,19237.69976,0.0,196.0,0,corporate auto,luxury,2092.523421
ua63517,california,f,doctor,8518.549119,0.0,112.0,1,personal auto,luxury,537.6
bd69478,california,m,college,5194.654884,51883.0,66.0,0,personal auto,two-door car,623.751121
gv41938,california,f,high school or below,46302.07562,0.0,151.0,1,personal auto,suv,1087.2
ua73107,california,m,bachelor,2538.62632,18608.0,71.0,0,corporate auto,four-door car,340.8
xu43725,california,f,college,14070.63897,0.0,127.0,0,corporate auto,suv,677.868206
mt78037,california,m,high school or below,2748.933734,55964.0,69.0,0,personal auto,four-door car,496.8
fh81263,california,m,high school or below,6006.211611,85510.0,74.0,0,corporate auto,four-door car,355.2
sz94413,california,m,high school or below,3286.440915,30706.0,84.0,0,personal auto,four-door car,225.654806
hi48554,california,f,high school or below,2648.350463,29587.0,69.0,0,personal auto,two-door car,331.2
yr30159,california,m,college,20936.33105,20309.0,181.0,0,personal auto,luxury,1579.854155
ev15014,california,m,bachelor,7194.233091,0.0,71.0,0,personal auto,four-door car,599.375099
bm16805,california,f,college,11435.23124,12470.0,103.0,1,corporate auto,suv,618.688651
ib60476,california,m,master,4064.107529,0.0,107.0,0,personal auto,luxury,513.6
yc63458,california,f,bachelor,5893.368906,86498.0,74.0,1,personal auto,two-door car,8.529778
vs42598,california,f,bachelor,8256.2978,62902.0,69.0,0,personal auto,two-door car,159.383042
bb65725,california,m,college,8061.198798,57293.0,102.0,0,corporate auto,luxury,347.996042
uz86963,california,f,high school or below,9333.076001,0.0,129.0,0,corporate auto,luxury,928.8
rr39300,california,f,high school or below,34243.51034,51255.0,122.0,0,personal auto,suv,421.70554
iu25994,california,m,college,31516.5084,0.0,125.0,0,corporate auto,suv,626.411563
io81315,california,f,college,2460.167359,69241.0,61.0,0,personal auto,four-door car,47.95916
jc93010,california,m,bachelor,4929.549699,25632.0,63.0,0,personal auto,two-door car,351.270869
xo56170,california,f,high school or below,2866.824929,87428.0,72.0,0,personal auto,four-door car,224.483337
qs65968,california,m,master,8429.491575,98796.0,104.0,0,personal auto,suv,499.2
pt42203,california,m,college,8052.243508,78617.0,101.0,0,corporate auto,four-door car,233.169575
sx87181,california,f,bachelor,4916.479717,0.0,65.0,0,personal auto,two-door car,312.0
re85409,california,m,high school or below,5386.969384,93893.0,67.0,0,personal auto,four-door car,98.66095
yw95322,california,m,bachelor,3508.905811,23629.0,88.0,0,personal auto,four-door car,633.6
tl39187,california,m,bachelor,6511.103163,0.0,91.0,0,corporate auto,two-door car,655.404481
xp41644,california,m,high school or below,4335.676738,30574.0,114.0,1,corporate auto,luxury,396.105473
fz89300,california,f,bachelor,3673.525732,69555.0,92.0,0,personal auto,four-door car,255.277041
ed80746,california,m,bachelor,7426.462927,19634.0,98.0,0,corporate auto,two-door car,470.4
bd35524,california,m,bachelor,2640.488905,15776.0,69.0,0,personal auto,two-door car,337.596914
ew68125,california,f,bachelor,4889.765364,46819.0,62.0,0,personal auto,four-door car,157.990123
tt86956,california,f,master,10537.40467,47950.0,65.0,0,personal auto,four-door car,301.867895
ka67497,california,f,high school or below,6385.617852,0.0,63.0,1,personal auto,two-door car,302.4
tm68292,california,f,master,4564.512659,12626.0,69.0,4,personal auto,four-door car,331.2
sc23927,california,m,high school or below,4772.943848,20993.0,133.0,0,personal auto,suv,638.4
bo92934,california,m,high school or below,10387.24599,24392.0,93.0,0,personal auto,four-door car,446.4
xr82418,california,m,bachelor,4984.618655,86305.0,62.0,0,personal auto,four-door car,80.73124
xs56253,california,m,bachelor,6600.477951,0.0,110.0,3,personal auto,luxury,1011.772647
uc34044,california,f,college,2591.749798,56701.0,65.0,0,personal auto,four-door car,333.441673
mu64306,california,m,college,8355.642928,57074.0,105.0,0,personal auto,suv,80.129332
ui33675,california,m,bachelor,5142.04553,0.0,72.0,0,personal auto,two-door car,345.6
ux24010,california,f,bachelor,5205.256308,53614.0,65.0,1,personal auto,four-door car,725.849253
gc69429,california,m,master,14816.95159,0.0,135.0,0,personal auto,suv,648.0
xa27299,california,m,bachelor,12812.43898,0.0,128.0,0,personal auto,suv,789.775123
mt39460,california,m,master,2472.227293,76441.0,62.0,0,personal auto,four-door car,294.258612
nm33351,california,f,bachelor,35186.25611,86134.0,98.0,0,corporate auto,two-door car,3.246203
ir29181,california,m,high school or below,9336.123495,45262.0,117.0,0,corporate auto,four-door car,842.4
te79454,california,f,bachelor,14980.04626,0.0,222.0,0,personal auto,luxury,1123.485329
us34108,california,f,bachelor,4773.656279,27725.0,63.0,4,personal auto,four-door car,302.4
lg45849,california,m,doctor,4698.521352,27985.0,117.0,0,personal auto,two-door car,561.6
fi25204,california,f,master,3491.26162,29673.0,92.0,2,corporate auto,two-door car,328.348506
ym24620,california,m,master,4505.842815,24790.0,113.0,0,personal auto,suv,767.242337
ug49494,california,f,high school or below,5765.502751,57846.0,73.0,1,personal auto,four-door car,481.014309
vm77872,california,m,high school or below,7685.652168,0.0,111.0,0,corporate auto,four-door car,799.2
ey49684,california,f,bachelor,2309.876793,0.0,61.0,0,personal auto,four-door car,32.454659
xb70333,california,m,high school or below,6582.286333,10738.0,109.0,4,personal auto,four-door car,852.256188
bc75105,california,m,college,2860.440918,45587.0,81.0,5,personal auto,four-door car,380.595522
br22486,california,f,college,5039.435344,82940.0,63.0,0,personal auto,four-door car,332.847984
jt27173,california,m,college,3979.282641,42633.0,101.0,0,corporate auto,suv,285.048692
at31367,california,f,college,6273.911874,18577.0,86.0,0,corporate auto,four-door car,412.8
ew17514,california,m,master,14435.67365,60880.0,119.0,0,personal auto,two-door car,109.906628
qj31447,california,m,master,19339.20282,22582.0,61.0,0,personal auto,four-door car,292.8
bc85847,california,f,bachelor,6872.043512,0.0,64.0,0,corporate auto,four-door car,585.058877
fp53421,california,m,high school or below,7613.706014,25944.0,70.0,0,personal auto,four-door car,336.0
zf54421,california,m,high school or below,6369.262355,34498.0,83.0,0,personal auto,two-door car,398.4
eg81847,california,f,high school or below,14255.23041,31027.0,124.0,1,personal auto,suv,597.578875
se21603,california,m,bachelor,2469.088506,0.0,71.0,0,corporate auto,four-door car,484.87847
ra47157,california,m,high school or below,3451.25106,45609.0,87.0,0,corporate auto,two-door car,246.515921
za45956,california,f,master,13736.1325,16181.0,181.0,0,personal auto,suv,1261.319869
pb93081,california,m,high school or below,6360.649533,41195.0,160.0,0,corporate auto,suv,323.1897
ze49470,california,f,master,4770.984146,76194.0,119.0,0,personal auto,suv,388.313599
qw72605,california,f,bachelor,10296.9965,0.0,138.0,0,personal auto,suv,666.977979
mg53211,california,f,college,3237.923545,60097.0,82.0,0,personal auto,four-door car,278.735779
yb49540,california,f,college,5254.019142,95017.0,65.0,0,personal auto,four-door car,324.99944
fy77803,california,f,high school or below,10129.50677,0.0,68.0,0,corporate auto,four-door car,326.4
kx64629,california,f,college,2228.525238,0.0,64.0,0,personal auto,four-door car,744.924331
in28584,california,f,bachelor,16501.06524,83547.0,137.0,1,personal auto,suv,75.663572
fp66891,california,m,bachelor,2178.520191,0.0,65.0,0,personal auto,four-door car,319.49223
tt97465,california,m,college,14642.14003,57561.0,62.0,1,corporate auto,four-door car,298.430234
am88377,california,f,bachelor,5049.765309,10180.0,65.0,0,corporate auto,two-door car,455.654032
ja47688,california,m,master,3544.541005,40658.0,90.0,0,personal auto,two-door car,502.873215
gp87031,california,f,college,3210.136249,23554.0,86.0,0,corporate auto,four-door car,412.8
zv43350,california,f,bachelor,4531.366283,0.0,119.0,0,personal auto,four-door car,571.2
tg37259,california,m,master,3373.869214,28989.0,85.0,0,personal auto,four-door car,408.0
km22467,california,m,bachelor,5451.802287,55898.0,69.0,0,personal auto,two-door car,441.951758
jb32090,california,f,high school or below,3045.05813,53441.0,76.0,0,personal auto,two-door car,364.8
ey78874,california,m,doctor,2715.68743,20848.0,71.0,0,corporate auto,four-door car,350.143872
zt60177,california,f,high school or below,3802.994357,0.0,108.0,0,personal auto,luxury,932.654942
rv92809,california,m,college,5498.940679,22520.0,73.0,0,personal auto,four-door car,350.4
vi69768,california,m,bachelor,23990.14738,69781.0,119.0,0,personal auto,suv,849.208601
np40205,california,m,bachelor,7901.427389,99711.0,98.0,0,corporate auto,four-door car,11.549207
lz56963,california,f,college,8596.567628,25785.0,112.0,1,corporate auto,suv,537.6
co56168,california,m,high school or below,3964.527997,62638.0,100.0,0,personal auto,suv,441.988868
hj64239,california,f,college,8262.629249,0.0,113.0,0,corporate auto,suv,813.6
wx80471,california,m,high school or below,6676.726314,56875.0,84.0,0,personal auto,two-door car,145.448401
eh51056,california,m,high school or below,2750.878284,93102.0,68.0,0,personal auto,two-door car,578.945761
dk19711,california,m,college,5495.183322,25564.0,71.0,0,personal auto,four-door car,228.515513
zj71004,california,f,bachelor,2471.278718,29918.0,62.0,0,personal auto,four-door car,108.892382
ce68841,california,f,bachelor,4128.385865,95891.0,102.0,0,corporate auto,suv,34.235959
hx41374,california,m,high school or below,15234.7459,72988.0,127.0,0,personal auto,suv,276.503559
qe13586,california,m,high school or below,6366.225775,44368.0,80.0,0,personal auto,two-door car,384.0
pa20570,california,m,bachelor,6575.451884,84146.0,82.0,0,personal auto,four-door car,464.714188
mb91424,california,m,college,7425.269244,36259.0,63.0,0,corporate auto,four-door car,302.4
qw98193,california,m,college,3924.416277,56480.0,101.0,0,corporate auto,suv,617.650751
ts53731,california,f,college,8660.838974,79674.0,107.0,0,personal auto,suv,9.275859
wk55963,california,m,college,8130.651447,61036.0,68.0,0,corporate auto,two-door car,413.25233
ce71123,california,f,bachelor,12751.27591,33235.0,110.0,0,personal auto,suv,113.804117
kk38827,california,f,master,4170.687348,29462.0,107.0,1,personal auto,suv,513.6
yh81239,california,m,high school or below,6405.738932,48131.0,82.0,0,personal auto,four-door car,393.6
md32702,california,f,bachelor,3573.291869,0.0,109.0,1,personal auto,suv,523.2
uk79109,california,m,college,9095.049868,37937.0,116.0,0,corporate auto,suv,556.8
tv37646,california,f,college,4794.116328,70012.0,119.0,0,personal auto,suv,755.19863
qs35019,california,m,master,14435.67365,60880.0,119.0,0,personal auto,two-door car,109.906628
rj62038,california,m,high school or below,8166.512251,0.0,82.0,0,personal auto,four-door car,590.4
vx94337,california,m,high school or below,8807.609658,59762.0,113.0,0,corporate auto,suv,542.4
gm54723,california,m,bachelor,9061.63365,0.0,65.0,0,corporate auto,four-door car,413.288528
et39822,california,f,bachelor,8256.2978,62902.0,69.0,0,personal auto,two-door car,159.383042
wa94988,california,f,bachelor,19327.87406,57245.0,124.0,0,corporate auto,luxury,681.577742
wz23060,california,f,bachelor,7050.972166,39040.0,174.0,0,personal auto,suv,835.2
hk84372,california,m,high school or below,2409.7007,0.0,70.0,0,personal auto,four-door car,504.0
wg28563,california,f,doctor,5519.513075,70914.0,68.0,0,personal auto,four-door car,77.695518
ke70943,california,f,college,10090.40808,97238.0,126.0,0,personal auto,suv,604.8
ld76400,california,f,bachelor,31316.61358,42522.0,132.0,0,corporate auto,suv,909.876614
dr54244,california,f,high school or below,2590.840183,0.0,67.0,0,personal auto,four-door car,321.6
fv63234,california,f,bachelor,4957.1612,0.0,67.0,0,personal auto,four-door car,321.6
iv60781,california,f,doctor,4014.453113,37384.0,99.0,0,personal auto,four-door car,475.2
ak59340,california,m,high school or below,5601.138061,42360.0,71.0,0,corporate auto,four-door car,99.509191
nf78904,california,f,bachelor,7370.61684,67871.0,61.0,0,corporate auto,four-door car,10.475529
is55638,california,f,college,15503.72309,29932.0,64.0,0,personal auto,two-door car,319.710124
rd40721,california,m,high school or below,5384.731816,0.0,78.0,0,corporate auto,four-door car,748.774773
zf70768,california,m,high school or below,4050.280057,82758.0,101.0,0,personal auto,two-door car,179.430114
fh68849,california,f,bachelor,12765.77704,0.0,117.0,0,personal auto,suv,842.4
zo42514,california,f,bachelor,9159.005771,96331.0,114.0,0,personal auto,two-door car,491.027024
fr66336,california,m,high school or below,5325.724541,0.0,73.0,0,personal auto,two-door car,496.474767
mq84363,california,m,bachelor,11072.03193,58971.0,94.0,1,corporate auto,four-door car,318.882053
uc75204,california,f,high school or below,12851.42404,0.0,186.0,0,personal auto,luxury,1339.2
wn56695,california,m,college,8607.482071,0.0,118.0,0,personal auto,four-door car,566.4
mf59279,california,m,bachelor,4222.977602,0.0,63.0,0,personal auto,two-door car,302.4
us30122,california,m,college,61134.68307,0.0,198.0,0,corporate auto,luxury,2275.265075
im15403,california,m,college,9368.27103,44980.0,81.0,0,corporate auto,two-door car,333.478333
ih18704,california,m,master,4365.256633,23566.0,112.0,0,personal auto,suv,537.6
fp27229,california,f,college,3384.468426,54603.0,86.0,0,corporate auto,four-door car,412.8
za60820,california,m,high school or below,2409.003095,0.0,67.0,0,personal auto,two-door car,482.4
wt65970,california,f,high school or below,7209.088399,0.0,99.0,0,personal auto,four-door car,715.039363
ix10511,california,m,college,3875.541141,0.0,117.0,0,personal auto,luxury,842.4
xb71208,california,f,college,2735.469265,96314.0,69.0,0,personal auto,four-door car,296.995798
qi99143,california,f,bachelor,3092.632781,31168.0,78.0,0,corporate auto,four-door car,289.386343
xq19310,california,f,high school or below,5006.609577,0.0,71.0,0,personal auto,two-door car,358.985713
hk40573,california,m,college,14382.56463,52174.0,121.0,0,personal auto,suv,403.737293
nn65590,california,f,college,2762.801339,72335.0,69.0,0,personal auto,four-door car,331.2
ng15940,california,m,high school or below,3997.476302,0.0,62.0,1,corporate auto,four-door car,552.845318
ue96503,california,m,doctor,5599.668502,0.0,73.0,0,corporate auto,four-door car,350.4
ae90216,california,m,bachelor,4974.801539,75644.0,65.0,3,personal auto,two-door car,467.803638
lj20215,california,f,high school or below,3435.649178,0.0,95.0,0,corporate auto,four-door car,679.052398
pf78020,california,m,college,5574.618901,20075.0,71.0,0,personal auto,four-door car,371.679189
iu71285,california,f,bachelor,6889.518761,33786.0,89.0,1,personal auto,two-door car,75.110004
rm93459,california,m,college,17497.52201,0.0,73.0,0,personal auto,two-door car,350.4
xv53963,california,m,high school or below,10986.22795,96721.0,138.0,1,personal auto,suv,662.4
zk71157,california,f,bachelor,5358.163394,40833.0,69.0,0,corporate auto,four-door car,294.591676
fs31523,california,f,high school or below,8532.718297,0.0,122.0,2,personal auto,suv,585.6
nh99355,california,m,high school or below,4634.730197,0.0,62.0,0,personal auto,four-door car,297.6
ez11341,california,m,college,8080.948098,85210.0,68.0,0,personal auto,two-door car,32.714226
qe52050,california,f,bachelor,5678.050167,0.0,76.0,0,corporate auto,four-door car,364.8
yt92071,california,f,master,5243.538258,44851.0,66.0,0,corporate auto,four-door car,439.762045
lo14234,california,m,high school or below,12263.10529,0.0,174.0,0,personal auto,suv,1724.234933
hh49378,california,m,master,30859.36361,69872.0,111.0,2,corporate auto,luxury,218.395525
jy66887,california,f,high school or below,16320.76716,0.0,247.0,3,personal auto,luxury,1778.4
hz39601,california,f,college,13447.37157,26708.0,122.0,0,personal auto,suv,585.6
tv35668,california,f,college,2722.210707,17576.0,71.0,0,personal auto,four-door car,398.502948
bk83393,california,f,bachelor,32317.03275,55475.0,116.0,0,personal auto,suv,412.471
zn98560,california,m,college,7896.706446,0.0,111.0,0,corporate auto,suv,190.120714
zr81759,california,m,master,2820.741005,35855.0,70.0,0,personal auto,two-door car,278.208622
sv46904,california,f,high school or below,6904.081112,0.0,98.0,0,personal auto,four-door car,1032.329445
yn69214,california,m,bachelor,7689.714281,0.0,73.0,0,personal auto,four-door car,617.705323
zi69514,california,m,college,4821.213012,63391.0,64.0,4,corporate auto,four-door car,119.587974
nl33789,california,f,bachelor,4077.501164,53093.0,103.0,0,corporate auto,suv,98.991733
lu53495,california,m,college,2888.853662,65412.0,73.0,1,personal auto,four-door car,101.753098
hn89408,california,m,college,3653.12609,0.0,107.0,0,corporate auto,four-door car,770.4
pf71940,california,f,bachelor,4836.747754,0.0,136.0,0,personal auto,suv,979.2
vj49806,california,m,college,13009.18057,0.0,61.0,0,personal auto,two-door car,380.069056
gy40926,california,m,college,2612.528734,37073.0,66.0,0,personal auto,four-door car,316.8
ii32272,california,f,high school or below,25390.54546,19359.0,129.0,0,personal auto,luxury,928.8
ng68910,california,m,high school or below,8901.055724,46814.0,113.0,0,corporate auto,suv,542.4
xk43825,california,m,college,4704.176131,0.0,68.0,1,personal auto,two-door car,326.4
la29810,california,f,college,6240.903564,68332.0,79.0,3,personal auto,four-door car,379.2
bu71528,california,m,college,8053.268897,17301.0,105.0,0,personal auto,four-door car,638.543326
om73267,california,f,high school or below,5229.445752,69545.0,65.0,0,corporate auto,four-door car,312.0
iw72280,california,f,doctor,5035.035257,37405.0,63.0,3,corporate auto,four-door car,287.556107
ph47195,california,m,bachelor,5492.388442,74271.0,136.0,0,personal auto,luxury,174.327925
ku85991,california,m,high school or below,2592.437797,72421.0,65.0,0,corporate auto,four-door car,312.0
lk49091,california,f,bachelor,3657.585449,62650.0,92.0,0,personal auto,four-door car,148.820742
ok96130,california,m,high school or below,5319.311913,37331.0,134.0,0,personal auto,suv,898.914194
mn83273,california,f,high school or below,41787.90343,46587.0,119.0,2,personal auto,four-door car,571.2
ny89701,california,f,bachelor,5977.410465,25320.0,76.0,1,personal auto,four-door car,269.065636
fl30667,california,f,college,9298.887011,22094.0,79.0,1,corporate auto,four-door car,460.889274
aw27717,california,f,high school or below,20531.64534,12503.0,92.0,0,personal auto,four-door car,120.69808
ol28568,california,m,bachelor,8725.292767,69772.0,112.0,0,personal auto,four-door car,537.6
ea52579,california,f,bachelor,7687.296987,0.0,109.0,0,personal auto,suv,523.2
wz96432,california,f,master,9150.137599,32370.0,115.0,0,corporate auto,suv,552.0
hc90344,california,f,bachelor,20370.76787,0.0,73.0,1,corporate auto,four-door car,525.6
sg59507,california,f,college,2775.671887,38222.0,71.0,0,personal auto,four-door car,166.78838
he85298,california,f,high school or below,4384.348683,32272.0,110.0,0,corporate auto,suv,6.342791
cr83581,california,m,college,7712.057483,27816.0,118.0,5,personal auto,suv,566.4
mb15338,california,m,college,11472.23701,62134.0,73.0,0,personal auto,two-door car,25.333594
yr10848,california,f,bachelor,4118.588554,69379.0,103.0,0,personal auto,two-door car,494.4
ka69047,california,m,bachelor,3450.073829,68082.0,88.0,0,personal auto,four-door car,39.579516
xe72624,california,f,high school or below,2536.885365,34653.0,64.0,0,corporate auto,four-door car,307.2
un77671,california,f,college,7330.190221,26906.0,92.0,0,personal auto,two-door car,106.528651
rn72721,california,f,high school or below,8886.296424,20903.0,117.0,0,personal auto,suv,561.6
lo94085,california,f,college,3193.156111,80580.0,81.0,2,personal auto,two-door car,41.694266
jr89623,california,f,high school or below,2698.693364,76025.0,67.0,0,corporate auto,four-door car,151.021648
vf65535,california,f,college,42937.34691,64937.0,122.0,0,corporate auto,suv,328.82872
cf95802,california,m,college,8151.719109,0.0,114.0,0,personal auto,suv,820.8
xx88364,california,m,bachelor,8622.835375,97361.0,73.0,0,corporate auto,four-door car,350.4
ck15380,california,f,high school or below,2784.911238,20814.0,72.0,0,personal auto,four-door car,288.594641
hs97983,california,f,high school or below,30647.63125,0.0,105.0,0,personal auto,four-door car,1212.054819
cc92362,california,m,bachelor,8936.370357,18141.0,116.0,0,personal auto,four-door car,722.404711
jw21133,california,m,bachelor,6480.099944,18820.0,95.0,4,personal auto,two-door car,456.0
yp72749,california,f,bachelor,2449.789611,44662.0,63.0,1,corporate auto,four-door car,165.098152
kw99972,california,f,high school or below,10524.71154,40332.0,132.0,2,personal auto,luxury,463.604317
nw62233,california,m,master,5314.958536,66467.0,66.0,0,personal auto,two-door car,294.705573
hj62427,california,f,college,3522.480373,90804.0,87.0,0,personal auto,four-door car,169.386126
ta31436,california,f,bachelor,8132.702789,36737.0,102.0,0,corporate auto,luxury,512.861063
zk67670,california,f,master,31758.35391,44207.0,99.0,0,corporate auto,four-door car,407.638917
qk82654,california,m,college,19849.73509,0.0,286.0,0,personal auto,luxury,2059.2
gy43856,california,f,college,4349.30875,75648.0,108.0,0,corporate auto,suv,112.660916
ba87216,california,m,college,20878.41013,50555.0,88.0,0,personal auto,four-door car,422.4
oh83983,california,m,doctor,3528.044252,31278.0,92.0,4,personal auto,two-door car,441.6
zu83252,california,f,master,8703.727127,61897.0,72.0,0,personal auto,four-door car,3.406136
dn92191,california,m,master,8383.677045,68717.0,70.0,0,personal auto,four-door car,810.907059
xr74007,california,f,bachelor,3540.206231,62863.0,88.0,0,corporate auto,four-door car,94.507735
gb32334,california,f,college,5379.482798,24702.0,68.0,0,personal auto,four-door car,214.91451
qw59726,california,f,master,2944.780529,87274.0,73.0,1,personal auto,four-door car,350.4
xo43812,california,m,master,8028.179882,56482.0,199.0,0,personal auto,luxury,955.2
ui75273,california,f,high school or below,7522.068229,47727.0,94.0,0,corporate auto,two-door car,451.2
mr76405,california,f,college,9470.063102,46530.0,80.0,1,corporate auto,four-door car,118.556928
vf65251,california,m,college,6674.177684,0.0,189.0,0,personal auto,luxury,1737.320276
gh31245,california,f,high school or below,12694.88894,73274.0,105.0,0,corporate auto,suv,284.211516
uw20734,california,f,college,3590.693623,82918.0,89.0,0,personal auto,two-door car,29.828668
kk61203,california,m,high school or below,3934.099422,20920.0,103.0,0,personal auto,four-door car,494.4
uq54273,california,m,college,11790.49617,25251.0,66.0,0,personal auto,four-door car,316.8
pv48046,california,m,master,5267.760257,39722.0,133.0,0,personal auto,suv,638.4
qw21219,california,f,high school or below,16468.22079,0.0,63.0,0,corporate auto,four-door car,685.12694
pr80703,california,f,bachelor,5745.95924,51335.0,71.0,0,personal auto,four-door car,171.685669
oi44122,california,m,bachelor,8845.185533,45600.0,113.0,0,personal auto,suv,617.936885
ym44855,california,f,master,6570.970605,52951.0,167.0,1,personal auto,suv,289.77269
cs35098,california,m,college,10212.01913,93920.0,84.0,0,corporate auto,four-door car,213.027868
vv57998,california,m,bachelor,2556.674379,0.0,71.0,0,corporate auto,four-door car,340.8
zc17826,california,m,bachelor,15552.39651,0.0,64.0,0,personal auto,four-door car,307.2
wd85096,california,f,master,4904.462754,27593.0,63.0,0,corporate auto,two-door car,241.232198
lz57827,california,m,bachelor,13931.35067,37695.0,118.0,0,personal auto,suv,352.311743
cv70978,california,m,bachelor,7756.437921,97592.0,65.0,0,personal auto,four-door car,312.0
gq42004,california,m,college,11232.9821,0.0,74.0,0,personal auto,four-door car,355.2
av93209,california,f,high school or below,12487.58095,31283.0,104.0,0,personal auto,four-door car,499.2
bv27017,california,f,college,17602.51146,0.0,161.0,1,corporate auto,suv,772.8
vu71619,california,m,bachelor,13277.08425,96402.0,110.0,0,personal auto,suv,379.897943
fm12425,california,m,college,19337.90103,26488.0,247.0,0,personal auto,luxury,1321.584957
dy27031,california,m,high school or below,4448.564599,0.0,70.0,3,personal auto,four-door car,432.835989
ue75424,california,m,doctor,10732.50747,75728.0,133.0,0,corporate auto,suv,44.159065
mu67498,california,f,college,7200.664877,0.0,66.0,0,corporate auto,four-door car,316.8
ix32007,california,m,bachelor,2864.820306,0.0,109.0,4,personal auto,suv,1145.746845
df86803,california,m,high school or below,5308.434428,0.0,73.0,0,corporate auto,four-door car,525.6
js10224,california,f,college,18321.24471,76726.0,65.0,0,personal auto,four-door car,10.36741
ha93483,california,f,bachelor,4319.145955,11811.0,110.0,0,personal auto,luxury,808.618307
ww80551,california,m,high school or below,6556.099198,0.0,63.0,0,personal auto,four-door car,453.6
wi89701,california,f,college,5705.899103,0.0,74.0,0,personal auto,two-door car,432.4081
jq81164,california,f,college,6656.15047,26628.0,85.0,0,corporate auto,two-door car,408.0
ka25468,california,m,master,4905.321482,46177.0,61.0,0,personal auto,four-door car,379.075927
iw31117,california,m,doctor,5620.587184,21142.0,71.0,0,personal auto,two-door car,79.293115
mi91352,california,m,bachelor,8382.478392,25998.0,71.0,0,personal auto,four-door car,791.878042
cp93345,california,f,bachelor,2857.992725,85300.0,73.0,2,corporate auto,four-door car,319.867735
cz20440,california,f,high school or below,4291.056403,0.0,62.0,1,corporate auto,four-door car,403.991524
kz35883,california,f,college,33288.16185,91541.0,118.0,0,personal auto,four-door car,51.549119
sj30138,california,m,high school or below,4145.0234,0.0,118.0,0,corporate auto,suv,566.4
ao77635,california,f,college,4005.720666,28987.0,102.0,0,personal auto,suv,245.693546
pj36160,california,m,bachelor,16272.74322,83589.0,103.0,0,personal auto,suv,366.0396
xt41916,california,f,high school or below,5143.865361,0.0,72.0,0,personal auto,four-door car,375.204446
ea61783,california,f,bachelor,26232.85024,35868.0,110.0,0,personal auto,suv,528.0
is12075,california,f,high school or below,5100.088201,0.0,71.0,1,corporate auto,four-door car,653.726919
qv14053,california,m,high school or below,2708.019336,53807.0,68.0,0,personal auto,two-door car,63.760358
zz68210,california,m,high school or below,30745.96199,0.0,110.0,0,personal auto,four-door car,1004.755092
bt57285,california,m,high school or below,4563.872603,0.0,124.0,0,personal auto,suv,595.2
uf88512,california,m,bachelor,7442.570447,57517.0,96.0,0,corporate auto,four-door car,460.8
ri76399,california,f,high school or below,17636.42483,37109.0,63.0,0,corporate auto,two-door car,302.4
oy95386,california,f,bachelor,8418.573784,0.0,115.0,0,personal auto,suv,552.0
bj58596,california,f,high school or below,2486.428407,0.0,72.0,0,corporate auto,two-door car,518.4
hv75193,california,f,master,2866.595388,26924.0,73.0,0,personal auto,four-door car,262.086021
li81655,california,m,master,6638.122296,21586.0,167.0,1,personal auto,luxury,801.6
xp61922,california,f,bachelor,2530.705137,89451.0,63.0,0,personal auto,four-door car,61.769564
ja12512,california,f,bachelor,5556.282281,97424.0,68.0,0,personal auto,two-door car,230.436256
fp20500,california,m,bachelor,6264.6336,0.0,89.0,0,corporate auto,two-door car,850.175941
ms88882,california,m,college,5639.402141,24636.0,77.0,0,personal auto,two-door car,480.925301
qh52104,california,m,master,3903.383926,0.0,104.0,0,personal auto,four-door car,499.2
bm92346,california,f,high school or below,3919.366722,66676.0,97.0,0,personal auto,four-door car,558.099357
ns23754,california,f,high school or below,2566.782278,21375.0,65.0,0,corporate auto,four-door car,312.0
zg54759,california,f,college,2837.007353,41408.0,73.0,1,corporate auto,four-door car,268.710908
li31082,california,f,bachelor,12741.84754,73054.0,106.0,1,personal auto,suv,419.365958
uy51200,california,m,college,8888.886826,77104.0,112.0,1,corporate auto,suv,436.494292
uv44323,california,f,college,4903.131185,0.0,133.0,0,personal auto,suv,638.4
to55166,california,m,bachelor,2600.002868,72766.0,65.0,0,personal auto,two-door car,91.464233
tz28073,california,m,bachelor,4341.363555,23352.0,112.0,0,personal auto,suv,537.6
uf31027,california,f,college,4298.664542,76778.0,107.0,1,personal auto,suv,500.665061
uv48386,california,m,master,2698.048753,40154.0,67.0,0,corporate auto,four-door car,360.670642
ho74982,california,f,bachelor,5382.761801,74888.0,68.0,3,personal auto,two-door car,335.936021
bd12981,california,f,college,5732.686642,39337.0,74.0,1,personal auto,four-door car,277.225868
jc18314,california,m,bachelor,7089.046071,28121.0,90.0,0,personal auto,two-door car,432.0
bp90016,california,m,master,8302.321168,78032.0,103.0,0,corporate auto,suv,323.607074
ps23376,california,f,high school or below,5671.09467,69668.0,70.0,0,corporate auto,two-door car,64.855035
lx30483,california,f,college,3371.528475,0.0,102.0,3,personal auto,suv,489.6
fq93665,california,f,high school or below,18939.50603,21911.0,67.0,0,corporate auto,four-door car,705.42264
lg73224,california,m,high school or below,2670.63599,52572.0,68.0,0,personal auto,four-door car,379.281455
wj92113,california,f,bachelor,14031.70468,91061.0,116.0,0,personal auto,four-door car,556.8
zt26848,california,m,high school or below,8314.306568,40447.0,105.0,0,personal auto,suv,377.561463
so42230,california,f,master,7126.263963,22490.0,90.0,0,personal auto,two-door car,88.765534
vb65967,california,m,bachelor,27430.14468,49331.0,138.0,0,personal auto,suv,386.258495
ed82243,california,m,college,7019.177186,26806.0,63.0,0,personal auto,four-door car,302.4
au62013,california,f,doctor,24826.89127,67572.0,102.0,0,personal auto,luxury,296.209127
tt68630,california,f,bachelor,3351.213465,90213.0,83.0,0,personal auto,two-door car,398.4
rv82726,california,m,high school or below,4437.842056,22768.0,112.0,0,personal auto,four-door car,537.6
vc11777,california,f,high school or below,5187.653993,80521.0,65.0,2,personal auto,four-door car,342.913243
hz68892,california,m,college,4584.137063,85245.0,115.0,0,personal auto,luxury,556.568103
ry44243,california,f,college,5945.616886,65602.0,73.0,0,personal auto,four-door car,61.570877
dr77989,california,m,college,4785.909313,0.0,68.0,0,personal auto,four-door car,199.23876
pu25344,california,m,bachelor,7275.894536,0.0,106.0,0,personal auto,suv,1247.79856
nc80854,california,f,college,4940.940943,0.0,71.0,0,personal auto,four-door car,511.750971
pg90331,california,m,college,18635.90451,11656.0,70.0,0,personal auto,two-door car,336.0
ti14001,california,m,college,7507.455372,60920.0,64.0,0,corporate auto,two-door car,231.201886
fp51143,california,m,college,2130.35457,0.0,62.0,0,corporate auto,two-door car,446.4
lk19630,california,f,high school or below,2907.43603,52216.0,72.0,1,personal auto,four-door car,362.026936
jk16503,california,m,high school or below,4916.405552,0.0,67.0,0,personal auto,two-door car,321.6
wg29557,california,m,master,5067.514799,74919.0,63.0,0,personal auto,four-door car,206.24435
eq96084,california,f,bachelor,7822.304151,33963.0,99.0,0,corporate auto,four-door car,222.626234
wh28633,california,m,college,2897.278535,75041.0,74.0,0,personal auto,four-door car,56.05058
kn50049,california,m,college,18882.63699,24054.0,176.0,0,personal auto,suv,1133.801271
rn48574,california,f,college,6273.911874,18577.0,86.0,0,corporate auto,four-door car,412.8
pd11073,california,f,college,7614.830065,35045.0,96.0,0,personal auto,four-door car,420.606785
fs86064,california,m,bachelor,2117.989147,0.0,64.0,0,personal auto,four-door car,426.248686
ju47573,california,f,bachelor,2290.681171,0.0,64.0,0,personal auto,four-door car,482.778155
vn59368,california,f,college,6521.368813,72608.0,82.0,3,personal auto,four-door car,393.6
ui19516,california,m,college,16909.92767,65620.0,213.0,0,corporate auto,luxury,766.322388
zv55368,california,m,high school or below,5709.358709,75650.0,71.0,0,corporate auto,four-door car,104.918485
os54451,california,m,bachelor,2627.831472,31964.0,67.0,0,personal auto,four-door car,120.060283
ip93821,california,f,high school or below,3600.934326,25147.0,101.0,0,personal auto,suv,694.598288
ar17553,california,m,master,6111.053244,22944.0,80.0,0,corporate auto,four-door car,488.272759
sm10031,california,m,master,2933.498052,0.0,78.0,0,personal auto,four-door car,398.421636
ck14803,california,m,college,4325.491222,94242.0,107.0,0,personal auto,suv,52.121929
cj35075,california,f,high school or below,4665.245047,0.0,68.0,1,personal auto,four-door car,326.4
na56063,california,m,college,43019.01278,0.0,132.0,0,corporate auto,suv,904.378268
ca62597,california,f,bachelor,7482.851041,0.0,101.0,0,corporate auto,suv,978.257137
zo23305,california,m,bachelor,4929.549699,25632.0,63.0,0,personal auto,two-door car,351.270869
ud20999,california,m,master,2537.667511,0.0,68.0,0,corporate auto,four-door car,326.4
fq66351,california,f,bachelor,5322.291688,33681.0,138.0,1,personal auto,suv,873.127345
ab69140,california,m,master,25093.57037,36007.0,70.0,0,personal auto,four-door car,336.0
ct53265,california,f,college,2656.846648,18834.0,69.0,0,personal auto,two-door car,453.895633
wn91223,california,m,master,11073.10572,82807.0,92.0,0,personal auto,four-door car,302.458432
mp48946,california,f,high school or below,2499.469914,72021.0,62.0,0,corporate auto,two-door car,50.740536
ne79174,california,m,bachelor,5386.512585,41228.0,70.0,3,personal auto,two-door car,336.0
ui77960,california,f,high school or below,6656.200678,39834.0,83.0,0,personal auto,four-door car,398.4
vd69291,california,m,college,2702.692335,22415.0,69.0,0,personal auto,four-door car,352.894843
xd54132,california,f,high school or below,2567.346739,61900.0,64.0,0,corporate auto,four-door car,307.2
at33529,california,f,doctor,2776.748342,30893.0,70.0,0,corporate auto,four-door car,85.416096
at79008,california,f,bachelor,9065.25926,40006.0,114.0,1,personal auto,two-door car,132.568435
uz14076,california,f,high school or below,32104.69957,89546.0,266.0,1,corporate auto,luxury,2452.894264
ep10645,california,m,college,18677.85248,0.0,86.0,0,personal auto,four-door car,538.649619
pw78930,california,m,bachelor,2982.196702,79523.0,74.0,0,personal auto,four-door car,132.023007
zc97968,california,m,college,2736.352663,17533.0,73.0,0,personal auto,two-door car,350.4
sf30642,california,m,high school or below,8996.774075,49706.0,113.0,0,personal auto,suv,617.515196
ah22694,california,m,doctor,5850.451386,24317.0,73.0,1,corporate auto,four-door car,350.4
sm87252,california,m,college,5843.614767,77498.0,74.0,0,personal auto,two-door car,249.151199
ma60552,california,m,bachelor,4015.400868,28088.0,102.0,0,personal auto,suv,489.6
pe51299,california,m,high school or below,10781.61334,73026.0,67.0,0,personal auto,four-door car,321.6
jr22900,california,f,college,18484.80858,36153.0,117.0,1,corporate auto,luxury,323.424189
dp19210,california,f,master,9191.733549,23823.0,115.0,0,corporate auto,luxury,567.48055
xp76338,california,m,bachelor,4711.038869,24843.0,61.0,2,personal auto,four-door car,331.325638
mw46400,california,f,high school or below,7634.855287,0.0,106.0,0,corporate auto,four-door car,763.2
fb71914,california,m,college,30205.01297,0.0,89.0,0,personal auto,four-door car,469.359715
oh15780,california,m,college,12280.76661,88340.0,102.0,0,personal auto,two-door car,489.6
qo56615,california,f,college,2980.010499,13535.0,80.0,1,personal auto,four-door car,384.0
el67979,california,m,college,17223.06591,22346.0,64.0,0,personal auto,four-door car,307.2
ow68478,california,m,high school or below,12298.6863,17101.0,113.0,0,corporate auto,suv,542.4
sf13677,california,m,high school or below,2843.149061,0.0,81.0,0,personal auto,four-door car,583.2
mp80287,california,f,college,9498.473472,0.0,90.0,0,personal auto,two-door car,432.0
uk45178,california,f,bachelor,2224.555883,0.0,67.0,1,personal auto,two-door car,482.4
jc29850,california,m,bachelor,7506.964816,0.0,67.0,1,corporate auto,two-door car,321.6
ik44574,california,m,bachelor,5608.819189,28483.0,72.0,0,corporate auto,four-door car,345.6
ke98143,california,f,master,2700.676449,89362.0,67.0,0,personal auto,four-door car,116.209568
xn28388,california,f,college,4130.382954,0.0,66.0,2,corporate auto,four-door car,523.030597
ax38728,california,m,college,2966.944264,0.0,81.0,0,personal auto,two-door car,388.8
ix18485,california,f,high school or below,9594.248898,27443.0,86.0,2,personal auto,four-door car,685.048914
kb42322,california,f,bachelor,6761.107268,70829.0,85.0,0,personal auto,four-door car,553.174109
rw54189,california,m,bachelor,5747.268347,23504.0,73.0,0,personal auto,four-door car,350.4
fv70604,california,f,bachelor,5048.512037,0.0,142.0,0,corporate auto,suv,880.435943
pc23709,california,f,bachelor,5714.562292,74905.0,72.0,0,personal auto,four-door car,167.028453
rb75458,california,m,high school or below,2230.275142,0.0,65.0,0,personal auto,four-door car,712.71287
rx14132,california,m,high school or below,7228.005386,25926.0,61.0,0,personal auto,two-door car,292.8
af36894,california,m,bachelor,4392.982538,33640.0,113.0,0,corporate auto,suv,542.4
uy32623,california,f,college,3593.12645,18213.0,96.0,1,corporate auto,four-door car,460.8
al95338,california,f,high school or below,6679.139606,0.0,91.0,0,personal auto,four-door car,655.2
wl28610,california,f,high school or below,4146.409412,0.0,116.0,1,corporate auto,suv,556.8
ac73173,california,m,bachelor,3694.647081,0.0,102.0,0,personal auto,suv,610.617285
gv76798,california,f,master,4781.821034,30361.0,119.0,1,personal auto,four-door car,373.289571
sp29219,california,m,college,3885.456401,0.0,105.0,0,personal auto,four-door car,504.0
ci30899,california,f,college,4737.411455,0.0,68.0,0,personal auto,two-door car,326.4
mi49191,california,m,bachelor,9410.670129,96060.0,117.0,0,corporate auto,four-door car,561.6
yp16210,california,f,college,5878.447428,25398.0,74.0,0,personal auto,four-door car,465.922152
co91673,california,f,bachelor,4547.321823,29031.0,61.0,2,personal auto,four-door car,292.8
cc93587,california,m,college,5926.38544,92949.0,74.0,0,personal auto,two-door car,337.305815
mx48796,california,f,bachelor,4873.672682,0.0,68.0,0,corporate auto,four-door car,356.08323
ic80537,california,m,college,2580.849899,46900.0,66.0,0,corporate auto,four-door car,316.8
aa93585,california,m,college,7083.642205,97024.0,177.0,0,personal auto,suv,686.815162
sr41132,california,f,high school or below,30104.51969,0.0,94.0,0,corporate auto,two-door car,848.737364
it11766,california,f,bachelor,4148.570285,61896.0,104.0,0,personal auto,suv,461.306722
qo68842,california,f,doctor,2518.743544,39317.0,64.0,0,personal auto,four-door car,77.695607
ry47606,california,m,bachelor,3843.965188,43987.0,96.0,0,personal auto,four-door car,460.8
cx22458,california,m,master,9075.768214,37722.0,116.0,0,personal auto,luxury,158.077504
tl44525,california,m,bachelor,2619.337376,78618.0,66.0,0,corporate auto,two-door car,225.578841
cz57208,california,f,bachelor,15245.25495,30205.0,195.0,0,personal auto,luxury,1329.957905
lm97847,california,m,college,2615.13922,57023.0,67.0,0,personal auto,four-door car,250.652309
ik96366,california,m,college,5551.398167,36918.0,76.0,3,personal auto,two-door car,364.8
sj86522,california,m,high school or below,6827.044423,0.0,102.0,0,corporate auto,suv,956.689634
uu42868,california,m,high school or below,5619.689084,0.0,153.0,0,corporate auto,suv,1027.000029
gx11087,california,f,high school or below,3907.028747,0.0,109.0,0,personal auto,suv,666.042098
jr41742,california,m,college,3622.872124,0.0,108.0,0,corporate auto,suv,1254.177129
ra89822,california,f,high school or below,34611.37896,20090.0,109.0,0,personal auto,luxury,523.2
ij25462,california,m,bachelor,2845.520933,86631.0,73.0,1,personal auto,four-door car,400.832857
zp86347,california,f,college,5500.577411,44019.0,138.0,0,personal auto,suv,165.478147
ho82823,california,f,bachelor,3358.532935,59367.0,84.0,0,personal auto,four-door car,6.880385
ea54906,california,f,high school or below,7501.661322,38874.0,94.0,0,corporate auto,four-door car,331.170924
bc64697,california,f,college,11663.98572,0.0,107.0,0,personal auto,four-door car,513.6
vv68726,california,f,high school or below,5133.397765,28647.0,69.0,0,personal auto,four-door car,331.2
qr91631,california,f,high school or below,8732.090534,51205.0,72.0,0,personal auto,two-door car,185.530076
ot56964,california,m,master,9424.256842,46897.0,118.0,0,corporate auto,suv,322.575677
yx35990,california,m,master,5479.555081,56005.0,68.0,1,corporate auto,four-door car,326.4
rn61682,california,f,bachelor,2114.738469,0.0,72.0,5,personal auto,four-door car,518.4
bb10681,california,f,college,4140.648654,0.0,123.0,2,corporate auto,suv,590.4
fh43628,california,f,college,25464.82059,13663.0,97.0,0,personal auto,four-door car,465.6
wz45103,california,f,bachelor,5678.050167,0.0,76.0,0,personal auto,four-door car,364.8
cb59349,california,m,master,16261.5855,60646.0,134.0,0,personal auto,suv,643.2
rx91025,california,m,high school or below,19872.262,0.0,185.0,0,personal auto,suv,1950.725547
ac13887,california,m,bachelor,4628.995325,0.0,67.0,0,corporate auto,two-door car,482.4
tf56202,california,m,college,5032.165498,66367.0,64.0,0,personal auto,two-door car,307.2
ym19146,california,f,college,4100.398533,47761.0,104.0,0,personal auto,four-door car,541.282007
la72316,california,m,bachelor,23405.98798,71941.0,73.0,0,personal auto,four-door car,198.234764
pk87824,california,f,college,3096.511217,21604.0,79.0,0,corporate auto,four-door car,379.2
td14365,california,m,bachelor,8163.890428,0.0,85.0,3,corporate auto,four-door car,790.784983
up19263,california,m,college,7524.442436,21941.0,96.0,0,personal auto,four-door car,691.2
y167826,california,m,college,2611.836866,0.0,77.0,0,corporate auto,two-door car,369.6
